track_id,artist_group,label,prediction,score,score_kind,fold,candidate_id,family
CH0008,ed sheeran,1,0,-0.26052519442591227,decision_margin,0,boost_anova,gradient_boosting
CH0015,doja cat,1,1,0.001780550142883888,decision_margin,0,boost_anova,gradient_boosting
CH0018,doja cat,1,0,-0.1983171642436847,decision_margin,0,boost_anova,gradient_boosting
CH0026,maroon 5,1,1,0.01053068713897604,decision_margin,0,boost_anova,gradient_boosting
CH0027,doja cat,1,0,-0.08222591578428834,decision_margin,0,boost_anova,gradient_boosting
CH0072,ed sheeran,1,0,-0.20205012801276087,decision_margin,0,boost_anova,gradient_boosting
CH0076,camila cabello,1,0,-0.14288448241522222,decision_margin,0,boost_anova,gradient_boosting
CH0087,maroon 5,1,0,-0.39306093909157247,decision_margin,0,boost_anova,gradient_boosting
CH0091,ed sheeran,1,0,-0.1484254106998963,decision_margin,0,boost_anova,gradient_boosting
CH0106,ed sheeran,1,0,-0.35452778454019923,decision_margin,0,boost_anova,gradient_boosting
CH0121,twenty one pilots,1,0,-0.18414860496083463,decision_margin,0,boost_anova,gradient_boosting
CH0124,twenty one pilots,1,1,0.25113310239665176,decision_margin,0,boost_anova,gradient_boosting
CH0139,coldplay,1,0,-0.25969378423124884,decision_margin,0,boost_anova,gradient_boosting
CH0144,coldplay,1,0,-0.14402886088375902,decision_margin,0,boost_anova,gradient_boosting
CH0146,ed sheeran,1,0,-0.2953205674602332,decision_margin,0,boost_anova,gradient_boosting
CH0148,maroon 5,1,0,-0.14365426354147318,decision_margin,0,boost_anova,gradient_boosting
CH0156,ed sheeran,1,0,-0.1340984978869343,decision_margin,0,boost_anova,gradient_boosting
CH0157,maroon 5,1,0,-0.30338100684739555,decision_margin,0,boost_anova,gradient_boosting
CH0164,ed sheeran,1,0,-0.16941525735523852,decision_margin,0,boost_anova,gradient_boosting
CH0170,maroon 5,1,0,-0.06615792026044513,decision_margin,0,boost_anova,gradient_boosting
CH0175,coldplay,1,0,-0.06351124670533805,decision_margin,0,boost_anova,gradient_boosting
CH0187,maroon 5,1,0,-0.6957621105451195,decision_margin,0,boost_anova,gradient_boosting
CH0189,maroon 5,1,0,-0.083058564729664,decision_margin,0,boost_anova,gradient_boosting
CH0191,maroon 5,1,1,0.30637079916741655,decision_margin,0,boost_anova,gradient_boosting
CH0193,ke$ha,1,0,-0.19563611692935443,decision_margin,0,boost_anova,gradient_boosting
CH0198,ed sheeran,1,0,-0.0635593998142719,decision_margin,0,boost_anova,gradient_boosting
CH0200,ne-yo,1,1,0.14762310718915228,decision_margin,0,boost_anova,gradient_boosting
CH0216,coldplay,1,0,-0.3705037618447079,decision_margin,0,boost_anova,gradient_boosting
CH0234,britney spears,1,0,-0.02825448748910252,decision_margin,0,boost_anova,gradient_boosting
CH0236,ke$ha,1,1,0.6205968568867913,decision_margin,0,boost_anova,gradient_boosting
CH0237,ke$ha,1,1,0.5877901965886593,decision_margin,0,boost_anova,gradient_boosting
CH0239,britney spears,1,1,0.4246036865978817,decision_margin,0,boost_anova,gradient_boosting
CH0242,britney spears,1,1,0.11032780549916943,decision_margin,0,boost_anova,gradient_boosting
CH0244,avril lavigne,1,1,0.5639872363471108,decision_margin,0,boost_anova,gradient_boosting
CH0252,ke$ha,1,1,0.14752517942688168,decision_margin,0,boost_anova,gradient_boosting
CH0256,ke$ha,1,0,-0.030591953891003193,decision_margin,0,boost_anova,gradient_boosting
CH0261,ke$ha,1,1,0.0657831106392415,decision_margin,0,boost_anova,gradient_boosting
CH0263,maroon 5,1,0,-0.0626758053332938,decision_margin,0,boost_anova,gradient_boosting
CH0267,britney spears,1,1,0.9981777997934405,decision_margin,0,boost_anova,gradient_boosting
CH0283,britney spears,1,0,-0.01769877660459022,decision_margin,0,boost_anova,gradient_boosting
CH0287,britney spears,1,0,-0.09252477596955219,decision_margin,0,boost_anova,gradient_boosting
CH0288,ne-yo,1,0,-0.22855500748243354,decision_margin,0,boost_anova,gradient_boosting
CH0294,coldplay,1,1,0.486601222277413,decision_margin,0,boost_anova,gradient_boosting
CH0296,ne-yo,1,0,-0.09308198212305892,decision_margin,0,boost_anova,gradient_boosting
CH0299,britney spears,1,1,0.09373620354499468,decision_margin,0,boost_anova,gradient_boosting
CH0312,ne-yo,1,0,-0.08488233617996907,decision_margin,0,boost_anova,gradient_boosting
CH0322,britney spears,1,0,-0.3870060264087916,decision_margin,0,boost_anova,gradient_boosting
CH0328,avril lavigne,1,1,0.20732992630705638,decision_margin,0,boost_anova,gradient_boosting
CH0329,maroon 5,1,0,-0.2125473525949471,decision_margin,0,boost_anova,gradient_boosting
CH0340,ne-yo,1,1,0.2261956170747474,decision_margin,0,boost_anova,gradient_boosting
CH0342,avril lavigne,1,0,-0.1420018089379889,decision_margin,0,boost_anova,gradient_boosting
CH0344,gwen stefani,1,1,0.06538117194478198,decision_margin,0,boost_anova,gradient_boosting
CH0351,ne-yo,1,1,0.028157736717264233,decision_margin,0,boost_anova,gradient_boosting
CH0354,rascal flatts,1,0,-0.1008364414714215,decision_margin,0,boost_anova,gradient_boosting
CH0359,ne-yo,1,1,0.3572880752715158,decision_margin,0,boost_anova,gradient_boosting
CH0360,rascal flatts,1,0,-0.25664089904456294,decision_margin,0,boost_anova,gradient_boosting
CH0365,ne-yo,1,1,0.25113310239665176,decision_margin,0,boost_anova,gradient_boosting
CH0370,ed sheeran,0,0,-0.3882437604369242,decision_margin,0,boost_anova,gradient_boosting
CH0386,doja cat,0,0,-0.20226226420310053,decision_margin,0,boost_anova,gradient_boosting
CH0393,doja cat,0,0,-0.03776856772708705,decision_margin,0,boost_anova,gradient_boosting
CH0394,camila cabello,0,1,0.08586557867782754,decision_margin,0,boost_anova,gradient_boosting
CH0408,ed sheeran,0,1,0.02299379873017263,decision_margin,0,boost_anova,gradient_boosting
CH0459,doja cat,0,1,0.06193524309285263,decision_margin,0,boost_anova,gradient_boosting
CH0481,camila cabello,0,0,-0.15109973688513748,decision_margin,0,boost_anova,gradient_boosting
CH0487,twenty one pilots,0,0,-0.08518303833298002,decision_margin,0,boost_anova,gradient_boosting
CH0508,rascal flatts,0,1,0.26374704115131786,decision_margin,0,boost_anova,gradient_boosting
CH0509,camila cabello,0,1,0.04554359576232609,decision_margin,0,boost_anova,gradient_boosting
CH0517,ed sheeran,0,0,-0.21643176017818685,decision_margin,0,boost_anova,gradient_boosting
CH0520,ed sheeran,0,0,-0.46509131997275477,decision_margin,0,boost_anova,gradient_boosting
CH0533,rascal flatts,0,0,-0.3705037618447079,decision_margin,0,boost_anova,gradient_boosting
CH0538,gwen stefani,0,1,0.028373439361203883,decision_margin,0,boost_anova,gradient_boosting
CH0542,gwen stefani,0,1,0.10262781842761547,decision_margin,0,boost_anova,gradient_boosting
CH0560,maroon 5,0,0,-0.3233546829403664,decision_margin,0,boost_anova,gradient_boosting
CH0565,twenty one pilots,0,0,-0.11290742316403204,decision_margin,0,boost_anova,gradient_boosting
CH0573,twenty one pilots,0,0,-0.1982590452344056,decision_margin,0,boost_anova,gradient_boosting
CH0579,gwen stefani,0,1,0.2603443509906904,decision_margin,0,boost_anova,gradient_boosting
CH0586,rascal flatts,0,1,0.14734487197061485,decision_margin,0,boost_anova,gradient_boosting
CH0587,coldplay,0,0,-0.0902214084634252,decision_margin,0,boost_anova,gradient_boosting
CH0596,britney spears,0,0,-0.20043849275279554,decision_margin,0,boost_anova,gradient_boosting
CH0605,britney spears,0,1,0.07011640566684679,decision_margin,0,boost_anova,gradient_boosting
CH0608,britney spears,0,1,0.3342099626854166,decision_margin,0,boost_anova,gradient_boosting
CH0609,avril lavigne,0,0,-0.20178782702479345,decision_margin,0,boost_anova,gradient_boosting
CH0615,ke$ha,0,1,0.07389862736253879,decision_margin,0,boost_anova,gradient_boosting
CH0617,rascal flatts,0,0,-0.1008364414714215,decision_margin,0,boost_anova,gradient_boosting
CH0626,rascal flatts,0,0,-0.1008364414714215,decision_margin,0,boost_anova,gradient_boosting
CH0631,rascal flatts,0,1,0.13642293085954033,decision_margin,0,boost_anova,gradient_boosting
CH0636,avril lavigne,0,1,0.3687831400299825,decision_margin,0,boost_anova,gradient_boosting
CH0643,britney spears,0,0,-0.054096333668588924,decision_margin,0,boost_anova,gradient_boosting
CH0648,maroon 5,0,1,0.04554359576232609,decision_margin,0,boost_anova,gradient_boosting
CH0650,avril lavigne,0,0,-0.12892233303355094,decision_margin,0,boost_anova,gradient_boosting
CH0652,rascal flatts,0,0,-0.14402886088375902,decision_margin,0,boost_anova,gradient_boosting
CH0657,rascal flatts,0,1,0.23339465649311106,decision_margin,0,boost_anova,gradient_boosting
CH0660,ne-yo,0,0,-0.0011965120405064826,decision_margin,0,boost_anova,gradient_boosting
CH0661,ne-yo,0,0,-0.41038586034111396,decision_margin,0,boost_anova,gradient_boosting
CH0664,ne-yo,0,0,-0.05142812987124475,decision_margin,0,boost_anova,gradient_boosting
CH0669,rascal flatts,0,1,0.04732820507869217,decision_margin,0,boost_anova,gradient_boosting
CH0671,avril lavigne,0,0,-0.38524640779486624,decision_margin,0,boost_anova,gradient_boosting
CH0686,rascal flatts,0,0,-0.1540545305977661,decision_margin,0,boost_anova,gradient_boosting
CH0692,rascal flatts,0,0,-0.22855500748243354,decision_margin,0,boost_anova,gradient_boosting
CH0700,rascal flatts,0,0,-0.11733870603550522,decision_margin,0,boost_anova,gradient_boosting
CH0716,britney spears,0,1,0.23804637151018138,decision_margin,0,boost_anova,gradient_boosting
CH0717,maroon 5,0,0,-0.2735493752402255,decision_margin,0,boost_anova,gradient_boosting
CH0718,ne-yo,0,1,0.25154268293033444,decision_margin,0,boost_anova,gradient_boosting
CH0720,maroon 5,0,1,0.06449757746380384,decision_margin,0,boost_anova,gradient_boosting
CH0722,britney spears,0,0,-0.0626758053332938,decision_margin,0,boost_anova,gradient_boosting
CH0724,rascal flatts,0,0,-0.028608040799575508,decision_margin,0,boost_anova,gradient_boosting
CH0728,rascal flatts,0,0,-0.1008364414714215,decision_margin,0,boost_anova,gradient_boosting
CH0730,ne-yo,0,0,-0.2787866253131718,decision_margin,0,boost_anova,gradient_boosting
CH0731,avril lavigne,0,1,0.24106457401897072,decision_margin,0,boost_anova,gradient_boosting
CH0732,gwen stefani,0,0,-0.0836291909367687,decision_margin,0,boost_anova,gradient_boosting
CH0737,rascal flatts,0,0,-0.3705037618447079,decision_margin,0,boost_anova,gradient_boosting
CH0739,rascal flatts,0,0,-0.1008364414714215,decision_margin,0,boost_anova,gradient_boosting
CH0745,rascal flatts,0,1,0.16120057518148176,decision_margin,0,boost_anova,gradient_boosting
CH0747,gwen stefani,0,1,0.03712463913434118,decision_margin,0,boost_anova,gradient_boosting
CH0748,gwen stefani,0,0,-0.19127796582528395,decision_margin,0,boost_anova,gradient_boosting
CH0751,rascal flatts,0,1,0.0023511763499885923,decision_margin,0,boost_anova,gradient_boosting
CH0008,ed sheeran,1,0,0.48440748440748443,uncalibrated_class_1_probability,0,control_dummy,dummy
CH0015,doja cat,1,0,0.48440748440748443,uncalibrated_class_1_probability,0,control_dummy,dummy
CH0018,doja cat,1,0,0.48440748440748443,uncalibrated_class_1_probability,0,control_dummy,dummy
CH0026,maroon 5,1,0,0.48440748440748443,uncalibrated_class_1_probability,0,control_dummy,dummy
CH0027,doja cat,1,0,0.48440748440748443,uncalibrated_class_1_probability,0,control_dummy,dummy
CH0072,ed sheeran,1,0,0.48440748440748443,uncalibrated_class_1_probability,0,control_dummy,dummy
CH0076,camila cabello,1,0,0.48440748440748443,uncalibrated_class_1_probability,0,control_dummy,dummy
CH0087,maroon 5,1,0,0.48440748440748443,uncalibrated_class_1_probability,0,control_dummy,dummy
CH0091,ed sheeran,1,0,0.48440748440748443,uncalibrated_class_1_probability,0,control_dummy,dummy
CH0106,ed sheeran,1,0,0.48440748440748443,uncalibrated_class_1_probability,0,control_dummy,dummy
CH0121,twenty one pilots,1,0,0.48440748440748443,uncalibrated_class_1_probability,0,control_dummy,dummy
CH0124,twenty one pilots,1,0,0.48440748440748443,uncalibrated_class_1_probability,0,control_dummy,dummy
CH0139,coldplay,1,0,0.48440748440748443,uncalibrated_class_1_probability,0,control_dummy,dummy
CH0144,coldplay,1,0,0.48440748440748443,uncalibrated_class_1_probability,0,control_dummy,dummy
CH0146,ed sheeran,1,0,0.48440748440748443,uncalibrated_class_1_probability,0,control_dummy,dummy
CH0148,maroon 5,1,0,0.48440748440748443,uncalibrated_class_1_probability,0,control_dummy,dummy
CH0156,ed sheeran,1,0,0.48440748440748443,uncalibrated_class_1_probability,0,control_dummy,dummy
CH0157,maroon 5,1,0,0.48440748440748443,uncalibrated_class_1_probability,0,control_dummy,dummy
CH0164,ed sheeran,1,0,0.48440748440748443,uncalibrated_class_1_probability,0,control_dummy,dummy
CH0170,maroon 5,1,0,0.48440748440748443,uncalibrated_class_1_probability,0,control_dummy,dummy
CH0175,coldplay,1,0,0.48440748440748443,uncalibrated_class_1_probability,0,control_dummy,dummy
CH0187,maroon 5,1,0,0.48440748440748443,uncalibrated_class_1_probability,0,control_dummy,dummy
CH0189,maroon 5,1,0,0.48440748440748443,uncalibrated_class_1_probability,0,control_dummy,dummy
CH0191,maroon 5,1,0,0.48440748440748443,uncalibrated_class_1_probability,0,control_dummy,dummy
CH0193,ke$ha,1,0,0.48440748440748443,uncalibrated_class_1_probability,0,control_dummy,dummy
CH0198,ed sheeran,1,0,0.48440748440748443,uncalibrated_class_1_probability,0,control_dummy,dummy
CH0200,ne-yo,1,0,0.48440748440748443,uncalibrated_class_1_probability,0,control_dummy,dummy
CH0216,coldplay,1,0,0.48440748440748443,uncalibrated_class_1_probability,0,control_dummy,dummy
CH0234,britney spears,1,0,0.48440748440748443,uncalibrated_class_1_probability,0,control_dummy,dummy
CH0236,ke$ha,1,0,0.48440748440748443,uncalibrated_class_1_probability,0,control_dummy,dummy
CH0237,ke$ha,1,0,0.48440748440748443,uncalibrated_class_1_probability,0,control_dummy,dummy
CH0239,britney spears,1,0,0.48440748440748443,uncalibrated_class_1_probability,0,control_dummy,dummy
CH0242,britney spears,1,0,0.48440748440748443,uncalibrated_class_1_probability,0,control_dummy,dummy
CH0244,avril lavigne,1,0,0.48440748440748443,uncalibrated_class_1_probability,0,control_dummy,dummy
CH0252,ke$ha,1,0,0.48440748440748443,uncalibrated_class_1_probability,0,control_dummy,dummy
CH0256,ke$ha,1,0,0.48440748440748443,uncalibrated_class_1_probability,0,control_dummy,dummy
CH0261,ke$ha,1,0,0.48440748440748443,uncalibrated_class_1_probability,0,control_dummy,dummy
CH0263,maroon 5,1,0,0.48440748440748443,uncalibrated_class_1_probability,0,control_dummy,dummy
CH0267,britney spears,1,0,0.48440748440748443,uncalibrated_class_1_probability,0,control_dummy,dummy
CH0283,britney spears,1,0,0.48440748440748443,uncalibrated_class_1_probability,0,control_dummy,dummy
CH0287,britney spears,1,0,0.48440748440748443,uncalibrated_class_1_probability,0,control_dummy,dummy
CH0288,ne-yo,1,0,0.48440748440748443,uncalibrated_class_1_probability,0,control_dummy,dummy
CH0294,coldplay,1,0,0.48440748440748443,uncalibrated_class_1_probability,0,control_dummy,dummy
CH0296,ne-yo,1,0,0.48440748440748443,uncalibrated_class_1_probability,0,control_dummy,dummy
CH0299,britney spears,1,0,0.48440748440748443,uncalibrated_class_1_probability,0,control_dummy,dummy
CH0312,ne-yo,1,0,0.48440748440748443,uncalibrated_class_1_probability,0,control_dummy,dummy
CH0322,britney spears,1,0,0.48440748440748443,uncalibrated_class_1_probability,0,control_dummy,dummy
CH0328,avril lavigne,1,0,0.48440748440748443,uncalibrated_class_1_probability,0,control_dummy,dummy
CH0329,maroon 5,1,0,0.48440748440748443,uncalibrated_class_1_probability,0,control_dummy,dummy
CH0340,ne-yo,1,0,0.48440748440748443,uncalibrated_class_1_probability,0,control_dummy,dummy
CH0342,avril lavigne,1,0,0.48440748440748443,uncalibrated_class_1_probability,0,control_dummy,dummy
CH0344,gwen stefani,1,0,0.48440748440748443,uncalibrated_class_1_probability,0,control_dummy,dummy
CH0351,ne-yo,1,0,0.48440748440748443,uncalibrated_class_1_probability,0,control_dummy,dummy
CH0354,rascal flatts,1,0,0.48440748440748443,uncalibrated_class_1_probability,0,control_dummy,dummy
CH0359,ne-yo,1,0,0.48440748440748443,uncalibrated_class_1_probability,0,control_dummy,dummy
CH0360,rascal flatts,1,0,0.48440748440748443,uncalibrated_class_1_probability,0,control_dummy,dummy
CH0365,ne-yo,1,0,0.48440748440748443,uncalibrated_class_1_probability,0,control_dummy,dummy
CH0370,ed sheeran,0,0,0.48440748440748443,uncalibrated_class_1_probability,0,control_dummy,dummy
CH0386,doja cat,0,0,0.48440748440748443,uncalibrated_class_1_probability,0,control_dummy,dummy
CH0393,doja cat,0,0,0.48440748440748443,uncalibrated_class_1_probability,0,control_dummy,dummy
CH0394,camila cabello,0,0,0.48440748440748443,uncalibrated_class_1_probability,0,control_dummy,dummy
CH0408,ed sheeran,0,0,0.48440748440748443,uncalibrated_class_1_probability,0,control_dummy,dummy
CH0459,doja cat,0,0,0.48440748440748443,uncalibrated_class_1_probability,0,control_dummy,dummy
CH0481,camila cabello,0,0,0.48440748440748443,uncalibrated_class_1_probability,0,control_dummy,dummy
CH0487,twenty one pilots,0,0,0.48440748440748443,uncalibrated_class_1_probability,0,control_dummy,dummy
CH0508,rascal flatts,0,0,0.48440748440748443,uncalibrated_class_1_probability,0,control_dummy,dummy
CH0509,camila cabello,0,0,0.48440748440748443,uncalibrated_class_1_probability,0,control_dummy,dummy
CH0517,ed sheeran,0,0,0.48440748440748443,uncalibrated_class_1_probability,0,control_dummy,dummy
CH0520,ed sheeran,0,0,0.48440748440748443,uncalibrated_class_1_probability,0,control_dummy,dummy
CH0533,rascal flatts,0,0,0.48440748440748443,uncalibrated_class_1_probability,0,control_dummy,dummy
CH0538,gwen stefani,0,0,0.48440748440748443,uncalibrated_class_1_probability,0,control_dummy,dummy
CH0542,gwen stefani,0,0,0.48440748440748443,uncalibrated_class_1_probability,0,control_dummy,dummy
CH0560,maroon 5,0,0,0.48440748440748443,uncalibrated_class_1_probability,0,control_dummy,dummy
CH0565,twenty one pilots,0,0,0.48440748440748443,uncalibrated_class_1_probability,0,control_dummy,dummy
CH0573,twenty one pilots,0,0,0.48440748440748443,uncalibrated_class_1_probability,0,control_dummy,dummy
CH0579,gwen stefani,0,0,0.48440748440748443,uncalibrated_class_1_probability,0,control_dummy,dummy
CH0586,rascal flatts,0,0,0.48440748440748443,uncalibrated_class_1_probability,0,control_dummy,dummy
CH0587,coldplay,0,0,0.48440748440748443,uncalibrated_class_1_probability,0,control_dummy,dummy
CH0596,britney spears,0,0,0.48440748440748443,uncalibrated_class_1_probability,0,control_dummy,dummy
CH0605,britney spears,0,0,0.48440748440748443,uncalibrated_class_1_probability,0,control_dummy,dummy
CH0608,britney spears,0,0,0.48440748440748443,uncalibrated_class_1_probability,0,control_dummy,dummy
CH0609,avril lavigne,0,0,0.48440748440748443,uncalibrated_class_1_probability,0,control_dummy,dummy
CH0615,ke$ha,0,0,0.48440748440748443,uncalibrated_class_1_probability,0,control_dummy,dummy
CH0617,rascal flatts,0,0,0.48440748440748443,uncalibrated_class_1_probability,0,control_dummy,dummy
CH0626,rascal flatts,0,0,0.48440748440748443,uncalibrated_class_1_probability,0,control_dummy,dummy
CH0631,rascal flatts,0,0,0.48440748440748443,uncalibrated_class_1_probability,0,control_dummy,dummy
CH0636,avril lavigne,0,0,0.48440748440748443,uncalibrated_class_1_probability,0,control_dummy,dummy
CH0643,britney spears,0,0,0.48440748440748443,uncalibrated_class_1_probability,0,control_dummy,dummy
CH0648,maroon 5,0,0,0.48440748440748443,uncalibrated_class_1_probability,0,control_dummy,dummy
CH0650,avril lavigne,0,0,0.48440748440748443,uncalibrated_class_1_probability,0,control_dummy,dummy
CH0652,rascal flatts,0,0,0.48440748440748443,uncalibrated_class_1_probability,0,control_dummy,dummy
CH0657,rascal flatts,0,0,0.48440748440748443,uncalibrated_class_1_probability,0,control_dummy,dummy
CH0660,ne-yo,0,0,0.48440748440748443,uncalibrated_class_1_probability,0,control_dummy,dummy
CH0661,ne-yo,0,0,0.48440748440748443,uncalibrated_class_1_probability,0,control_dummy,dummy
CH0664,ne-yo,0,0,0.48440748440748443,uncalibrated_class_1_probability,0,control_dummy,dummy
CH0669,rascal flatts,0,0,0.48440748440748443,uncalibrated_class_1_probability,0,control_dummy,dummy
CH0671,avril lavigne,0,0,0.48440748440748443,uncalibrated_class_1_probability,0,control_dummy,dummy
CH0686,rascal flatts,0,0,0.48440748440748443,uncalibrated_class_1_probability,0,control_dummy,dummy
CH0692,rascal flatts,0,0,0.48440748440748443,uncalibrated_class_1_probability,0,control_dummy,dummy
CH0700,rascal flatts,0,0,0.48440748440748443,uncalibrated_class_1_probability,0,control_dummy,dummy
CH0716,britney spears,0,0,0.48440748440748443,uncalibrated_class_1_probability,0,control_dummy,dummy
CH0717,maroon 5,0,0,0.48440748440748443,uncalibrated_class_1_probability,0,control_dummy,dummy
CH0718,ne-yo,0,0,0.48440748440748443,uncalibrated_class_1_probability,0,control_dummy,dummy
CH0720,maroon 5,0,0,0.48440748440748443,uncalibrated_class_1_probability,0,control_dummy,dummy
CH0722,britney spears,0,0,0.48440748440748443,uncalibrated_class_1_probability,0,control_dummy,dummy
CH0724,rascal flatts,0,0,0.48440748440748443,uncalibrated_class_1_probability,0,control_dummy,dummy
CH0728,rascal flatts,0,0,0.48440748440748443,uncalibrated_class_1_probability,0,control_dummy,dummy
CH0730,ne-yo,0,0,0.48440748440748443,uncalibrated_class_1_probability,0,control_dummy,dummy
CH0731,avril lavigne,0,0,0.48440748440748443,uncalibrated_class_1_probability,0,control_dummy,dummy
CH0732,gwen stefani,0,0,0.48440748440748443,uncalibrated_class_1_probability,0,control_dummy,dummy
CH0737,rascal flatts,0,0,0.48440748440748443,uncalibrated_class_1_probability,0,control_dummy,dummy
CH0739,rascal flatts,0,0,0.48440748440748443,uncalibrated_class_1_probability,0,control_dummy,dummy
CH0745,rascal flatts,0,0,0.48440748440748443,uncalibrated_class_1_probability,0,control_dummy,dummy
CH0747,gwen stefani,0,0,0.48440748440748443,uncalibrated_class_1_probability,0,control_dummy,dummy
CH0748,gwen stefani,0,0,0.48440748440748443,uncalibrated_class_1_probability,0,control_dummy,dummy
CH0751,rascal flatts,0,0,0.48440748440748443,uncalibrated_class_1_probability,0,control_dummy,dummy
CH0008,ed sheeran,1,0,0.45621117566643876,uncalibrated_class_1_probability,0,control_random_forest,random_forest
CH0015,doja cat,1,0,0.4880010185892539,uncalibrated_class_1_probability,0,control_random_forest,random_forest
CH0018,doja cat,1,0,0.3360456803430487,uncalibrated_class_1_probability,0,control_random_forest,random_forest
CH0026,maroon 5,1,0,0.4115540182040182,uncalibrated_class_1_probability,0,control_random_forest,random_forest
CH0027,doja cat,1,0,0.47253696303696324,uncalibrated_class_1_probability,0,control_random_forest,random_forest
CH0072,ed sheeran,1,0,0.4712026339673397,uncalibrated_class_1_probability,0,control_random_forest,random_forest
CH0076,camila cabello,1,0,0.39489208569208584,uncalibrated_class_1_probability,0,control_random_forest,random_forest
CH0087,maroon 5,1,1,0.5553307006718772,uncalibrated_class_1_probability,0,control_random_forest,random_forest
CH0091,ed sheeran,1,0,0.4670406998230528,uncalibrated_class_1_probability,0,control_random_forest,random_forest
CH0106,ed sheeran,1,0,0.45587846173434415,uncalibrated_class_1_probability,0,control_random_forest,random_forest
CH0121,twenty one pilots,1,0,0.4510549822726291,uncalibrated_class_1_probability,0,control_random_forest,random_forest
CH0124,twenty one pilots,1,0,0.49904897586074054,uncalibrated_class_1_probability,0,control_random_forest,random_forest
CH0139,coldplay,1,0,0.36579844044844034,uncalibrated_class_1_probability,0,control_random_forest,random_forest
CH0144,coldplay,1,1,0.5619840835634956,uncalibrated_class_1_probability,0,control_random_forest,random_forest
CH0146,ed sheeran,1,0,0.3597783477959948,uncalibrated_class_1_probability,0,control_random_forest,random_forest
CH0148,maroon 5,1,0,0.48130268424386047,uncalibrated_class_1_probability,0,control_random_forest,random_forest
CH0156,ed sheeran,1,1,0.5024354057706997,uncalibrated_class_1_probability,0,control_random_forest,random_forest
CH0157,maroon 5,1,0,0.4035381755499401,uncalibrated_class_1_probability,0,control_random_forest,random_forest
CH0164,ed sheeran,1,0,0.49407562817299644,uncalibrated_class_1_probability,0,control_random_forest,random_forest
CH0170,maroon 5,1,1,0.5458158292687706,uncalibrated_class_1_probability,0,control_random_forest,random_forest
CH0175,coldplay,1,0,0.49617289377289364,uncalibrated_class_1_probability,0,control_random_forest,random_forest
CH0187,maroon 5,1,0,0.29250663955927103,uncalibrated_class_1_probability,0,control_random_forest,random_forest
CH0189,maroon 5,1,1,0.5482635791109476,uncalibrated_class_1_probability,0,control_random_forest,random_forest
CH0191,maroon 5,1,1,0.5651715395715395,uncalibrated_class_1_probability,0,control_random_forest,random_forest
CH0193,ke$ha,1,1,0.513004861804862,uncalibrated_class_1_probability,0,control_random_forest,random_forest
CH0198,ed sheeran,1,0,0.4690452099328261,uncalibrated_class_1_probability,0,control_random_forest,random_forest
CH0200,ne-yo,1,1,0.5238214602391073,uncalibrated_class_1_probability,0,control_random_forest,random_forest
CH0216,coldplay,1,0,0.4509107413054781,uncalibrated_class_1_probability,0,control_random_forest,random_forest
CH0234,britney spears,1,0,0.46720366071836666,uncalibrated_class_1_probability,0,control_random_forest,random_forest
CH0236,ke$ha,1,1,0.6706857214680744,uncalibrated_class_1_probability,0,control_random_forest,random_forest
CH0237,ke$ha,1,1,0.6337609318785786,uncalibrated_class_1_probability,0,control_random_forest,random_forest
CH0239,britney spears,1,1,0.6181020185696654,uncalibrated_class_1_probability,0,control_random_forest,random_forest
CH0242,britney spears,1,1,0.6153597637656462,uncalibrated_class_1_probability,0,control_random_forest,random_forest
CH0244,avril lavigne,1,1,0.6058973066149538,uncalibrated_class_1_probability,0,control_random_forest,random_forest
CH0252,ke$ha,1,1,0.5697398490398491,uncalibrated_class_1_probability,0,control_random_forest,random_forest
CH0256,ke$ha,1,1,0.5835980666392432,uncalibrated_class_1_probability,0,control_random_forest,random_forest
CH0261,ke$ha,1,1,0.5724913102377497,uncalibrated_class_1_probability,0,control_random_forest,random_forest
CH0263,maroon 5,1,0,0.4581304212127742,uncalibrated_class_1_probability,0,control_random_forest,random_forest
CH0267,britney spears,1,1,0.638494816294816,uncalibrated_class_1_probability,0,control_random_forest,random_forest
CH0283,britney spears,1,1,0.5278567582744054,uncalibrated_class_1_probability,0,control_random_forest,random_forest
CH0287,britney spears,1,1,0.5497144466644467,uncalibrated_class_1_probability,0,control_random_forest,random_forest
CH0288,ne-yo,1,0,0.3988695415695416,uncalibrated_class_1_probability,0,control_random_forest,random_forest
CH0294,coldplay,1,1,0.5022334831834829,uncalibrated_class_1_probability,0,control_random_forest,random_forest
CH0296,ne-yo,1,0,0.4990940392940392,uncalibrated_class_1_probability,0,control_random_forest,random_forest
CH0299,britney spears,1,1,0.5623626869862164,uncalibrated_class_1_probability,0,control_random_forest,random_forest
CH0312,ne-yo,1,1,0.5207015595515594,uncalibrated_class_1_probability,0,control_random_forest,random_forest
CH0322,britney spears,1,1,0.5027397824397825,uncalibrated_class_1_probability,0,control_random_forest,random_forest
CH0328,avril lavigne,1,1,0.5396540642364169,uncalibrated_class_1_probability,0,control_random_forest,random_forest
CH0329,maroon 5,1,0,0.43068456747930434,uncalibrated_class_1_probability,0,control_random_forest,random_forest
CH0340,ne-yo,1,1,0.5018882992824168,uncalibrated_class_1_probability,0,control_random_forest,random_forest
CH0342,avril lavigne,1,0,0.3430842477783653,uncalibrated_class_1_probability,0,control_random_forest,random_forest
CH0344,gwen stefani,1,1,0.5545635808635808,uncalibrated_class_1_probability,0,control_random_forest,random_forest
CH0351,ne-yo,1,1,0.5398831279831279,uncalibrated_class_1_probability,0,control_random_forest,random_forest
CH0354,rascal flatts,1,0,0.4862048174048177,uncalibrated_class_1_probability,0,control_random_forest,random_forest
CH0359,ne-yo,1,1,0.5965242835595777,uncalibrated_class_1_probability,0,control_random_forest,random_forest
CH0360,rascal flatts,1,0,0.46925224775224783,uncalibrated_class_1_probability,0,control_random_forest,random_forest
CH0365,ne-yo,1,1,0.5772059551559551,uncalibrated_class_1_probability,0,control_random_forest,random_forest
CH0370,ed sheeran,0,0,0.3821004273504275,uncalibrated_class_1_probability,0,control_random_forest,random_forest
CH0386,doja cat,0,0,0.49747457444516247,uncalibrated_class_1_probability,0,control_random_forest,random_forest
CH0393,doja cat,0,1,0.5495777206453678,uncalibrated_class_1_probability,0,control_random_forest,random_forest
CH0394,camila cabello,0,1,0.5072126383420502,uncalibrated_class_1_probability,0,control_random_forest,random_forest
CH0408,ed sheeran,0,0,0.4075229897553428,uncalibrated_class_1_probability,0,control_random_forest,random_forest
CH0459,doja cat,0,0,0.4466833754480815,uncalibrated_class_1_probability,0,control_random_forest,random_forest
CH0481,camila cabello,0,0,0.34770307470307477,uncalibrated_class_1_probability,0,control_random_forest,random_forest
CH0487,twenty one pilots,0,0,0.43206663663134237,uncalibrated_class_1_probability,0,control_random_forest,random_forest
CH0508,rascal flatts,0,1,0.6160533189033192,uncalibrated_class_1_probability,0,control_random_forest,random_forest
CH0509,camila cabello,0,0,0.4657355193825783,uncalibrated_class_1_probability,0,control_random_forest,random_forest
CH0517,ed sheeran,0,0,0.49577927562633445,uncalibrated_class_1_probability,0,control_random_forest,random_forest
CH0520,ed sheeran,0,0,0.3732488670600125,uncalibrated_class_1_probability,0,control_random_forest,random_forest
CH0533,rascal flatts,0,0,0.32989581529581524,uncalibrated_class_1_probability,0,control_random_forest,random_forest
CH0538,gwen stefani,0,1,0.5475734487734486,uncalibrated_class_1_probability,0,control_random_forest,random_forest
CH0542,gwen stefani,0,0,0.4468681984681983,uncalibrated_class_1_probability,0,control_random_forest,random_forest
CH0560,maroon 5,0,0,0.4570252616664379,uncalibrated_class_1_probability,0,control_random_forest,random_forest
CH0565,twenty one pilots,0,0,0.4330937506937506,uncalibrated_class_1_probability,0,control_random_forest,random_forest
CH0573,twenty one pilots,0,0,0.4423252060804691,uncalibrated_class_1_probability,0,control_random_forest,random_forest
CH0579,gwen stefani,0,1,0.551941045796309,uncalibrated_class_1_probability,0,control_random_forest,random_forest
CH0586,rascal flatts,0,1,0.5837993117993119,uncalibrated_class_1_probability,0,control_random_forest,random_forest
CH0587,coldplay,0,0,0.4629008598384759,uncalibrated_class_1_probability,0,control_random_forest,random_forest
CH0596,britney spears,0,1,0.5609662837162835,uncalibrated_class_1_probability,0,control_random_forest,random_forest
CH0605,britney spears,0,1,0.597046442034058,uncalibrated_class_1_probability,0,control_random_forest,random_forest
CH0608,britney spears,0,1,0.6344819402819403,uncalibrated_class_1_probability,0,control_random_forest,random_forest
CH0609,avril lavigne,0,0,0.4701577478077477,uncalibrated_class_1_probability,0,control_random_forest,random_forest
CH0615,ke$ha,0,1,0.5352059607059607,uncalibrated_class_1_probability,0,control_random_forest,random_forest
CH0617,rascal flatts,0,0,0.3443433915757443,uncalibrated_class_1_probability,0,control_random_forest,random_forest
CH0626,rascal flatts,0,0,0.4199216616716616,uncalibrated_class_1_probability,0,control_random_forest,random_forest
CH0631,rascal flatts,0,1,0.5778895104895108,uncalibrated_class_1_probability,0,control_random_forest,random_forest
CH0636,avril lavigne,0,1,0.5196711732711731,uncalibrated_class_1_probability,0,control_random_forest,random_forest
CH0643,britney spears,0,0,0.4746976911976909,uncalibrated_class_1_probability,0,control_random_forest,random_forest
CH0648,maroon 5,0,1,0.5406390149066617,uncalibrated_class_1_probability,0,control_random_forest,random_forest
CH0650,avril lavigne,0,1,0.5489716822393294,uncalibrated_class_1_probability,0,control_random_forest,random_forest
CH0652,rascal flatts,0,0,0.3705583583083583,uncalibrated_class_1_probability,0,control_random_forest,random_forest
CH0657,rascal flatts,0,1,0.55758630519807,uncalibrated_class_1_probability,0,control_random_forest,random_forest
CH0660,ne-yo,0,0,0.4302797646797647,uncalibrated_class_1_probability,0,control_random_forest,random_forest
CH0661,ne-yo,0,1,0.5010197789138966,uncalibrated_class_1_probability,0,control_random_forest,random_forest
CH0664,ne-yo,0,1,0.5599630846277904,uncalibrated_class_1_probability,0,control_random_forest,random_forest
CH0669,rascal flatts,0,1,0.5492053580406522,uncalibrated_class_1_probability,0,control_random_forest,random_forest
CH0671,avril lavigne,0,0,0.439409151959152,uncalibrated_class_1_probability,0,control_random_forest,random_forest
CH0686,rascal flatts,0,0,0.46945595515595506,uncalibrated_class_1_probability,0,control_random_forest,random_forest
CH0692,rascal flatts,0,0,0.39390372111548577,uncalibrated_class_1_probability,0,control_random_forest,random_forest
CH0700,rascal flatts,0,0,0.4359569512187159,uncalibrated_class_1_probability,0,control_random_forest,random_forest
CH0716,britney spears,0,1,0.5900571928071929,uncalibrated_class_1_probability,0,control_random_forest,random_forest
CH0717,maroon 5,0,0,0.3980261516261516,uncalibrated_class_1_probability,0,control_random_forest,random_forest
CH0718,ne-yo,0,1,0.5768651903651906,uncalibrated_class_1_probability,0,control_random_forest,random_forest
CH0720,maroon 5,0,0,0.429671499089146,uncalibrated_class_1_probability,0,control_random_forest,random_forest
CH0722,britney spears,0,1,0.5257083895636525,uncalibrated_class_1_probability,0,control_random_forest,random_forest
CH0724,rascal flatts,0,0,0.4100235163529282,uncalibrated_class_1_probability,0,control_random_forest,random_forest
CH0728,rascal flatts,0,0,0.421102278114043,uncalibrated_class_1_probability,0,control_random_forest,random_forest
CH0730,ne-yo,0,0,0.47446170846697167,uncalibrated_class_1_probability,0,control_random_forest,random_forest
CH0731,avril lavigne,0,0,0.43430183150183155,uncalibrated_class_1_probability,0,control_random_forest,random_forest
CH0732,gwen stefani,0,1,0.5805921033215153,uncalibrated_class_1_probability,0,control_random_forest,random_forest
CH0737,rascal flatts,0,0,0.3232708774885245,uncalibrated_class_1_probability,0,control_random_forest,random_forest
CH0739,rascal flatts,0,0,0.4381587396263868,uncalibrated_class_1_probability,0,control_random_forest,random_forest
CH0745,rascal flatts,0,1,0.5029112831612831,uncalibrated_class_1_probability,0,control_random_forest,random_forest
CH0747,gwen stefani,0,1,0.5360799788446847,uncalibrated_class_1_probability,0,control_random_forest,random_forest
CH0748,gwen stefani,0,0,0.4155847290824071,uncalibrated_class_1_probability,0,control_random_forest,random_forest
CH0751,rascal flatts,0,0,0.41660210508445794,uncalibrated_class_1_probability,0,control_random_forest,random_forest
CH0008,ed sheeran,1,0,0.4449217248336389,uncalibrated_class_1_probability,0,extra_leaf5,extra_trees
CH0015,doja cat,1,1,0.5309847939364037,uncalibrated_class_1_probability,0,extra_leaf5,extra_trees
CH0018,doja cat,1,0,0.3623042275606267,uncalibrated_class_1_probability,0,extra_leaf5,extra_trees
CH0026,maroon 5,1,0,0.4679902501258467,uncalibrated_class_1_probability,0,extra_leaf5,extra_trees
CH0027,doja cat,1,0,0.4652348039215006,uncalibrated_class_1_probability,0,extra_leaf5,extra_trees
CH0072,ed sheeran,1,0,0.4730366932722364,uncalibrated_class_1_probability,0,extra_leaf5,extra_trees
CH0076,camila cabello,1,0,0.48303534274959514,uncalibrated_class_1_probability,0,extra_leaf5,extra_trees
CH0087,maroon 5,1,0,0.47126674475620967,uncalibrated_class_1_probability,0,extra_leaf5,extra_trees
CH0091,ed sheeran,1,0,0.46234480176018644,uncalibrated_class_1_probability,0,extra_leaf5,extra_trees
CH0106,ed sheeran,1,0,0.44810107304972646,uncalibrated_class_1_probability,0,extra_leaf5,extra_trees
CH0121,twenty one pilots,1,0,0.46864672913997124,uncalibrated_class_1_probability,0,extra_leaf5,extra_trees
CH0124,twenty one pilots,1,1,0.5484411098337038,uncalibrated_class_1_probability,0,extra_leaf5,extra_trees
CH0139,coldplay,1,0,0.3747012073348458,uncalibrated_class_1_probability,0,extra_leaf5,extra_trees
CH0144,coldplay,1,1,0.5156591488231879,uncalibrated_class_1_probability,0,extra_leaf5,extra_trees
CH0146,ed sheeran,1,0,0.3917142183286165,uncalibrated_class_1_probability,0,extra_leaf5,extra_trees
CH0148,maroon 5,1,1,0.5012367318126822,uncalibrated_class_1_probability,0,extra_leaf5,extra_trees
CH0156,ed sheeran,1,1,0.5259741246685494,uncalibrated_class_1_probability,0,extra_leaf5,extra_trees
CH0157,maroon 5,1,0,0.43802063339989167,uncalibrated_class_1_probability,0,extra_leaf5,extra_trees
CH0164,ed sheeran,1,0,0.45141019140491434,uncalibrated_class_1_probability,0,extra_leaf5,extra_trees
CH0170,maroon 5,1,0,0.4747223364356761,uncalibrated_class_1_probability,0,extra_leaf5,extra_trees
CH0175,coldplay,1,1,0.5104383069376659,uncalibrated_class_1_probability,0,extra_leaf5,extra_trees
CH0187,maroon 5,1,0,0.2993418801547165,uncalibrated_class_1_probability,0,extra_leaf5,extra_trees
CH0189,maroon 5,1,1,0.5712850761694813,uncalibrated_class_1_probability,0,extra_leaf5,extra_trees
CH0191,maroon 5,1,1,0.5969667690672231,uncalibrated_class_1_probability,0,extra_leaf5,extra_trees
CH0193,ke$ha,1,0,0.4820239538741189,uncalibrated_class_1_probability,0,extra_leaf5,extra_trees
CH0198,ed sheeran,1,0,0.43014066244054877,uncalibrated_class_1_probability,0,extra_leaf5,extra_trees
CH0200,ne-yo,1,1,0.5181606245426377,uncalibrated_class_1_probability,0,extra_leaf5,extra_trees
CH0216,coldplay,1,0,0.4881914089491694,uncalibrated_class_1_probability,0,extra_leaf5,extra_trees
CH0234,britney spears,1,1,0.5375361768425835,uncalibrated_class_1_probability,0,extra_leaf5,extra_trees
CH0236,ke$ha,1,1,0.6742282896747773,uncalibrated_class_1_probability,0,extra_leaf5,extra_trees
CH0237,ke$ha,1,1,0.6101299123474913,uncalibrated_class_1_probability,0,extra_leaf5,extra_trees
CH0239,britney spears,1,1,0.6404360175318998,uncalibrated_class_1_probability,0,extra_leaf5,extra_trees
CH0242,britney spears,1,1,0.5616698772121982,uncalibrated_class_1_probability,0,extra_leaf5,extra_trees
CH0244,avril lavigne,1,1,0.5565885610366403,uncalibrated_class_1_probability,0,extra_leaf5,extra_trees
CH0252,ke$ha,1,1,0.5915763975428143,uncalibrated_class_1_probability,0,extra_leaf5,extra_trees
CH0256,ke$ha,1,1,0.5907617186845624,uncalibrated_class_1_probability,0,extra_leaf5,extra_trees
CH0261,ke$ha,1,1,0.5781749558396175,uncalibrated_class_1_probability,0,extra_leaf5,extra_trees
CH0263,maroon 5,1,0,0.43015410032466966,uncalibrated_class_1_probability,0,extra_leaf5,extra_trees
CH0267,britney spears,1,1,0.6487921451834877,uncalibrated_class_1_probability,0,extra_leaf5,extra_trees
CH0283,britney spears,1,0,0.4806618616783301,uncalibrated_class_1_probability,0,extra_leaf5,extra_trees
CH0287,britney spears,1,1,0.5063217121379898,uncalibrated_class_1_probability,0,extra_leaf5,extra_trees
CH0288,ne-yo,1,0,0.47314489526670994,uncalibrated_class_1_probability,0,extra_leaf5,extra_trees
CH0294,coldplay,1,0,0.49460027375362975,uncalibrated_class_1_probability,0,extra_leaf5,extra_trees
CH0296,ne-yo,1,1,0.5205937868415023,uncalibrated_class_1_probability,0,extra_leaf5,extra_trees
CH0299,britney spears,1,1,0.5609281500534797,uncalibrated_class_1_probability,0,extra_leaf5,extra_trees
CH0312,ne-yo,1,1,0.5652987785251344,uncalibrated_class_1_probability,0,extra_leaf5,extra_trees
CH0322,britney spears,1,0,0.4992160848575832,uncalibrated_class_1_probability,0,extra_leaf5,extra_trees
CH0328,avril lavigne,1,1,0.5793717826592437,uncalibrated_class_1_probability,0,extra_leaf5,extra_trees
CH0329,maroon 5,1,0,0.454787058836381,uncalibrated_class_1_probability,0,extra_leaf5,extra_trees
CH0340,ne-yo,1,1,0.5319851826830589,uncalibrated_class_1_probability,0,extra_leaf5,extra_trees
CH0342,avril lavigne,1,0,0.40507116380087665,uncalibrated_class_1_probability,0,extra_leaf5,extra_trees
CH0344,gwen stefani,1,1,0.5238858508561163,uncalibrated_class_1_probability,0,extra_leaf5,extra_trees
CH0351,ne-yo,1,1,0.5644586686333151,uncalibrated_class_1_probability,0,extra_leaf5,extra_trees
CH0354,rascal flatts,1,1,0.5222517475741196,uncalibrated_class_1_probability,0,extra_leaf5,extra_trees
CH0359,ne-yo,1,1,0.5733635354643742,uncalibrated_class_1_probability,0,extra_leaf5,extra_trees
CH0360,rascal flatts,1,0,0.4955461015653994,uncalibrated_class_1_probability,0,extra_leaf5,extra_trees
CH0365,ne-yo,1,1,0.5283885695837877,uncalibrated_class_1_probability,0,extra_leaf5,extra_trees
CH0370,ed sheeran,0,0,0.4256530383187459,uncalibrated_class_1_probability,0,extra_leaf5,extra_trees
CH0386,doja cat,0,0,0.44633766324785884,uncalibrated_class_1_probability,0,extra_leaf5,extra_trees
CH0393,doja cat,0,1,0.5402650616588024,uncalibrated_class_1_probability,0,extra_leaf5,extra_trees
CH0394,camila cabello,0,1,0.5192861379696753,uncalibrated_class_1_probability,0,extra_leaf5,extra_trees
CH0408,ed sheeran,0,0,0.4576190529175242,uncalibrated_class_1_probability,0,extra_leaf5,extra_trees
CH0459,doja cat,0,0,0.4182668803564801,uncalibrated_class_1_probability,0,extra_leaf5,extra_trees
CH0481,camila cabello,0,0,0.36185533016543603,uncalibrated_class_1_probability,0,extra_leaf5,extra_trees
CH0487,twenty one pilots,0,0,0.4408535127976208,uncalibrated_class_1_probability,0,extra_leaf5,extra_trees
CH0508,rascal flatts,0,1,0.5874429435970039,uncalibrated_class_1_probability,0,extra_leaf5,extra_trees
CH0509,camila cabello,0,0,0.48945482938895435,uncalibrated_class_1_probability,0,extra_leaf5,extra_trees
CH0517,ed sheeran,0,1,0.5283626150331462,uncalibrated_class_1_probability,0,extra_leaf5,extra_trees
CH0520,ed sheeran,0,0,0.4133388682896492,uncalibrated_class_1_probability,0,extra_leaf5,extra_trees
CH0533,rascal flatts,0,0,0.3796099867165618,uncalibrated_class_1_probability,0,extra_leaf5,extra_trees
CH0538,gwen stefani,0,1,0.5676785851421363,uncalibrated_class_1_probability,0,extra_leaf5,extra_trees
CH0542,gwen stefani,0,1,0.505943328287344,uncalibrated_class_1_probability,0,extra_leaf5,extra_trees
CH0560,maroon 5,0,1,0.5140528008308805,uncalibrated_class_1_probability,0,extra_leaf5,extra_trees
CH0565,twenty one pilots,0,0,0.4061016273570852,uncalibrated_class_1_probability,0,extra_leaf5,extra_trees
CH0573,twenty one pilots,0,0,0.45688764079543964,uncalibrated_class_1_probability,0,extra_leaf5,extra_trees
CH0579,gwen stefani,0,1,0.5831516414230629,uncalibrated_class_1_probability,0,extra_leaf5,extra_trees
CH0586,rascal flatts,0,1,0.5740865318344742,uncalibrated_class_1_probability,0,extra_leaf5,extra_trees
CH0587,coldplay,0,0,0.47609246836899927,uncalibrated_class_1_probability,0,extra_leaf5,extra_trees
CH0596,britney spears,0,1,0.5488635885747626,uncalibrated_class_1_probability,0,extra_leaf5,extra_trees
CH0605,britney spears,0,1,0.5480713476072184,uncalibrated_class_1_probability,0,extra_leaf5,extra_trees
CH0608,britney spears,0,1,0.6014804470414247,uncalibrated_class_1_probability,0,extra_leaf5,extra_trees
CH0609,avril lavigne,0,1,0.5112610748203565,uncalibrated_class_1_probability,0,extra_leaf5,extra_trees
CH0615,ke$ha,0,1,0.5115574497156647,uncalibrated_class_1_probability,0,extra_leaf5,extra_trees
CH0617,rascal flatts,0,0,0.4196486209921615,uncalibrated_class_1_probability,0,extra_leaf5,extra_trees
CH0626,rascal flatts,0,0,0.46577144629443856,uncalibrated_class_1_probability,0,extra_leaf5,extra_trees
CH0631,rascal flatts,0,1,0.5427411826612609,uncalibrated_class_1_probability,0,extra_leaf5,extra_trees
CH0636,avril lavigne,0,0,0.47722496818925686,uncalibrated_class_1_probability,0,extra_leaf5,extra_trees
CH0643,britney spears,0,1,0.5148432893324991,uncalibrated_class_1_probability,0,extra_leaf5,extra_trees
CH0648,maroon 5,0,1,0.5151038039878575,uncalibrated_class_1_probability,0,extra_leaf5,extra_trees
CH0650,avril lavigne,0,1,0.5460116581782691,uncalibrated_class_1_probability,0,extra_leaf5,extra_trees
CH0652,rascal flatts,0,0,0.4170494659151166,uncalibrated_class_1_probability,0,extra_leaf5,extra_trees
CH0657,rascal flatts,0,1,0.5259970974472353,uncalibrated_class_1_probability,0,extra_leaf5,extra_trees
CH0660,ne-yo,0,0,0.4632981732603897,uncalibrated_class_1_probability,0,extra_leaf5,extra_trees
CH0661,ne-yo,0,1,0.5202024448125603,uncalibrated_class_1_probability,0,extra_leaf5,extra_trees
CH0664,ne-yo,0,1,0.5415590012455307,uncalibrated_class_1_probability,0,extra_leaf5,extra_trees
CH0669,rascal flatts,0,1,0.5433948455258942,uncalibrated_class_1_probability,0,extra_leaf5,extra_trees
CH0671,avril lavigne,0,1,0.5060053272732838,uncalibrated_class_1_probability,0,extra_leaf5,extra_trees
CH0686,rascal flatts,0,0,0.4819921201199106,uncalibrated_class_1_probability,0,extra_leaf5,extra_trees
CH0692,rascal flatts,0,0,0.4224820103600853,uncalibrated_class_1_probability,0,extra_leaf5,extra_trees
CH0700,rascal flatts,0,0,0.48385365402617286,uncalibrated_class_1_probability,0,extra_leaf5,extra_trees
CH0716,britney spears,0,1,0.5680954345319381,uncalibrated_class_1_probability,0,extra_leaf5,extra_trees
CH0717,maroon 5,0,0,0.4117109647701063,uncalibrated_class_1_probability,0,extra_leaf5,extra_trees
CH0718,ne-yo,0,1,0.5673347497928154,uncalibrated_class_1_probability,0,extra_leaf5,extra_trees
CH0720,maroon 5,0,0,0.429820371097853,uncalibrated_class_1_probability,0,extra_leaf5,extra_trees
CH0722,britney spears,0,1,0.5104464251965246,uncalibrated_class_1_probability,0,extra_leaf5,extra_trees
CH0724,rascal flatts,0,0,0.4539618156136753,uncalibrated_class_1_probability,0,extra_leaf5,extra_trees
CH0728,rascal flatts,0,0,0.4776162556964962,uncalibrated_class_1_probability,0,extra_leaf5,extra_trees
CH0730,ne-yo,0,1,0.5234769837021812,uncalibrated_class_1_probability,0,extra_leaf5,extra_trees
CH0731,avril lavigne,0,0,0.4568055043947456,uncalibrated_class_1_probability,0,extra_leaf5,extra_trees
CH0732,gwen stefani,0,1,0.5463274863696316,uncalibrated_class_1_probability,0,extra_leaf5,extra_trees
CH0737,rascal flatts,0,0,0.37287399973629504,uncalibrated_class_1_probability,0,extra_leaf5,extra_trees
CH0739,rascal flatts,0,0,0.47315945988050573,uncalibrated_class_1_probability,0,extra_leaf5,extra_trees
CH0745,rascal flatts,0,0,0.46977582756703956,uncalibrated_class_1_probability,0,extra_leaf5,extra_trees
CH0747,gwen stefani,0,1,0.527121233460915,uncalibrated_class_1_probability,0,extra_leaf5,extra_trees
CH0748,gwen stefani,0,0,0.42338902618531427,uncalibrated_class_1_probability,0,extra_leaf5,extra_trees
CH0751,rascal flatts,0,0,0.3750211791587387,uncalibrated_class_1_probability,0,extra_leaf5,extra_trees
CH0008,ed sheeran,1,0,-0.07526624760403033,decision_margin,0,linear_anova_c0p1,linear_svm
CH0015,doja cat,1,1,0.1769551834835241,decision_margin,0,linear_anova_c0p1,linear_svm
CH0018,doja cat,1,0,-1.9432606939521968,decision_margin,0,linear_anova_c0p1,linear_svm
CH0026,maroon 5,1,1,0.4559359354398971,decision_margin,0,linear_anova_c0p1,linear_svm
CH0027,doja cat,1,0,-0.9745964731921775,decision_margin,0,linear_anova_c0p1,linear_svm
CH0072,ed sheeran,1,0,-1.049830726838361,decision_margin,0,linear_anova_c0p1,linear_svm
CH0076,camila cabello,1,0,-0.49819213981727684,decision_margin,0,linear_anova_c0p1,linear_svm
CH0087,maroon 5,1,0,-1.133953867037685,decision_margin,0,linear_anova_c0p1,linear_svm
CH0091,ed sheeran,1,0,-0.6400140573912146,decision_margin,0,linear_anova_c0p1,linear_svm
CH0106,ed sheeran,1,0,-0.17964723965550816,decision_margin,0,linear_anova_c0p1,linear_svm
CH0121,twenty one pilots,1,0,-0.24693952838826894,decision_margin,0,linear_anova_c0p1,linear_svm
CH0124,twenty one pilots,1,1,0.6816158553896589,decision_margin,0,linear_anova_c0p1,linear_svm
CH0139,coldplay,1,1,0.07586224628699778,decision_margin,0,linear_anova_c0p1,linear_svm
CH0144,coldplay,1,0,-0.288361419552217,decision_margin,0,linear_anova_c0p1,linear_svm
CH0146,ed sheeran,1,0,-0.8253266837958216,decision_margin,0,linear_anova_c0p1,linear_svm
CH0148,maroon 5,1,0,-0.5432669915899063,decision_margin,0,linear_anova_c0p1,linear_svm
CH0156,ed sheeran,1,0,-1.7663882613877548,decision_margin,0,linear_anova_c0p1,linear_svm
CH0157,maroon 5,1,0,-2.2688380721095296,decision_margin,0,linear_anova_c0p1,linear_svm
CH0164,ed sheeran,1,0,-0.9221323552241133,decision_margin,0,linear_anova_c0p1,linear_svm
CH0170,maroon 5,1,1,0.08112226696523223,decision_margin,0,linear_anova_c0p1,linear_svm
CH0175,coldplay,1,0,-0.855474811700163,decision_margin,0,linear_anova_c0p1,linear_svm
CH0187,maroon 5,1,0,-2.12450497162109,decision_margin,0,linear_anova_c0p1,linear_svm
CH0189,maroon 5,1,0,-1.2134172045343417,decision_margin,0,linear_anova_c0p1,linear_svm
CH0191,maroon 5,1,1,1.5598595481016417,decision_margin,0,linear_anova_c0p1,linear_svm
CH0193,ke$ha,1,0,-0.6290369875361878,decision_margin,0,linear_anova_c0p1,linear_svm
CH0198,ed sheeran,1,0,-2.2518505353457217,decision_margin,0,linear_anova_c0p1,linear_svm
CH0200,ne-yo,1,0,-0.03614511462311874,decision_margin,0,linear_anova_c0p1,linear_svm
CH0216,coldplay,1,0,-2.062540536914661,decision_margin,0,linear_anova_c0p1,linear_svm
CH0234,britney spears,1,0,-0.1976861042672478,decision_margin,0,linear_anova_c0p1,linear_svm
CH0236,ke$ha,1,1,1.0422643433610952,decision_margin,0,linear_anova_c0p1,linear_svm
CH0237,ke$ha,1,1,3.346394083614888,decision_margin,0,linear_anova_c0p1,linear_svm
CH0239,britney spears,1,1,1.9216913186755151,decision_margin,0,linear_anova_c0p1,linear_svm
CH0242,britney spears,1,1,0.275456745849165,decision_margin,0,linear_anova_c0p1,linear_svm
CH0244,avril lavigne,1,1,1.6310850884852865,decision_margin,0,linear_anova_c0p1,linear_svm
CH0252,ke$ha,1,1,1.3045721825100947,decision_margin,0,linear_anova_c0p1,linear_svm
CH0256,ke$ha,1,1,0.4443147800738456,decision_margin,0,linear_anova_c0p1,linear_svm
CH0261,ke$ha,1,0,-0.4900526177602659,decision_margin,0,linear_anova_c0p1,linear_svm
CH0263,maroon 5,1,0,-0.6866259711485558,decision_margin,0,linear_anova_c0p1,linear_svm
CH0267,britney spears,1,1,1.2183584472424818,decision_margin,0,linear_anova_c0p1,linear_svm
CH0283,britney spears,1,1,0.2705411740174396,decision_margin,0,linear_anova_c0p1,linear_svm
CH0287,britney spears,1,1,1.370199760411369,decision_margin,0,linear_anova_c0p1,linear_svm
CH0288,ne-yo,1,0,-0.8275965687717217,decision_margin,0,linear_anova_c0p1,linear_svm
CH0294,coldplay,1,0,-0.3506895596365879,decision_margin,0,linear_anova_c0p1,linear_svm
CH0296,ne-yo,1,0,-1.2607293015178986,decision_margin,0,linear_anova_c0p1,linear_svm
CH0299,britney spears,1,1,0.5691707212169166,decision_margin,0,linear_anova_c0p1,linear_svm
CH0312,ne-yo,1,1,0.5962891442416633,decision_margin,0,linear_anova_c0p1,linear_svm
CH0322,britney spears,1,0,-0.0030469101565031576,decision_margin,0,linear_anova_c0p1,linear_svm
CH0328,avril lavigne,1,1,1.261611311048025,decision_margin,0,linear_anova_c0p1,linear_svm
CH0329,maroon 5,1,0,-0.4049532826886413,decision_margin,0,linear_anova_c0p1,linear_svm
CH0340,ne-yo,1,0,-0.5118374112966745,decision_margin,0,linear_anova_c0p1,linear_svm
CH0342,avril lavigne,1,0,-1.2586240343705792,decision_margin,0,linear_anova_c0p1,linear_svm
CH0344,gwen stefani,1,1,1.4343131078824585,decision_margin,0,linear_anova_c0p1,linear_svm
CH0351,ne-yo,1,0,-0.30801699208298683,decision_margin,0,linear_anova_c0p1,linear_svm
CH0354,rascal flatts,1,1,0.5917001695531032,decision_margin,0,linear_anova_c0p1,linear_svm
CH0359,ne-yo,1,0,-0.7109065544801345,decision_margin,0,linear_anova_c0p1,linear_svm
CH0360,rascal flatts,1,0,-0.04327725260607969,decision_margin,0,linear_anova_c0p1,linear_svm
CH0365,ne-yo,1,1,0.4749288296380819,decision_margin,0,linear_anova_c0p1,linear_svm
CH0370,ed sheeran,0,0,-1.7500361398375008,decision_margin,0,linear_anova_c0p1,linear_svm
CH0386,doja cat,0,0,-1.388400688602412,decision_margin,0,linear_anova_c0p1,linear_svm
CH0393,doja cat,0,1,1.1541048836916488,decision_margin,0,linear_anova_c0p1,linear_svm
CH0394,camila cabello,0,1,1.1828058181952987,decision_margin,0,linear_anova_c0p1,linear_svm
CH0408,ed sheeran,0,0,-0.044278040577531624,decision_margin,0,linear_anova_c0p1,linear_svm
CH0459,doja cat,0,1,0.10579388768081358,decision_margin,0,linear_anova_c0p1,linear_svm
CH0481,camila cabello,0,0,-0.10181814838607119,decision_margin,0,linear_anova_c0p1,linear_svm
CH0487,twenty one pilots,0,0,-2.621149189551204,decision_margin,0,linear_anova_c0p1,linear_svm
CH0508,rascal flatts,0,1,0.15347564900143615,decision_margin,0,linear_anova_c0p1,linear_svm
CH0509,camila cabello,0,0,-0.038275224145698325,decision_margin,0,linear_anova_c0p1,linear_svm
CH0517,ed sheeran,0,1,0.5593745215536303,decision_margin,0,linear_anova_c0p1,linear_svm
CH0520,ed sheeran,0,0,-1.3834035553164008,decision_margin,0,linear_anova_c0p1,linear_svm
CH0533,rascal flatts,0,0,-0.8883868311476255,decision_margin,0,linear_anova_c0p1,linear_svm
CH0538,gwen stefani,0,1,0.2964242010939756,decision_margin,0,linear_anova_c0p1,linear_svm
CH0542,gwen stefani,0,0,-1.0172509979484943,decision_margin,0,linear_anova_c0p1,linear_svm
CH0560,maroon 5,0,1,0.13018003602584535,decision_margin,0,linear_anova_c0p1,linear_svm
CH0565,twenty one pilots,0,0,-1.9181583299392029,decision_margin,0,linear_anova_c0p1,linear_svm
CH0573,twenty one pilots,0,0,-0.16017941700233626,decision_margin,0,linear_anova_c0p1,linear_svm
CH0579,gwen stefani,0,1,2.6149130970516676,decision_margin,0,linear_anova_c0p1,linear_svm
CH0586,rascal flatts,0,1,2.0209342214108585,decision_margin,0,linear_anova_c0p1,linear_svm
CH0587,coldplay,0,0,-1.9171581368045354,decision_margin,0,linear_anova_c0p1,linear_svm
CH0596,britney spears,0,0,-0.1942136004642463,decision_margin,0,linear_anova_c0p1,linear_svm
CH0605,britney spears,0,0,-0.3815543744795071,decision_margin,0,linear_anova_c0p1,linear_svm
CH0608,britney spears,0,1,0.9334341787818005,decision_margin,0,linear_anova_c0p1,linear_svm
CH0609,avril lavigne,0,0,-0.36544318966928724,decision_margin,0,linear_anova_c0p1,linear_svm
CH0615,ke$ha,0,0,-0.7832188582344121,decision_margin,0,linear_anova_c0p1,linear_svm
CH0617,rascal flatts,0,0,-1.5296107382482427,decision_margin,0,linear_anova_c0p1,linear_svm
CH0626,rascal flatts,0,0,-0.5137216658303569,decision_margin,0,linear_anova_c0p1,linear_svm
CH0631,rascal flatts,0,1,0.5133222021671376,decision_margin,0,linear_anova_c0p1,linear_svm
CH0636,avril lavigne,0,1,0.8415891264874693,decision_margin,0,linear_anova_c0p1,linear_svm
CH0643,britney spears,0,0,-0.6187209236789569,decision_margin,0,linear_anova_c0p1,linear_svm
CH0648,maroon 5,0,1,0.9303434508349023,decision_margin,0,linear_anova_c0p1,linear_svm
CH0650,avril lavigne,0,1,0.2725127429666735,decision_margin,0,linear_anova_c0p1,linear_svm
CH0652,rascal flatts,0,0,-1.9039851245249457,decision_margin,0,linear_anova_c0p1,linear_svm
CH0657,rascal flatts,0,1,1.1797153579181372,decision_margin,0,linear_anova_c0p1,linear_svm
CH0660,ne-yo,0,0,-0.5857860001812809,decision_margin,0,linear_anova_c0p1,linear_svm
CH0661,ne-yo,0,0,-0.6775097341266453,decision_margin,0,linear_anova_c0p1,linear_svm
CH0664,ne-yo,0,1,0.6834390517208715,decision_margin,0,linear_anova_c0p1,linear_svm
CH0669,rascal flatts,0,1,0.6976404684237442,decision_margin,0,linear_anova_c0p1,linear_svm
CH0671,avril lavigne,0,0,-0.5659691982691545,decision_margin,0,linear_anova_c0p1,linear_svm
CH0686,rascal flatts,0,0,-0.41060040244959406,decision_margin,0,linear_anova_c0p1,linear_svm
CH0692,rascal flatts,0,0,-1.057306543019492,decision_margin,0,linear_anova_c0p1,linear_svm
CH0700,rascal flatts,0,0,-0.08331696199619809,decision_margin,0,linear_anova_c0p1,linear_svm
CH0716,britney spears,0,1,1.543968244733586,decision_margin,0,linear_anova_c0p1,linear_svm
CH0717,maroon 5,0,1,1.0616727804636783,decision_margin,0,linear_anova_c0p1,linear_svm
CH0718,ne-yo,0,0,-0.14936855700530272,decision_margin,0,linear_anova_c0p1,linear_svm
CH0720,maroon 5,0,0,-0.30417464320454807,decision_margin,0,linear_anova_c0p1,linear_svm
CH0722,britney spears,0,1,0.3544434178583251,decision_margin,0,linear_anova_c0p1,linear_svm
CH0724,rascal flatts,0,1,0.4823592172247755,decision_margin,0,linear_anova_c0p1,linear_svm
CH0728,rascal flatts,0,1,1.1865721207981847,decision_margin,0,linear_anova_c0p1,linear_svm
CH0730,ne-yo,0,1,0.32766409883468794,decision_margin,0,linear_anova_c0p1,linear_svm
CH0731,avril lavigne,0,1,0.8979351276808972,decision_margin,0,linear_anova_c0p1,linear_svm
CH0732,gwen stefani,0,0,-0.36975499670918605,decision_margin,0,linear_anova_c0p1,linear_svm
CH0737,rascal flatts,0,0,-0.8701421921543897,decision_margin,0,linear_anova_c0p1,linear_svm
CH0739,rascal flatts,0,0,-0.388114895158384,decision_margin,0,linear_anova_c0p1,linear_svm
CH0745,rascal flatts,0,1,0.10400635582782927,decision_margin,0,linear_anova_c0p1,linear_svm
CH0747,gwen stefani,0,0,-0.49958526947213333,decision_margin,0,linear_anova_c0p1,linear_svm
CH0748,gwen stefani,0,0,-0.41358487287681056,decision_margin,0,linear_anova_c0p1,linear_svm
CH0751,rascal flatts,0,0,-0.8184028889950418,decision_margin,0,linear_anova_c0p1,linear_svm
CH0008,ed sheeran,1,0,0.33054088185868424,uncalibrated_class_1_probability,0,mlp_pca30,mlp
CH0015,doja cat,1,0,0.472343487456185,uncalibrated_class_1_probability,0,mlp_pca30,mlp
CH0018,doja cat,1,0,0.05032597624056887,uncalibrated_class_1_probability,0,mlp_pca30,mlp
CH0026,maroon 5,1,0,0.22282751581826182,uncalibrated_class_1_probability,0,mlp_pca30,mlp
CH0027,doja cat,1,0,0.23196730254378747,uncalibrated_class_1_probability,0,mlp_pca30,mlp
CH0072,ed sheeran,1,0,0.2742697605384405,uncalibrated_class_1_probability,0,mlp_pca30,mlp
CH0076,camila cabello,1,1,0.7078204003076795,uncalibrated_class_1_probability,0,mlp_pca30,mlp
CH0087,maroon 5,1,1,0.5904034590049914,uncalibrated_class_1_probability,0,mlp_pca30,mlp
CH0091,ed sheeran,1,0,0.1793701479210169,uncalibrated_class_1_probability,0,mlp_pca30,mlp
CH0106,ed sheeran,1,0,0.17608106108054095,uncalibrated_class_1_probability,0,mlp_pca30,mlp
CH0121,twenty one pilots,1,1,0.5825392771274726,uncalibrated_class_1_probability,0,mlp_pca30,mlp
CH0124,twenty one pilots,1,1,0.8827480858320222,uncalibrated_class_1_probability,0,mlp_pca30,mlp
CH0139,coldplay,1,0,0.18918557347609422,uncalibrated_class_1_probability,0,mlp_pca30,mlp
CH0144,coldplay,1,0,0.41429249688838715,uncalibrated_class_1_probability,0,mlp_pca30,mlp
CH0146,ed sheeran,1,0,0.1488031414080326,uncalibrated_class_1_probability,0,mlp_pca30,mlp
CH0148,maroon 5,1,0,0.2650922834050236,uncalibrated_class_1_probability,0,mlp_pca30,mlp
CH0156,ed sheeran,1,0,0.36326949788386964,uncalibrated_class_1_probability,0,mlp_pca30,mlp
CH0157,maroon 5,1,0,0.2644764853609668,uncalibrated_class_1_probability,0,mlp_pca30,mlp
CH0164,ed sheeran,1,0,0.33038278979718166,uncalibrated_class_1_probability,0,mlp_pca30,mlp
CH0170,maroon 5,1,0,0.3763991107922385,uncalibrated_class_1_probability,0,mlp_pca30,mlp
CH0175,coldplay,1,0,0.4318422113774699,uncalibrated_class_1_probability,0,mlp_pca30,mlp
CH0187,maroon 5,1,0,0.07041558463910443,uncalibrated_class_1_probability,0,mlp_pca30,mlp
CH0189,maroon 5,1,1,0.8570800300964099,uncalibrated_class_1_probability,0,mlp_pca30,mlp
CH0191,maroon 5,1,1,0.7099282379987402,uncalibrated_class_1_probability,0,mlp_pca30,mlp
CH0193,ke$ha,1,0,0.20345759076317227,uncalibrated_class_1_probability,0,mlp_pca30,mlp
CH0198,ed sheeran,1,0,0.3267833819881587,uncalibrated_class_1_probability,0,mlp_pca30,mlp
CH0200,ne-yo,1,1,0.6957324112610039,uncalibrated_class_1_probability,0,mlp_pca30,mlp
CH0216,coldplay,1,0,0.44350478936993326,uncalibrated_class_1_probability,0,mlp_pca30,mlp
CH0234,britney spears,1,1,0.5328697987008812,uncalibrated_class_1_probability,0,mlp_pca30,mlp
CH0236,ke$ha,1,1,0.8970589168877261,uncalibrated_class_1_probability,0,mlp_pca30,mlp
CH0237,ke$ha,1,1,0.7744597981913827,uncalibrated_class_1_probability,0,mlp_pca30,mlp
CH0239,britney spears,1,1,0.7503300542801101,uncalibrated_class_1_probability,0,mlp_pca30,mlp
CH0242,britney spears,1,1,0.5027058120660051,uncalibrated_class_1_probability,0,mlp_pca30,mlp
CH0244,avril lavigne,1,0,0.28678575421656327,uncalibrated_class_1_probability,0,mlp_pca30,mlp
CH0252,ke$ha,1,1,0.8598682725678733,uncalibrated_class_1_probability,0,mlp_pca30,mlp
CH0256,ke$ha,1,1,0.7004243519396324,uncalibrated_class_1_probability,0,mlp_pca30,mlp
CH0261,ke$ha,1,1,0.567063015003822,uncalibrated_class_1_probability,0,mlp_pca30,mlp
CH0263,maroon 5,1,1,0.5178028404968722,uncalibrated_class_1_probability,0,mlp_pca30,mlp
CH0267,britney spears,1,1,0.9271085426528519,uncalibrated_class_1_probability,0,mlp_pca30,mlp
CH0283,britney spears,1,0,0.24880517253843643,uncalibrated_class_1_probability,0,mlp_pca30,mlp
CH0287,britney spears,1,1,0.6376127473031767,uncalibrated_class_1_probability,0,mlp_pca30,mlp
CH0288,ne-yo,1,1,0.5436823222488189,uncalibrated_class_1_probability,0,mlp_pca30,mlp
CH0294,coldplay,1,1,0.6678234197339478,uncalibrated_class_1_probability,0,mlp_pca30,mlp
CH0296,ne-yo,1,0,0.43699416235253563,uncalibrated_class_1_probability,0,mlp_pca30,mlp
CH0299,britney spears,1,1,0.503504533338252,uncalibrated_class_1_probability,0,mlp_pca30,mlp
CH0312,ne-yo,1,1,0.8286518317462778,uncalibrated_class_1_probability,0,mlp_pca30,mlp
CH0322,britney spears,1,1,0.6711084225309276,uncalibrated_class_1_probability,0,mlp_pca30,mlp
CH0328,avril lavigne,1,1,0.6734940229934586,uncalibrated_class_1_probability,0,mlp_pca30,mlp
CH0329,maroon 5,1,1,0.5000356965873831,uncalibrated_class_1_probability,0,mlp_pca30,mlp
CH0340,ne-yo,1,1,0.8447205487332444,uncalibrated_class_1_probability,0,mlp_pca30,mlp
CH0342,avril lavigne,1,0,0.36304338927072627,uncalibrated_class_1_probability,0,mlp_pca30,mlp
CH0344,gwen stefani,1,0,0.46669299375885476,uncalibrated_class_1_probability,0,mlp_pca30,mlp
CH0351,ne-yo,1,1,0.5382817763306506,uncalibrated_class_1_probability,0,mlp_pca30,mlp
CH0354,rascal flatts,1,0,0.4943610746425678,uncalibrated_class_1_probability,0,mlp_pca30,mlp
CH0359,ne-yo,1,1,0.7883023182468163,uncalibrated_class_1_probability,0,mlp_pca30,mlp
CH0360,rascal flatts,1,1,0.5644423595525719,uncalibrated_class_1_probability,0,mlp_pca30,mlp
CH0365,ne-yo,1,1,0.8126730015711646,uncalibrated_class_1_probability,0,mlp_pca30,mlp
CH0370,ed sheeran,0,0,0.07607187423992098,uncalibrated_class_1_probability,0,mlp_pca30,mlp
CH0386,doja cat,0,0,0.3604085745161289,uncalibrated_class_1_probability,0,mlp_pca30,mlp
CH0393,doja cat,0,0,0.4859882633646452,uncalibrated_class_1_probability,0,mlp_pca30,mlp
CH0394,camila cabello,0,1,0.5588768635399192,uncalibrated_class_1_probability,0,mlp_pca30,mlp
CH0408,ed sheeran,0,0,0.34700860056050425,uncalibrated_class_1_probability,0,mlp_pca30,mlp
CH0459,doja cat,0,0,0.2501600438020312,uncalibrated_class_1_probability,0,mlp_pca30,mlp
CH0481,camila cabello,0,0,0.48279464870657507,uncalibrated_class_1_probability,0,mlp_pca30,mlp
CH0487,twenty one pilots,0,0,0.17221245687256373,uncalibrated_class_1_probability,0,mlp_pca30,mlp
CH0508,rascal flatts,0,1,0.7114719325602424,uncalibrated_class_1_probability,0,mlp_pca30,mlp
CH0509,camila cabello,0,0,0.4912185486610485,uncalibrated_class_1_probability,0,mlp_pca30,mlp
CH0517,ed sheeran,0,0,0.38627812444389736,uncalibrated_class_1_probability,0,mlp_pca30,mlp
CH0520,ed sheeran,0,0,0.3791655406313763,uncalibrated_class_1_probability,0,mlp_pca30,mlp
CH0533,rascal flatts,0,0,0.22468919447461713,uncalibrated_class_1_probability,0,mlp_pca30,mlp
CH0538,gwen stefani,0,0,0.3812305104999384,uncalibrated_class_1_probability,0,mlp_pca30,mlp
CH0542,gwen stefani,0,0,0.3721874895071881,uncalibrated_class_1_probability,0,mlp_pca30,mlp
CH0560,maroon 5,0,0,0.4319233152636614,uncalibrated_class_1_probability,0,mlp_pca30,mlp
CH0565,twenty one pilots,0,0,0.3758016186888338,uncalibrated_class_1_probability,0,mlp_pca30,mlp
CH0573,twenty one pilots,0,0,0.1673495233188773,uncalibrated_class_1_probability,0,mlp_pca30,mlp
CH0579,gwen stefani,0,1,0.7057378343019012,uncalibrated_class_1_probability,0,mlp_pca30,mlp
CH0586,rascal flatts,0,1,0.6644451953617126,uncalibrated_class_1_probability,0,mlp_pca30,mlp
CH0587,coldplay,0,0,0.46016539767486475,uncalibrated_class_1_probability,0,mlp_pca30,mlp
CH0596,britney spears,0,1,0.5734938006833886,uncalibrated_class_1_probability,0,mlp_pca30,mlp
CH0605,britney spears,0,1,0.7745848623639231,uncalibrated_class_1_probability,0,mlp_pca30,mlp
CH0608,britney spears,0,1,0.7303881802017693,uncalibrated_class_1_probability,0,mlp_pca30,mlp
CH0609,avril lavigne,0,1,0.5195761485443163,uncalibrated_class_1_probability,0,mlp_pca30,mlp
CH0615,ke$ha,0,0,0.3187048618737659,uncalibrated_class_1_probability,0,mlp_pca30,mlp
CH0617,rascal flatts,0,0,0.1911300732902969,uncalibrated_class_1_probability,0,mlp_pca30,mlp
CH0626,rascal flatts,0,0,0.23431892040710073,uncalibrated_class_1_probability,0,mlp_pca30,mlp
CH0631,rascal flatts,0,1,0.8266580320251652,uncalibrated_class_1_probability,0,mlp_pca30,mlp
CH0636,avril lavigne,0,1,0.6300344790807858,uncalibrated_class_1_probability,0,mlp_pca30,mlp
CH0643,britney spears,0,1,0.6945148796259838,uncalibrated_class_1_probability,0,mlp_pca30,mlp
CH0648,maroon 5,0,0,0.25849227766898514,uncalibrated_class_1_probability,0,mlp_pca30,mlp
CH0650,avril lavigne,0,1,0.8811448618874373,uncalibrated_class_1_probability,0,mlp_pca30,mlp
CH0652,rascal flatts,0,0,0.23650351071632827,uncalibrated_class_1_probability,0,mlp_pca30,mlp
CH0657,rascal flatts,0,1,0.5021740215308126,uncalibrated_class_1_probability,0,mlp_pca30,mlp
CH0660,ne-yo,0,0,0.3187378812785843,uncalibrated_class_1_probability,0,mlp_pca30,mlp
CH0661,ne-yo,0,1,0.8019339943061135,uncalibrated_class_1_probability,0,mlp_pca30,mlp
CH0664,ne-yo,0,0,0.3833978999638072,uncalibrated_class_1_probability,0,mlp_pca30,mlp
CH0669,rascal flatts,0,1,0.7107515080734745,uncalibrated_class_1_probability,0,mlp_pca30,mlp
CH0671,avril lavigne,0,0,0.49630762113888727,uncalibrated_class_1_probability,0,mlp_pca30,mlp
CH0686,rascal flatts,0,0,0.4561923492255917,uncalibrated_class_1_probability,0,mlp_pca30,mlp
CH0692,rascal flatts,0,0,0.241916124827407,uncalibrated_class_1_probability,0,mlp_pca30,mlp
CH0700,rascal flatts,0,1,0.6469629847192968,uncalibrated_class_1_probability,0,mlp_pca30,mlp
CH0716,britney spears,0,1,0.7744067873160961,uncalibrated_class_1_probability,0,mlp_pca30,mlp
CH0717,maroon 5,0,0,0.3224907943553247,uncalibrated_class_1_probability,0,mlp_pca30,mlp
CH0718,ne-yo,0,1,0.6314374898469826,uncalibrated_class_1_probability,0,mlp_pca30,mlp
CH0720,maroon 5,0,0,0.14589493372676973,uncalibrated_class_1_probability,0,mlp_pca30,mlp
CH0722,britney spears,0,1,0.5684214544986437,uncalibrated_class_1_probability,0,mlp_pca30,mlp
CH0724,rascal flatts,0,0,0.3964992119483368,uncalibrated_class_1_probability,0,mlp_pca30,mlp
CH0728,rascal flatts,0,0,0.24900617444401313,uncalibrated_class_1_probability,0,mlp_pca30,mlp
CH0730,ne-yo,0,0,0.28691205059862057,uncalibrated_class_1_probability,0,mlp_pca30,mlp
CH0731,avril lavigne,0,0,0.42640697239462183,uncalibrated_class_1_probability,0,mlp_pca30,mlp
CH0732,gwen stefani,0,1,0.8034913685158888,uncalibrated_class_1_probability,0,mlp_pca30,mlp
CH0737,rascal flatts,0,0,0.29478106694864514,uncalibrated_class_1_probability,0,mlp_pca30,mlp
CH0739,rascal flatts,0,0,0.2559106944485949,uncalibrated_class_1_probability,0,mlp_pca30,mlp
CH0745,rascal flatts,0,1,0.5902515716932746,uncalibrated_class_1_probability,0,mlp_pca30,mlp
CH0747,gwen stefani,0,1,0.7114122320362575,uncalibrated_class_1_probability,0,mlp_pca30,mlp
CH0748,gwen stefani,0,0,0.08306902311529228,uncalibrated_class_1_probability,0,mlp_pca30,mlp
CH0751,rascal flatts,0,0,0.07513490112299638,uncalibrated_class_1_probability,0,mlp_pca30,mlp
CH0008,ed sheeran,1,0,-0.555907839571975,decision_margin,0,poly_anova,poly_svm
CH0015,doja cat,1,0,-0.17908751671248502,decision_margin,0,poly_anova,poly_svm
CH0018,doja cat,1,0,-0.6324256715367589,decision_margin,0,poly_anova,poly_svm
CH0026,maroon 5,1,0,-1.1299057199305973,decision_margin,0,poly_anova,poly_svm
CH0027,doja cat,1,0,-0.7487982494832022,decision_margin,0,poly_anova,poly_svm
CH0072,ed sheeran,1,0,-0.15216995879491407,decision_margin,0,poly_anova,poly_svm
CH0076,camila cabello,1,1,0.18092451230324952,decision_margin,0,poly_anova,poly_svm
CH0087,maroon 5,1,0,-0.38835332066998984,decision_margin,0,poly_anova,poly_svm
CH0091,ed sheeran,1,0,-0.7564792125510542,decision_margin,0,poly_anova,poly_svm
CH0106,ed sheeran,1,0,-0.8358600557685305,decision_margin,0,poly_anova,poly_svm
CH0121,twenty one pilots,1,1,1.4186973949667396,decision_margin,0,poly_anova,poly_svm
CH0124,twenty one pilots,1,0,-0.41988620259894244,decision_margin,0,poly_anova,poly_svm
CH0139,coldplay,1,0,-1.3846209046628404,decision_margin,0,poly_anova,poly_svm
CH0144,coldplay,1,1,0.02225107503749496,decision_margin,0,poly_anova,poly_svm
CH0146,ed sheeran,1,0,-0.3371283091316936,decision_margin,0,poly_anova,poly_svm
CH0148,maroon 5,1,0,-0.683702199097712,decision_margin,0,poly_anova,poly_svm
CH0156,ed sheeran,1,0,-0.0426805004244139,decision_margin,0,poly_anova,poly_svm
CH0157,maroon 5,1,0,-1.258218273030749,decision_margin,0,poly_anova,poly_svm
CH0164,ed sheeran,1,0,-0.4406197385859625,decision_margin,0,poly_anova,poly_svm
CH0170,maroon 5,1,0,-0.5467395487969515,decision_margin,0,poly_anova,poly_svm
CH0175,coldplay,1,0,-0.5322685334853794,decision_margin,0,poly_anova,poly_svm
CH0187,maroon 5,1,0,-1.7335471444125932,decision_margin,0,poly_anova,poly_svm
CH0189,maroon 5,1,1,0.005102064301706677,decision_margin,0,poly_anova,poly_svm
CH0191,maroon 5,1,0,-0.24888467342637083,decision_margin,0,poly_anova,poly_svm
CH0193,ke$ha,1,0,-1.2703964506803496,decision_margin,0,poly_anova,poly_svm
CH0198,ed sheeran,1,0,-0.37459847894569576,decision_margin,0,poly_anova,poly_svm
CH0200,ne-yo,1,1,0.16606334540157858,decision_margin,0,poly_anova,poly_svm
CH0216,coldplay,1,0,-0.26066264806174294,decision_margin,0,poly_anova,poly_svm
CH0234,britney spears,1,1,0.01507337997700764,decision_margin,0,poly_anova,poly_svm
CH0236,ke$ha,1,1,2.7394518859040415,decision_margin,0,poly_anova,poly_svm
CH0237,ke$ha,1,1,1.019012537587538,decision_margin,0,poly_anova,poly_svm
CH0239,britney spears,1,1,0.6909764744864781,decision_margin,0,poly_anova,poly_svm
CH0242,britney spears,1,1,0.4482958325113458,decision_margin,0,poly_anova,poly_svm
CH0244,avril lavigne,1,0,-1.6622056775513139,decision_margin,0,poly_anova,poly_svm
CH0252,ke$ha,1,1,0.4308818710262888,decision_margin,0,poly_anova,poly_svm
CH0256,ke$ha,1,1,0.13682766987636302,decision_margin,0,poly_anova,poly_svm
CH0261,ke$ha,1,0,-0.11165061055795505,decision_margin,0,poly_anova,poly_svm
CH0263,maroon 5,1,0,-0.7577396179021679,decision_margin,0,poly_anova,poly_svm
CH0267,britney spears,1,1,1.9106495383893196,decision_margin,0,poly_anova,poly_svm
CH0283,britney spears,1,0,-0.8854355574035138,decision_margin,0,poly_anova,poly_svm
CH0287,britney spears,1,0,-0.41809452096214694,decision_margin,0,poly_anova,poly_svm
CH0288,ne-yo,1,1,0.028097898860407033,decision_margin,0,poly_anova,poly_svm
CH0294,coldplay,1,0,-0.3247784438828071,decision_margin,0,poly_anova,poly_svm
CH0296,ne-yo,1,0,-0.42600822288552154,decision_margin,0,poly_anova,poly_svm
CH0299,britney spears,1,0,-0.6872860852346183,decision_margin,0,poly_anova,poly_svm
CH0312,ne-yo,1,1,1.6173026907298236,decision_margin,0,poly_anova,poly_svm
CH0322,britney spears,1,0,-0.336502182137408,decision_margin,0,poly_anova,poly_svm
CH0328,avril lavigne,1,0,-0.7572310968641656,decision_margin,0,poly_anova,poly_svm
CH0329,maroon 5,1,0,-0.742281035220937,decision_margin,0,poly_anova,poly_svm
CH0340,ne-yo,1,0,-0.0721656435074079,decision_margin,0,poly_anova,poly_svm
CH0342,avril lavigne,1,0,-0.6602388836288489,decision_margin,0,poly_anova,poly_svm
CH0344,gwen stefani,1,0,-0.4840778815719192,decision_margin,0,poly_anova,poly_svm
CH0351,ne-yo,1,0,-0.039898458494576794,decision_margin,0,poly_anova,poly_svm
CH0354,rascal flatts,1,0,-0.20346838878943319,decision_margin,0,poly_anova,poly_svm
CH0359,ne-yo,1,1,0.4006510517375215,decision_margin,0,poly_anova,poly_svm
CH0360,rascal flatts,1,0,-0.3152115925576769,decision_margin,0,poly_anova,poly_svm
CH0365,ne-yo,1,0,-0.32571006832642335,decision_margin,0,poly_anova,poly_svm
CH0370,ed sheeran,0,0,-0.715206585182192,decision_margin,0,poly_anova,poly_svm
CH0386,doja cat,0,0,-0.5156918286548038,decision_margin,0,poly_anova,poly_svm
CH0393,doja cat,0,1,0.44844529714448506,decision_margin,0,poly_anova,poly_svm
CH0394,camila cabello,0,0,-0.41476620599287817,decision_margin,0,poly_anova,poly_svm
CH0408,ed sheeran,0,0,-0.12613559416357928,decision_margin,0,poly_anova,poly_svm
CH0459,doja cat,0,0,-0.40791901561965654,decision_margin,0,poly_anova,poly_svm
CH0481,camila cabello,0,0,-0.9275018114111346,decision_margin,0,poly_anova,poly_svm
CH0487,twenty one pilots,0,0,-0.37775600531586495,decision_margin,0,poly_anova,poly_svm
CH0508,rascal flatts,0,0,-0.27719674160850155,decision_margin,0,poly_anova,poly_svm
CH0509,camila cabello,0,0,-0.34341549912250535,decision_margin,0,poly_anova,poly_svm
CH0517,ed sheeran,0,1,0.3245245245018285,decision_margin,0,poly_anova,poly_svm
CH0520,ed sheeran,0,0,-0.16294169034426415,decision_margin,0,poly_anova,poly_svm
CH0533,rascal flatts,0,0,-0.6127354092786698,decision_margin,0,poly_anova,poly_svm
CH0538,gwen stefani,0,0,-0.06431173864610318,decision_margin,0,poly_anova,poly_svm
CH0542,gwen stefani,0,0,-0.7076636504636878,decision_margin,0,poly_anova,poly_svm
CH0560,maroon 5,0,0,-0.5256755270851192,decision_margin,0,poly_anova,poly_svm
CH0565,twenty one pilots,0,1,0.43930719676589575,decision_margin,0,poly_anova,poly_svm
CH0573,twenty one pilots,0,0,-1.3610698549443205,decision_margin,0,poly_anova,poly_svm
CH0579,gwen stefani,0,1,0.7414733667623836,decision_margin,0,poly_anova,poly_svm
CH0586,rascal flatts,0,1,0.4673403164068028,decision_margin,0,poly_anova,poly_svm
CH0587,coldplay,0,0,-0.3818590707254647,decision_margin,0,poly_anova,poly_svm
CH0596,britney spears,0,1,0.12216788793838246,decision_margin,0,poly_anova,poly_svm
CH0605,britney spears,0,1,0.35974270472077324,decision_margin,0,poly_anova,poly_svm
CH0608,britney spears,0,1,0.6115614984054734,decision_margin,0,poly_anova,poly_svm
CH0609,avril lavigne,0,0,-0.595944285944395,decision_margin,0,poly_anova,poly_svm
CH0615,ke$ha,0,0,-1.5057709585516976,decision_margin,0,poly_anova,poly_svm
CH0617,rascal flatts,0,0,-0.5823300349780987,decision_margin,0,poly_anova,poly_svm
CH0626,rascal flatts,0,0,-0.526166405829674,decision_margin,0,poly_anova,poly_svm
CH0631,rascal flatts,0,0,-0.7383335672413427,decision_margin,0,poly_anova,poly_svm
CH0636,avril lavigne,0,0,-0.1616424624172314,decision_margin,0,poly_anova,poly_svm
CH0643,britney spears,0,0,-0.2867953242321109,decision_margin,0,poly_anova,poly_svm
CH0648,maroon 5,0,0,-0.42032033886559267,decision_margin,0,poly_anova,poly_svm
CH0650,avril lavigne,0,0,-0.4707337839281643,decision_margin,0,poly_anova,poly_svm
CH0652,rascal flatts,0,0,-0.555928622015552,decision_margin,0,poly_anova,poly_svm
CH0657,rascal flatts,0,0,-0.4557337513648146,decision_margin,0,poly_anova,poly_svm
CH0660,ne-yo,0,0,-0.36931960802153385,decision_margin,0,poly_anova,poly_svm
CH0661,ne-yo,0,0,-0.3511330631307559,decision_margin,0,poly_anova,poly_svm
CH0664,ne-yo,0,0,-0.45333794065151656,decision_margin,0,poly_anova,poly_svm
CH0669,rascal flatts,0,0,-0.19040149499627884,decision_margin,0,poly_anova,poly_svm
CH0671,avril lavigne,0,0,-0.4516842678762396,decision_margin,0,poly_anova,poly_svm
CH0686,rascal flatts,0,0,-0.42717417959411386,decision_margin,0,poly_anova,poly_svm
CH0692,rascal flatts,0,0,-0.49418640672916453,decision_margin,0,poly_anova,poly_svm
CH0700,rascal flatts,0,0,-0.28190018115710525,decision_margin,0,poly_anova,poly_svm
CH0716,britney spears,0,0,-0.1965167822277749,decision_margin,0,poly_anova,poly_svm
CH0717,maroon 5,0,0,-0.7438483707606165,decision_margin,0,poly_anova,poly_svm
CH0718,ne-yo,0,1,0.20647922324014173,decision_margin,0,poly_anova,poly_svm
CH0720,maroon 5,0,1,0.08996995107901068,decision_margin,0,poly_anova,poly_svm
CH0722,britney spears,0,0,-0.4356823993431022,decision_margin,0,poly_anova,poly_svm
CH0724,rascal flatts,0,0,-0.5926893318115719,decision_margin,0,poly_anova,poly_svm
CH0728,rascal flatts,0,0,-0.6575475969339188,decision_margin,0,poly_anova,poly_svm
CH0730,ne-yo,0,0,-0.4560758954382488,decision_margin,0,poly_anova,poly_svm
CH0731,avril lavigne,0,0,-0.41561935492804813,decision_margin,0,poly_anova,poly_svm
CH0732,gwen stefani,0,1,0.16118294840524722,decision_margin,0,poly_anova,poly_svm
CH0737,rascal flatts,0,0,-0.7913044312178632,decision_margin,0,poly_anova,poly_svm
CH0739,rascal flatts,0,0,-0.5073983692521945,decision_margin,0,poly_anova,poly_svm
CH0745,rascal flatts,0,0,-0.4464394379718062,decision_margin,0,poly_anova,poly_svm
CH0747,gwen stefani,0,1,0.6173656671101533,decision_margin,0,poly_anova,poly_svm
CH0748,gwen stefani,0,0,-0.795906598225143,decision_margin,0,poly_anova,poly_svm
CH0751,rascal flatts,0,1,0.15842550200889366,decision_margin,0,poly_anova,poly_svm
CH0008,ed sheeran,1,0,-0.43311159032520424,decision_margin,0,rbf_none_c10,rbf_svm
CH0015,doja cat,1,0,-0.23356194360379,decision_margin,0,rbf_none_c10,rbf_svm
CH0018,doja cat,1,0,-0.5938714268446131,decision_margin,0,rbf_none_c10,rbf_svm
CH0026,maroon 5,1,0,-0.44196395247077247,decision_margin,0,rbf_none_c10,rbf_svm
CH0027,doja cat,1,0,-0.5859433429482478,decision_margin,0,rbf_none_c10,rbf_svm
CH0072,ed sheeran,1,0,-0.0811788922685038,decision_margin,0,rbf_none_c10,rbf_svm
CH0076,camila cabello,1,1,0.032262704836863665,decision_margin,0,rbf_none_c10,rbf_svm
CH0087,maroon 5,1,1,0.06488789839208355,decision_margin,0,rbf_none_c10,rbf_svm
CH0091,ed sheeran,1,0,-0.422543883478151,decision_margin,0,rbf_none_c10,rbf_svm
CH0106,ed sheeran,1,0,-0.6157655195296846,decision_margin,0,rbf_none_c10,rbf_svm
CH0121,twenty one pilots,1,1,0.429827986564461,decision_margin,0,rbf_none_c10,rbf_svm
CH0124,twenty one pilots,1,1,0.22181618086105837,decision_margin,0,rbf_none_c10,rbf_svm
CH0139,coldplay,1,0,-0.6198869160083311,decision_margin,0,rbf_none_c10,rbf_svm
CH0144,coldplay,1,1,0.05378453714692048,decision_margin,0,rbf_none_c10,rbf_svm
CH0146,ed sheeran,1,0,-0.920123255330824,decision_margin,0,rbf_none_c10,rbf_svm
CH0148,maroon 5,1,0,-0.03150263831029259,decision_margin,0,rbf_none_c10,rbf_svm
CH0156,ed sheeran,1,0,-0.8183104499864696,decision_margin,0,rbf_none_c10,rbf_svm
CH0157,maroon 5,1,0,-1.0245457619435179,decision_margin,0,rbf_none_c10,rbf_svm
CH0164,ed sheeran,1,0,-0.4143969868232239,decision_margin,0,rbf_none_c10,rbf_svm
CH0170,maroon 5,1,0,-0.1793236619657203,decision_margin,0,rbf_none_c10,rbf_svm
CH0175,coldplay,1,0,-0.9329953915553649,decision_margin,0,rbf_none_c10,rbf_svm
CH0187,maroon 5,1,0,-0.6033991879278929,decision_margin,0,rbf_none_c10,rbf_svm
CH0189,maroon 5,1,1,0.3146984103822027,decision_margin,0,rbf_none_c10,rbf_svm
CH0191,maroon 5,1,1,0.18597662955813343,decision_margin,0,rbf_none_c10,rbf_svm
CH0193,ke$ha,1,0,-0.05639761979514803,decision_margin,0,rbf_none_c10,rbf_svm
CH0198,ed sheeran,1,0,-0.321149141008537,decision_margin,0,rbf_none_c10,rbf_svm
CH0200,ne-yo,1,1,0.22655131520583838,decision_margin,0,rbf_none_c10,rbf_svm
CH0216,coldplay,1,0,-0.4942492190981462,decision_margin,0,rbf_none_c10,rbf_svm
CH0234,britney spears,1,0,-0.13776809192819406,decision_margin,0,rbf_none_c10,rbf_svm
CH0236,ke$ha,1,1,0.3319521545636664,decision_margin,0,rbf_none_c10,rbf_svm
CH0237,ke$ha,1,1,0.26982602437682424,decision_margin,0,rbf_none_c10,rbf_svm
CH0239,britney spears,1,1,0.38260958754476976,decision_margin,0,rbf_none_c10,rbf_svm
CH0242,britney spears,1,1,0.08914728999463674,decision_margin,0,rbf_none_c10,rbf_svm
CH0244,avril lavigne,1,1,0.2470880857738565,decision_margin,0,rbf_none_c10,rbf_svm
CH0252,ke$ha,1,1,0.5269721852047596,decision_margin,0,rbf_none_c10,rbf_svm
CH0256,ke$ha,1,1,0.6021402430047591,decision_margin,0,rbf_none_c10,rbf_svm
CH0261,ke$ha,1,1,0.6432899793523811,decision_margin,0,rbf_none_c10,rbf_svm
CH0263,maroon 5,1,0,-0.7486384847079735,decision_margin,0,rbf_none_c10,rbf_svm
CH0267,britney spears,1,1,0.035376269112995504,decision_margin,0,rbf_none_c10,rbf_svm
CH0283,britney spears,1,0,-0.3249553670560299,decision_margin,0,rbf_none_c10,rbf_svm
CH0287,britney spears,1,1,0.3207612706581354,decision_margin,0,rbf_none_c10,rbf_svm
CH0288,ne-yo,1,0,-0.07446490892583449,decision_margin,0,rbf_none_c10,rbf_svm
CH0294,coldplay,1,0,-0.08597487980027874,decision_margin,0,rbf_none_c10,rbf_svm
CH0296,ne-yo,1,0,-0.8563761907696017,decision_margin,0,rbf_none_c10,rbf_svm
CH0299,britney spears,1,1,0.1415644332847218,decision_margin,0,rbf_none_c10,rbf_svm
CH0312,ne-yo,1,1,0.20842038570320331,decision_margin,0,rbf_none_c10,rbf_svm
CH0322,britney spears,1,1,0.49922956031232,decision_margin,0,rbf_none_c10,rbf_svm
CH0328,avril lavigne,1,1,0.4737710436195238,decision_margin,0,rbf_none_c10,rbf_svm
CH0329,maroon 5,1,0,-1.1006100055965955,decision_margin,0,rbf_none_c10,rbf_svm
CH0340,ne-yo,1,1,0.10056211618437365,decision_margin,0,rbf_none_c10,rbf_svm
CH0342,avril lavigne,1,0,-1.0520059179154089,decision_margin,0,rbf_none_c10,rbf_svm
CH0344,gwen stefani,1,1,0.20595241420030108,decision_margin,0,rbf_none_c10,rbf_svm
CH0351,ne-yo,1,0,-0.0514916808232253,decision_margin,0,rbf_none_c10,rbf_svm
CH0354,rascal flatts,1,1,0.26043830434526216,decision_margin,0,rbf_none_c10,rbf_svm
CH0359,ne-yo,1,1,0.5320188924108055,decision_margin,0,rbf_none_c10,rbf_svm
CH0360,rascal flatts,1,1,0.073333611911426,decision_margin,0,rbf_none_c10,rbf_svm
CH0365,ne-yo,1,1,0.17147695368557453,decision_margin,0,rbf_none_c10,rbf_svm
CH0370,ed sheeran,0,0,-0.8714615297917139,decision_margin,0,rbf_none_c10,rbf_svm
CH0386,doja cat,0,0,-0.47697725413271796,decision_margin,0,rbf_none_c10,rbf_svm
CH0393,doja cat,0,1,0.3085014405325265,decision_margin,0,rbf_none_c10,rbf_svm
CH0394,camila cabello,0,1,0.18361133518650252,decision_margin,0,rbf_none_c10,rbf_svm
CH0408,ed sheeran,0,0,-0.5538379966589266,decision_margin,0,rbf_none_c10,rbf_svm
CH0459,doja cat,0,0,-0.342338243629995,decision_margin,0,rbf_none_c10,rbf_svm
CH0481,camila cabello,0,0,-0.05877586442800748,decision_margin,0,rbf_none_c10,rbf_svm
CH0487,twenty one pilots,0,0,-0.2898425844034434,decision_margin,0,rbf_none_c10,rbf_svm
CH0508,rascal flatts,0,1,0.21445604218347403,decision_margin,0,rbf_none_c10,rbf_svm
CH0509,camila cabello,0,0,-0.3489118794907981,decision_margin,0,rbf_none_c10,rbf_svm
CH0517,ed sheeran,0,1,0.3434251747526658,decision_margin,0,rbf_none_c10,rbf_svm
CH0520,ed sheeran,0,0,-0.42507600342337204,decision_margin,0,rbf_none_c10,rbf_svm
CH0533,rascal flatts,0,0,-0.8925029742307719,decision_margin,0,rbf_none_c10,rbf_svm
CH0538,gwen stefani,0,1,0.04259605508625554,decision_margin,0,rbf_none_c10,rbf_svm
CH0542,gwen stefani,0,0,-0.45261059881427007,decision_margin,0,rbf_none_c10,rbf_svm
CH0560,maroon 5,0,1,0.05582462724578935,decision_margin,0,rbf_none_c10,rbf_svm
CH0565,twenty one pilots,0,0,-0.5327897267752063,decision_margin,0,rbf_none_c10,rbf_svm
CH0573,twenty one pilots,0,0,-0.7978123057557863,decision_margin,0,rbf_none_c10,rbf_svm
CH0579,gwen stefani,0,1,0.03360223138746585,decision_margin,0,rbf_none_c10,rbf_svm
CH0586,rascal flatts,0,1,0.6592799319264038,decision_margin,0,rbf_none_c10,rbf_svm
CH0587,coldplay,0,0,-0.11200313801879015,decision_margin,0,rbf_none_c10,rbf_svm
CH0596,britney spears,0,1,0.030975451005480978,decision_margin,0,rbf_none_c10,rbf_svm
CH0605,britney spears,0,1,0.37240822538829377,decision_margin,0,rbf_none_c10,rbf_svm
CH0608,britney spears,0,0,-0.19039268264616166,decision_margin,0,rbf_none_c10,rbf_svm
CH0609,avril lavigne,0,1,0.48252635231503704,decision_margin,0,rbf_none_c10,rbf_svm
CH0615,ke$ha,0,0,-0.037871328260573024,decision_margin,0,rbf_none_c10,rbf_svm
CH0617,rascal flatts,0,0,-0.529166260002466,decision_margin,0,rbf_none_c10,rbf_svm
CH0626,rascal flatts,0,1,0.17827781904833595,decision_margin,0,rbf_none_c10,rbf_svm
CH0631,rascal flatts,0,1,0.42304832113376717,decision_margin,0,rbf_none_c10,rbf_svm
CH0636,avril lavigne,0,0,-0.18276200046772922,decision_margin,0,rbf_none_c10,rbf_svm
CH0643,britney spears,0,1,0.4691905534620202,decision_margin,0,rbf_none_c10,rbf_svm
CH0648,maroon 5,0,1,0.1996214009857653,decision_margin,0,rbf_none_c10,rbf_svm
CH0650,avril lavigne,0,1,0.8750030863638188,decision_margin,0,rbf_none_c10,rbf_svm
CH0652,rascal flatts,0,0,-0.7458307791164104,decision_margin,0,rbf_none_c10,rbf_svm
CH0657,rascal flatts,0,1,0.27877342785313275,decision_margin,0,rbf_none_c10,rbf_svm
CH0660,ne-yo,0,0,-0.6379248080103591,decision_margin,0,rbf_none_c10,rbf_svm
CH0661,ne-yo,0,1,0.004228493581578466,decision_margin,0,rbf_none_c10,rbf_svm
CH0664,ne-yo,0,0,-0.032957141588304775,decision_margin,0,rbf_none_c10,rbf_svm
CH0669,rascal flatts,0,1,0.2534452092951905,decision_margin,0,rbf_none_c10,rbf_svm
CH0671,avril lavigne,0,0,-0.03347750823591501,decision_margin,0,rbf_none_c10,rbf_svm
CH0686,rascal flatts,0,0,-0.33384430627292366,decision_margin,0,rbf_none_c10,rbf_svm
CH0692,rascal flatts,0,0,-0.2882937572667731,decision_margin,0,rbf_none_c10,rbf_svm
CH0700,rascal flatts,0,1,0.5085188766305956,decision_margin,0,rbf_none_c10,rbf_svm
CH0716,britney spears,0,1,0.15695235728622509,decision_margin,0,rbf_none_c10,rbf_svm
CH0717,maroon 5,0,0,-0.20798779613014906,decision_margin,0,rbf_none_c10,rbf_svm
CH0718,ne-yo,0,1,0.41353932831175033,decision_margin,0,rbf_none_c10,rbf_svm
CH0720,maroon 5,0,0,-0.5570685742909426,decision_margin,0,rbf_none_c10,rbf_svm
CH0722,britney spears,0,0,-0.4096026419455941,decision_margin,0,rbf_none_c10,rbf_svm
CH0724,rascal flatts,0,1,0.1097190488019243,decision_margin,0,rbf_none_c10,rbf_svm
CH0728,rascal flatts,0,0,-0.010851909114116709,decision_margin,0,rbf_none_c10,rbf_svm
CH0730,ne-yo,0,0,-0.2964291147527682,decision_margin,0,rbf_none_c10,rbf_svm
CH0731,avril lavigne,0,0,-0.4118469867467695,decision_margin,0,rbf_none_c10,rbf_svm
CH0732,gwen stefani,0,1,0.3431530513914555,decision_margin,0,rbf_none_c10,rbf_svm
CH0737,rascal flatts,0,1,0.11823232945316166,decision_margin,0,rbf_none_c10,rbf_svm
CH0739,rascal flatts,0,0,-0.4148946964448489,decision_margin,0,rbf_none_c10,rbf_svm
CH0745,rascal flatts,0,0,-0.20461919337736217,decision_margin,0,rbf_none_c10,rbf_svm
CH0747,gwen stefani,0,1,0.22830561753704548,decision_margin,0,rbf_none_c10,rbf_svm
CH0748,gwen stefani,0,0,-0.25854048910220956,decision_margin,0,rbf_none_c10,rbf_svm
CH0751,rascal flatts,0,0,-0.19660549948599326,decision_margin,0,rbf_none_c10,rbf_svm
CH0008,ed sheeran,1,0,-0.41168414044622154,decision_margin,0,v3_hgb_leaves3_l210,hist_gradient_boosting
CH0015,doja cat,1,0,-0.30882567783469217,decision_margin,0,v3_hgb_leaves3_l210,hist_gradient_boosting
CH0018,doja cat,1,0,-0.8088958281095601,decision_margin,0,v3_hgb_leaves3_l210,hist_gradient_boosting
CH0026,maroon 5,1,1,0.06437841042783786,decision_margin,0,v3_hgb_leaves3_l210,hist_gradient_boosting
CH0027,doja cat,1,0,-0.34398335902215577,decision_margin,0,v3_hgb_leaves3_l210,hist_gradient_boosting
CH0072,ed sheeran,1,0,-0.2633454981381576,decision_margin,0,v3_hgb_leaves3_l210,hist_gradient_boosting
CH0076,camila cabello,1,0,-0.3769489636754167,decision_margin,0,v3_hgb_leaves3_l210,hist_gradient_boosting
CH0087,maroon 5,1,1,0.1574494993225984,decision_margin,0,v3_hgb_leaves3_l210,hist_gradient_boosting
CH0091,ed sheeran,1,0,-0.6138139092892847,decision_margin,0,v3_hgb_leaves3_l210,hist_gradient_boosting
CH0106,ed sheeran,1,0,-0.46419605983631756,decision_margin,0,v3_hgb_leaves3_l210,hist_gradient_boosting
CH0121,twenty one pilots,1,0,-0.12020284866940933,decision_margin,0,v3_hgb_leaves3_l210,hist_gradient_boosting
CH0124,twenty one pilots,1,1,0.3932675713473717,decision_margin,0,v3_hgb_leaves3_l210,hist_gradient_boosting
CH0139,coldplay,1,0,-0.5269924186086017,decision_margin,0,v3_hgb_leaves3_l210,hist_gradient_boosting
CH0144,coldplay,1,1,0.10420763525697033,decision_margin,0,v3_hgb_leaves3_l210,hist_gradient_boosting
CH0146,ed sheeran,1,0,-0.76070026429657,decision_margin,0,v3_hgb_leaves3_l210,hist_gradient_boosting
CH0148,maroon 5,1,1,0.15752304565548741,decision_margin,0,v3_hgb_leaves3_l210,hist_gradient_boosting
CH0156,ed sheeran,1,0,-0.3133976144661383,decision_margin,0,v3_hgb_leaves3_l210,hist_gradient_boosting
CH0157,maroon 5,1,0,-0.9072827714032264,decision_margin,0,v3_hgb_leaves3_l210,hist_gradient_boosting
CH0164,ed sheeran,1,0,-0.24899359872546323,decision_margin,0,v3_hgb_leaves3_l210,hist_gradient_boosting
CH0170,maroon 5,1,1,0.4069808882988725,decision_margin,0,v3_hgb_leaves3_l210,hist_gradient_boosting
CH0175,coldplay,1,1,0.48426775885902207,decision_margin,0,v3_hgb_leaves3_l210,hist_gradient_boosting
CH0187,maroon 5,1,0,-0.9232086676375015,decision_margin,0,v3_hgb_leaves3_l210,hist_gradient_boosting
CH0189,maroon 5,1,0,-0.23567193714746823,decision_margin,0,v3_hgb_leaves3_l210,hist_gradient_boosting
CH0191,maroon 5,1,0,-0.38741725321148707,decision_margin,0,v3_hgb_leaves3_l210,hist_gradient_boosting
CH0193,ke$ha,1,0,-0.03628457021449282,decision_margin,0,v3_hgb_leaves3_l210,hist_gradient_boosting
CH0198,ed sheeran,1,0,-0.008905516244865918,decision_margin,0,v3_hgb_leaves3_l210,hist_gradient_boosting
CH0200,ne-yo,1,0,-0.2855321319365646,decision_margin,0,v3_hgb_leaves3_l210,hist_gradient_boosting
CH0216,coldplay,1,0,-0.5728287608994326,decision_margin,0,v3_hgb_leaves3_l210,hist_gradient_boosting
CH0234,britney spears,1,0,-0.013595141018795857,decision_margin,0,v3_hgb_leaves3_l210,hist_gradient_boosting
CH0236,ke$ha,1,1,0.6162341665601775,decision_margin,0,v3_hgb_leaves3_l210,hist_gradient_boosting
CH0237,ke$ha,1,1,0.2504894428565411,decision_margin,0,v3_hgb_leaves3_l210,hist_gradient_boosting
CH0239,britney spears,1,1,0.5271137539202011,decision_margin,0,v3_hgb_leaves3_l210,hist_gradient_boosting
CH0242,britney spears,1,1,0.5358663868453682,decision_margin,0,v3_hgb_leaves3_l210,hist_gradient_boosting
CH0244,avril lavigne,1,1,0.35652071574586175,decision_margin,0,v3_hgb_leaves3_l210,hist_gradient_boosting
CH0252,ke$ha,1,1,0.376347813831516,decision_margin,0,v3_hgb_leaves3_l210,hist_gradient_boosting
CH0256,ke$ha,1,1,0.07876368629390894,decision_margin,0,v3_hgb_leaves3_l210,hist_gradient_boosting
CH0261,ke$ha,1,1,0.3605564330527031,decision_margin,0,v3_hgb_leaves3_l210,hist_gradient_boosting
CH0263,maroon 5,1,0,-0.3123067042296125,decision_margin,0,v3_hgb_leaves3_l210,hist_gradient_boosting
CH0267,britney spears,1,1,0.9854617213864945,decision_margin,0,v3_hgb_leaves3_l210,hist_gradient_boosting
CH0283,britney spears,1,0,-0.003354839989069201,decision_margin,0,v3_hgb_leaves3_l210,hist_gradient_boosting
CH0287,britney spears,1,1,0.05931969725583268,decision_margin,0,v3_hgb_leaves3_l210,hist_gradient_boosting
CH0288,ne-yo,1,0,-0.54542154445941,decision_margin,0,v3_hgb_leaves3_l210,hist_gradient_boosting
CH0294,coldplay,1,1,0.21484127927059182,decision_margin,0,v3_hgb_leaves3_l210,hist_gradient_boosting
CH0296,ne-yo,1,0,-0.5778870008695135,decision_margin,0,v3_hgb_leaves3_l210,hist_gradient_boosting
CH0299,britney spears,1,0,-0.03182250829643489,decision_margin,0,v3_hgb_leaves3_l210,hist_gradient_boosting
CH0312,ne-yo,1,0,-0.48148710873917805,decision_margin,0,v3_hgb_leaves3_l210,hist_gradient_boosting
CH0322,britney spears,1,0,-0.34720656328516836,decision_margin,0,v3_hgb_leaves3_l210,hist_gradient_boosting
CH0328,avril lavigne,1,1,0.48487625569420634,decision_margin,0,v3_hgb_leaves3_l210,hist_gradient_boosting
CH0329,maroon 5,1,0,-0.2605779507222688,decision_margin,0,v3_hgb_leaves3_l210,hist_gradient_boosting
CH0340,ne-yo,1,1,0.11172968316058342,decision_margin,0,v3_hgb_leaves3_l210,hist_gradient_boosting
CH0342,avril lavigne,1,0,-0.46601173752981584,decision_margin,0,v3_hgb_leaves3_l210,hist_gradient_boosting
CH0344,gwen stefani,1,1,0.3105345495782372,decision_margin,0,v3_hgb_leaves3_l210,hist_gradient_boosting
CH0351,ne-yo,1,0,-0.0777367147377236,decision_margin,0,v3_hgb_leaves3_l210,hist_gradient_boosting
CH0354,rascal flatts,1,1,0.018111156166636933,decision_margin,0,v3_hgb_leaves3_l210,hist_gradient_boosting
CH0359,ne-yo,1,1,0.08859468348720916,decision_margin,0,v3_hgb_leaves3_l210,hist_gradient_boosting
CH0360,rascal flatts,1,0,-0.7139266359697175,decision_margin,0,v3_hgb_leaves3_l210,hist_gradient_boosting
CH0365,ne-yo,1,1,0.5565534397224384,decision_margin,0,v3_hgb_leaves3_l210,hist_gradient_boosting
CH0370,ed sheeran,0,0,-0.6105112660007721,decision_margin,0,v3_hgb_leaves3_l210,hist_gradient_boosting
CH0386,doja cat,0,0,-0.3080331122046753,decision_margin,0,v3_hgb_leaves3_l210,hist_gradient_boosting
CH0393,doja cat,0,1,0.4750028395285629,decision_margin,0,v3_hgb_leaves3_l210,hist_gradient_boosting
CH0394,camila cabello,0,1,0.21959891207481186,decision_margin,0,v3_hgb_leaves3_l210,hist_gradient_boosting
CH0408,ed sheeran,0,0,-0.005245504190809568,decision_margin,0,v3_hgb_leaves3_l210,hist_gradient_boosting
CH0459,doja cat,0,0,-0.3916513736610892,decision_margin,0,v3_hgb_leaves3_l210,hist_gradient_boosting
CH0481,camila cabello,0,1,0.049594849337706616,decision_margin,0,v3_hgb_leaves3_l210,hist_gradient_boosting
CH0487,twenty one pilots,0,0,-0.4960000734181233,decision_margin,0,v3_hgb_leaves3_l210,hist_gradient_boosting
CH0508,rascal flatts,0,1,0.31737819611868456,decision_margin,0,v3_hgb_leaves3_l210,hist_gradient_boosting
CH0509,camila cabello,0,1,0.35195696992384873,decision_margin,0,v3_hgb_leaves3_l210,hist_gradient_boosting
CH0517,ed sheeran,0,1,0.350652516457659,decision_margin,0,v3_hgb_leaves3_l210,hist_gradient_boosting
CH0520,ed sheeran,0,0,-0.3958916280353532,decision_margin,0,v3_hgb_leaves3_l210,hist_gradient_boosting
CH0533,rascal flatts,0,0,-0.448000091403562,decision_margin,0,v3_hgb_leaves3_l210,hist_gradient_boosting
CH0538,gwen stefani,0,0,-0.016522702697733524,decision_margin,0,v3_hgb_leaves3_l210,hist_gradient_boosting
CH0542,gwen stefani,0,1,0.19589857293321059,decision_margin,0,v3_hgb_leaves3_l210,hist_gradient_boosting
CH0560,maroon 5,0,0,-0.08546843584592842,decision_margin,0,v3_hgb_leaves3_l210,hist_gradient_boosting
CH0565,twenty one pilots,0,0,-0.46991283267330686,decision_margin,0,v3_hgb_leaves3_l210,hist_gradient_boosting
CH0573,twenty one pilots,0,0,-0.3141322817881759,decision_margin,0,v3_hgb_leaves3_l210,hist_gradient_boosting
CH0579,gwen stefani,0,1,0.408797736818715,decision_margin,0,v3_hgb_leaves3_l210,hist_gradient_boosting
CH0586,rascal flatts,0,1,0.4310465037184038,decision_margin,0,v3_hgb_leaves3_l210,hist_gradient_boosting
CH0587,coldplay,0,1,0.04845379014600681,decision_margin,0,v3_hgb_leaves3_l210,hist_gradient_boosting
CH0596,britney spears,0,0,-0.07458120631351053,decision_margin,0,v3_hgb_leaves3_l210,hist_gradient_boosting
CH0605,britney spears,0,1,0.3885995288594952,decision_margin,0,v3_hgb_leaves3_l210,hist_gradient_boosting
CH0608,britney spears,0,1,0.5261893378971705,decision_margin,0,v3_hgb_leaves3_l210,hist_gradient_boosting
CH0609,avril lavigne,0,0,-0.06789774986552634,decision_margin,0,v3_hgb_leaves3_l210,hist_gradient_boosting
CH0615,ke$ha,0,1,0.0697816708712249,decision_margin,0,v3_hgb_leaves3_l210,hist_gradient_boosting
CH0617,rascal flatts,0,0,-0.6246573096323492,decision_margin,0,v3_hgb_leaves3_l210,hist_gradient_boosting
CH0626,rascal flatts,0,0,-0.36735441411417036,decision_margin,0,v3_hgb_leaves3_l210,hist_gradient_boosting
CH0631,rascal flatts,0,0,-0.11929024181929357,decision_margin,0,v3_hgb_leaves3_l210,hist_gradient_boosting
CH0636,avril lavigne,0,1,0.46110142494899264,decision_margin,0,v3_hgb_leaves3_l210,hist_gradient_boosting
CH0643,britney spears,0,0,-0.024460385075156212,decision_margin,0,v3_hgb_leaves3_l210,hist_gradient_boosting
CH0648,maroon 5,0,0,-0.0060602198849084975,decision_margin,0,v3_hgb_leaves3_l210,hist_gradient_boosting
CH0650,avril lavigne,0,0,-0.12652093774059564,decision_margin,0,v3_hgb_leaves3_l210,hist_gradient_boosting
CH0652,rascal flatts,0,0,-0.5739108273856522,decision_margin,0,v3_hgb_leaves3_l210,hist_gradient_boosting
CH0657,rascal flatts,0,1,0.1328188334889007,decision_margin,0,v3_hgb_leaves3_l210,hist_gradient_boosting
CH0660,ne-yo,0,0,-0.27553641017631647,decision_margin,0,v3_hgb_leaves3_l210,hist_gradient_boosting
CH0661,ne-yo,0,0,-0.36964364832323615,decision_margin,0,v3_hgb_leaves3_l210,hist_gradient_boosting
CH0664,ne-yo,0,1,0.38708484747497945,decision_margin,0,v3_hgb_leaves3_l210,hist_gradient_boosting
CH0669,rascal flatts,0,1,0.5222764171908614,decision_margin,0,v3_hgb_leaves3_l210,hist_gradient_boosting
CH0671,avril lavigne,0,0,-0.595223590464196,decision_margin,0,v3_hgb_leaves3_l210,hist_gradient_boosting
CH0686,rascal flatts,0,0,-0.22366686101781222,decision_margin,0,v3_hgb_leaves3_l210,hist_gradient_boosting
CH0692,rascal flatts,0,0,-0.40566064801332713,decision_margin,0,v3_hgb_leaves3_l210,hist_gradient_boosting
CH0700,rascal flatts,0,0,-0.3496762387740555,decision_margin,0,v3_hgb_leaves3_l210,hist_gradient_boosting
CH0716,britney spears,0,1,0.6534675187696638,decision_margin,0,v3_hgb_leaves3_l210,hist_gradient_boosting
CH0717,maroon 5,0,0,-0.17701845410718248,decision_margin,0,v3_hgb_leaves3_l210,hist_gradient_boosting
CH0718,ne-yo,0,0,-0.004044073916854718,decision_margin,0,v3_hgb_leaves3_l210,hist_gradient_boosting
CH0720,maroon 5,0,0,-0.16310103129836984,decision_margin,0,v3_hgb_leaves3_l210,hist_gradient_boosting
CH0722,britney spears,0,0,-0.7861352541990786,decision_margin,0,v3_hgb_leaves3_l210,hist_gradient_boosting
CH0724,rascal flatts,0,1,0.0942867122086161,decision_margin,0,v3_hgb_leaves3_l210,hist_gradient_boosting
CH0728,rascal flatts,0,0,-0.24257458060903817,decision_margin,0,v3_hgb_leaves3_l210,hist_gradient_boosting
CH0730,ne-yo,0,0,-0.03816314640143206,decision_margin,0,v3_hgb_leaves3_l210,hist_gradient_boosting
CH0731,avril lavigne,0,0,-0.21206072604249887,decision_margin,0,v3_hgb_leaves3_l210,hist_gradient_boosting
CH0732,gwen stefani,0,1,0.37679380571221116,decision_margin,0,v3_hgb_leaves3_l210,hist_gradient_boosting
CH0737,rascal flatts,0,0,-0.7592612217004139,decision_margin,0,v3_hgb_leaves3_l210,hist_gradient_boosting
CH0739,rascal flatts,0,0,-0.3601009946626759,decision_margin,0,v3_hgb_leaves3_l210,hist_gradient_boosting
CH0745,rascal flatts,0,1,0.29205566700927843,decision_margin,0,v3_hgb_leaves3_l210,hist_gradient_boosting
CH0747,gwen stefani,0,0,-0.13294510798336673,decision_margin,0,v3_hgb_leaves3_l210,hist_gradient_boosting
CH0748,gwen stefani,0,0,-0.40396885183128495,decision_margin,0,v3_hgb_leaves3_l210,hist_gradient_boosting
CH0751,rascal flatts,0,1,0.1598361719900831,decision_margin,0,v3_hgb_leaves3_l210,hist_gradient_boosting
CH0008,ed sheeran,1,0,0.35702731528525505,uncalibrated_class_1_probability,0,v3_knn15_quantile_pca15,knn
CH0015,doja cat,1,0,0.3254366318436584,uncalibrated_class_1_probability,0,v3_knn15_quantile_pca15,knn
CH0018,doja cat,1,0,0.19573170942306614,uncalibrated_class_1_probability,0,v3_knn15_quantile_pca15,knn
CH0026,maroon 5,1,0,0.4520169385970294,uncalibrated_class_1_probability,0,v3_knn15_quantile_pca15,knn
CH0027,doja cat,1,0,0.4676639103643257,uncalibrated_class_1_probability,0,v3_knn15_quantile_pca15,knn
CH0072,ed sheeran,1,1,0.5362241285852521,uncalibrated_class_1_probability,0,v3_knn15_quantile_pca15,knn
CH0076,camila cabello,1,0,0.3421226179701539,uncalibrated_class_1_probability,0,v3_knn15_quantile_pca15,knn
CH0087,maroon 5,1,1,0.5445098237234051,uncalibrated_class_1_probability,0,v3_knn15_quantile_pca15,knn
CH0091,ed sheeran,1,0,0.47929569965121854,uncalibrated_class_1_probability,0,v3_knn15_quantile_pca15,knn
CH0106,ed sheeran,1,0,0.43297212753715314,uncalibrated_class_1_probability,0,v3_knn15_quantile_pca15,knn
CH0121,twenty one pilots,1,0,0.3259077399988429,uncalibrated_class_1_probability,0,v3_knn15_quantile_pca15,knn
CH0124,twenty one pilots,1,1,0.5213425796016462,uncalibrated_class_1_probability,0,v3_knn15_quantile_pca15,knn
CH0139,coldplay,1,0,0.39430706436673835,uncalibrated_class_1_probability,0,v3_knn15_quantile_pca15,knn
CH0144,coldplay,1,0,0.47995219055067523,uncalibrated_class_1_probability,0,v3_knn15_quantile_pca15,knn
CH0146,ed sheeran,1,0,0.2021650596840992,uncalibrated_class_1_probability,0,v3_knn15_quantile_pca15,knn
CH0148,maroon 5,1,1,0.7857386367787366,uncalibrated_class_1_probability,0,v3_knn15_quantile_pca15,knn
CH0156,ed sheeran,1,0,0.31378974438423746,uncalibrated_class_1_probability,0,v3_knn15_quantile_pca15,knn
CH0157,maroon 5,1,0,0.37997733307694814,uncalibrated_class_1_probability,0,v3_knn15_quantile_pca15,knn
CH0164,ed sheeran,1,1,0.6554794647952069,uncalibrated_class_1_probability,0,v3_knn15_quantile_pca15,knn
CH0170,maroon 5,1,0,0.28133046651789934,uncalibrated_class_1_probability,0,v3_knn15_quantile_pca15,knn
CH0175,coldplay,1,0,0.466182043295462,uncalibrated_class_1_probability,0,v3_knn15_quantile_pca15,knn
CH0187,maroon 5,1,0,0.24529421968008186,uncalibrated_class_1_probability,0,v3_knn15_quantile_pca15,knn
CH0189,maroon 5,1,1,0.5969903588748666,uncalibrated_class_1_probability,0,v3_knn15_quantile_pca15,knn
CH0191,maroon 5,1,1,0.7153166521040729,uncalibrated_class_1_probability,0,v3_knn15_quantile_pca15,knn
CH0193,ke$ha,1,0,0.3178208392002966,uncalibrated_class_1_probability,0,v3_knn15_quantile_pca15,knn
CH0198,ed sheeran,1,0,0.3266053656018843,uncalibrated_class_1_probability,0,v3_knn15_quantile_pca15,knn
CH0200,ne-yo,1,1,0.522872829336103,uncalibrated_class_1_probability,0,v3_knn15_quantile_pca15,knn
CH0216,coldplay,1,0,0.33801061004320326,uncalibrated_class_1_probability,0,v3_knn15_quantile_pca15,knn
CH0234,britney spears,1,1,0.7287335956299733,uncalibrated_class_1_probability,0,v3_knn15_quantile_pca15,knn
CH0236,ke$ha,1,0,0.48330791538928153,uncalibrated_class_1_probability,0,v3_knn15_quantile_pca15,knn
CH0237,ke$ha,1,1,0.5808227247905104,uncalibrated_class_1_probability,0,v3_knn15_quantile_pca15,knn
CH0239,britney spears,1,1,0.6637523620274843,uncalibrated_class_1_probability,0,v3_knn15_quantile_pca15,knn
CH0242,britney spears,1,0,0.3316768564393228,uncalibrated_class_1_probability,0,v3_knn15_quantile_pca15,knn
CH0244,avril lavigne,1,0,0.32573076281117286,uncalibrated_class_1_probability,0,v3_knn15_quantile_pca15,knn
CH0252,ke$ha,1,0,0.4077076076667593,uncalibrated_class_1_probability,0,v3_knn15_quantile_pca15,knn
CH0256,ke$ha,1,0,0.45314234506473305,uncalibrated_class_1_probability,0,v3_knn15_quantile_pca15,knn
CH0261,ke$ha,1,0,0.4657301583039534,uncalibrated_class_1_probability,0,v3_knn15_quantile_pca15,knn
CH0263,maroon 5,1,0,0.440747775376648,uncalibrated_class_1_probability,0,v3_knn15_quantile_pca15,knn
CH0267,britney spears,1,0,0.466164265891728,uncalibrated_class_1_probability,0,v3_knn15_quantile_pca15,knn
CH0283,britney spears,1,0,0.34514500720209335,uncalibrated_class_1_probability,0,v3_knn15_quantile_pca15,knn
CH0287,britney spears,1,1,0.5324229376727693,uncalibrated_class_1_probability,0,v3_knn15_quantile_pca15,knn
CH0288,ne-yo,1,0,0.462201190247502,uncalibrated_class_1_probability,0,v3_knn15_quantile_pca15,knn
CH0294,coldplay,1,1,0.7581155451635748,uncalibrated_class_1_probability,0,v3_knn15_quantile_pca15,knn
CH0296,ne-yo,1,0,0.3173039239888036,uncalibrated_class_1_probability,0,v3_knn15_quantile_pca15,knn
CH0299,britney spears,1,0,0.3925430873904429,uncalibrated_class_1_probability,0,v3_knn15_quantile_pca15,knn
CH0312,ne-yo,1,0,0.4627897594805141,uncalibrated_class_1_probability,0,v3_knn15_quantile_pca15,knn
CH0322,britney spears,1,0,0.4703756210937229,uncalibrated_class_1_probability,0,v3_knn15_quantile_pca15,knn
CH0328,avril lavigne,1,0,0.4057793388546742,uncalibrated_class_1_probability,0,v3_knn15_quantile_pca15,knn
CH0329,maroon 5,1,0,0.3329106025874118,uncalibrated_class_1_probability,0,v3_knn15_quantile_pca15,knn
CH0340,ne-yo,1,0,0.34449894583400476,uncalibrated_class_1_probability,0,v3_knn15_quantile_pca15,knn
CH0342,avril lavigne,1,1,0.5260575729907773,uncalibrated_class_1_probability,0,v3_knn15_quantile_pca15,knn
CH0344,gwen stefani,1,0,0.253767133354629,uncalibrated_class_1_probability,0,v3_knn15_quantile_pca15,knn
CH0351,ne-yo,1,1,0.524348230238135,uncalibrated_class_1_probability,0,v3_knn15_quantile_pca15,knn
CH0354,rascal flatts,1,1,0.6416384710526823,uncalibrated_class_1_probability,0,v3_knn15_quantile_pca15,knn
CH0359,ne-yo,1,1,0.6789810529384034,uncalibrated_class_1_probability,0,v3_knn15_quantile_pca15,knn
CH0360,rascal flatts,1,0,0.4755626508542481,uncalibrated_class_1_probability,0,v3_knn15_quantile_pca15,knn
CH0365,ne-yo,1,1,0.5404114568662117,uncalibrated_class_1_probability,0,v3_knn15_quantile_pca15,knn
CH0370,ed sheeran,0,1,0.5295108193622173,uncalibrated_class_1_probability,0,v3_knn15_quantile_pca15,knn
CH0386,doja cat,0,0,0.40174076911934314,uncalibrated_class_1_probability,0,v3_knn15_quantile_pca15,knn
CH0393,doja cat,0,0,0.48285211539629325,uncalibrated_class_1_probability,0,v3_knn15_quantile_pca15,knn
CH0394,camila cabello,0,0,0.34400243101742745,uncalibrated_class_1_probability,0,v3_knn15_quantile_pca15,knn
CH0408,ed sheeran,0,0,0.4044741060729311,uncalibrated_class_1_probability,0,v3_knn15_quantile_pca15,knn
CH0459,doja cat,0,0,0.33832617768796475,uncalibrated_class_1_probability,0,v3_knn15_quantile_pca15,knn
CH0481,camila cabello,0,0,0.2679799390798447,uncalibrated_class_1_probability,0,v3_knn15_quantile_pca15,knn
CH0487,twenty one pilots,0,1,0.6719085043283141,uncalibrated_class_1_probability,0,v3_knn15_quantile_pca15,knn
CH0508,rascal flatts,0,1,0.6704231384603585,uncalibrated_class_1_probability,0,v3_knn15_quantile_pca15,knn
CH0509,camila cabello,0,1,0.6186765921929602,uncalibrated_class_1_probability,0,v3_knn15_quantile_pca15,knn
CH0517,ed sheeran,0,1,0.5548058849890799,uncalibrated_class_1_probability,0,v3_knn15_quantile_pca15,knn
CH0520,ed sheeran,0,0,0.36706994299093915,uncalibrated_class_1_probability,0,v3_knn15_quantile_pca15,knn
CH0533,rascal flatts,0,0,0.3219995352711523,uncalibrated_class_1_probability,0,v3_knn15_quantile_pca15,knn
CH0538,gwen stefani,0,0,0.4699527366174374,uncalibrated_class_1_probability,0,v3_knn15_quantile_pca15,knn
CH0542,gwen stefani,0,1,0.6100046630535731,uncalibrated_class_1_probability,0,v3_knn15_quantile_pca15,knn
CH0560,maroon 5,0,0,0.39550246049008003,uncalibrated_class_1_probability,0,v3_knn15_quantile_pca15,knn
CH0565,twenty one pilots,0,0,0.2672187945553827,uncalibrated_class_1_probability,0,v3_knn15_quantile_pca15,knn
CH0573,twenty one pilots,0,0,0.4343017382817764,uncalibrated_class_1_probability,0,v3_knn15_quantile_pca15,knn
CH0579,gwen stefani,0,1,0.8004414922679485,uncalibrated_class_1_probability,0,v3_knn15_quantile_pca15,knn
CH0586,rascal flatts,0,1,0.7538460949996372,uncalibrated_class_1_probability,0,v3_knn15_quantile_pca15,knn
CH0587,coldplay,0,1,0.523057193425916,uncalibrated_class_1_probability,0,v3_knn15_quantile_pca15,knn
CH0596,britney spears,0,1,0.7367174108202045,uncalibrated_class_1_probability,0,v3_knn15_quantile_pca15,knn
CH0605,britney spears,0,1,0.5096294843972524,uncalibrated_class_1_probability,0,v3_knn15_quantile_pca15,knn
CH0608,britney spears,0,1,0.7378971545016461,uncalibrated_class_1_probability,0,v3_knn15_quantile_pca15,knn
CH0609,avril lavigne,0,0,0.2703510597729684,uncalibrated_class_1_probability,0,v3_knn15_quantile_pca15,knn
CH0615,ke$ha,0,0,0.3137496499354041,uncalibrated_class_1_probability,0,v3_knn15_quantile_pca15,knn
CH0617,rascal flatts,0,0,0.47801277303396444,uncalibrated_class_1_probability,0,v3_knn15_quantile_pca15,knn
CH0626,rascal flatts,0,1,0.5280259170054438,uncalibrated_class_1_probability,0,v3_knn15_quantile_pca15,knn
CH0631,rascal flatts,0,0,0.40686496048131365,uncalibrated_class_1_probability,0,v3_knn15_quantile_pca15,knn
CH0636,avril lavigne,0,0,0.3847739548791026,uncalibrated_class_1_probability,0,v3_knn15_quantile_pca15,knn
CH0643,britney spears,0,1,0.5270916142602745,uncalibrated_class_1_probability,0,v3_knn15_quantile_pca15,knn
CH0648,maroon 5,0,1,0.5257259136082512,uncalibrated_class_1_probability,0,v3_knn15_quantile_pca15,knn
CH0650,avril lavigne,0,1,0.6178008813766787,uncalibrated_class_1_probability,0,v3_knn15_quantile_pca15,knn
CH0652,rascal flatts,0,1,0.5129557468577117,uncalibrated_class_1_probability,0,v3_knn15_quantile_pca15,knn
CH0657,rascal flatts,0,1,0.5919603569819138,uncalibrated_class_1_probability,0,v3_knn15_quantile_pca15,knn
CH0660,ne-yo,0,1,0.600143539026985,uncalibrated_class_1_probability,0,v3_knn15_quantile_pca15,knn
CH0661,ne-yo,0,0,0.4605471475897678,uncalibrated_class_1_probability,0,v3_knn15_quantile_pca15,knn
CH0664,ne-yo,0,1,0.5183898029924395,uncalibrated_class_1_probability,0,v3_knn15_quantile_pca15,knn
CH0669,rascal flatts,0,0,0.41153974577508995,uncalibrated_class_1_probability,0,v3_knn15_quantile_pca15,knn
CH0671,avril lavigne,0,0,0.46399427975943813,uncalibrated_class_1_probability,0,v3_knn15_quantile_pca15,knn
CH0686,rascal flatts,0,0,0.37884743673457044,uncalibrated_class_1_probability,0,v3_knn15_quantile_pca15,knn
CH0692,rascal flatts,0,0,0.32109134548233575,uncalibrated_class_1_probability,0,v3_knn15_quantile_pca15,knn
CH0700,rascal flatts,0,1,0.6586414162414164,uncalibrated_class_1_probability,0,v3_knn15_quantile_pca15,knn
CH0716,britney spears,0,1,0.6650554467813958,uncalibrated_class_1_probability,0,v3_knn15_quantile_pca15,knn
CH0717,maroon 5,0,0,0.38656511992266473,uncalibrated_class_1_probability,0,v3_knn15_quantile_pca15,knn
CH0718,ne-yo,0,1,0.593418386231216,uncalibrated_class_1_probability,0,v3_knn15_quantile_pca15,knn
CH0720,maroon 5,0,0,0.3258747425697111,uncalibrated_class_1_probability,0,v3_knn15_quantile_pca15,knn
CH0722,britney spears,0,1,0.6015764196543848,uncalibrated_class_1_probability,0,v3_knn15_quantile_pca15,knn
CH0724,rascal flatts,0,0,0.3788004175026672,uncalibrated_class_1_probability,0,v3_knn15_quantile_pca15,knn
CH0728,rascal flatts,0,0,0.3541487513808586,uncalibrated_class_1_probability,0,v3_knn15_quantile_pca15,knn
CH0730,ne-yo,0,1,0.5175132675043153,uncalibrated_class_1_probability,0,v3_knn15_quantile_pca15,knn
CH0731,avril lavigne,0,1,0.523335161875819,uncalibrated_class_1_probability,0,v3_knn15_quantile_pca15,knn
CH0732,gwen stefani,0,0,0.4702529010425143,uncalibrated_class_1_probability,0,v3_knn15_quantile_pca15,knn
CH0737,rascal flatts,0,0,0.26378223070013695,uncalibrated_class_1_probability,0,v3_knn15_quantile_pca15,knn
CH0739,rascal flatts,0,1,0.5896390125042807,uncalibrated_class_1_probability,0,v3_knn15_quantile_pca15,knn
CH0745,rascal flatts,0,0,0.21806123615037382,uncalibrated_class_1_probability,0,v3_knn15_quantile_pca15,knn
CH0747,gwen stefani,0,0,0.3969694845065632,uncalibrated_class_1_probability,0,v3_knn15_quantile_pca15,knn
CH0748,gwen stefani,0,0,0.2706771068008123,uncalibrated_class_1_probability,0,v3_knn15_quantile_pca15,knn
CH0751,rascal flatts,0,0,0.33853507057508964,uncalibrated_class_1_probability,0,v3_knn15_quantile_pca15,knn
CH0008,ed sheeran,1,1,0.2044548963941003,decision_margin,0,v3_lda_standard_all,lda
CH0015,doja cat,1,0,-1.987643788752485,decision_margin,0,v3_lda_standard_all,lda
CH0018,doja cat,1,0,-3.918028634192256,decision_margin,0,v3_lda_standard_all,lda
CH0026,maroon 5,1,1,1.0652109186520828,decision_margin,0,v3_lda_standard_all,lda
CH0027,doja cat,1,0,-2.937201391223056,decision_margin,0,v3_lda_standard_all,lda
CH0072,ed sheeran,1,1,0.10928271207129003,decision_margin,0,v3_lda_standard_all,lda
CH0076,camila cabello,1,1,0.6174990895377174,decision_margin,0,v3_lda_standard_all,lda
CH0087,maroon 5,1,1,2.294697316608119,decision_margin,0,v3_lda_standard_all,lda
CH0091,ed sheeran,1,0,-0.024168289120857223,decision_margin,0,v3_lda_standard_all,lda
CH0106,ed sheeran,1,1,0.20603370792951847,decision_margin,0,v3_lda_standard_all,lda
CH0121,twenty one pilots,1,1,2.455881900103924,decision_margin,0,v3_lda_standard_all,lda
CH0124,twenty one pilots,1,1,0.26806553545394296,decision_margin,0,v3_lda_standard_all,lda
CH0139,coldplay,1,0,-3.8647887510355483,decision_margin,0,v3_lda_standard_all,lda
CH0144,coldplay,1,0,-1.112621756669275,decision_margin,0,v3_lda_standard_all,lda
CH0146,ed sheeran,1,0,-2.1369882383368064,decision_margin,0,v3_lda_standard_all,lda
CH0148,maroon 5,1,1,1.164429081245897,decision_margin,0,v3_lda_standard_all,lda
CH0156,ed sheeran,1,0,-2.0161969223784486,decision_margin,0,v3_lda_standard_all,lda
CH0157,maroon 5,1,0,-5.000296030461888,decision_margin,0,v3_lda_standard_all,lda
CH0164,ed sheeran,1,0,-2.724862951214397,decision_margin,0,v3_lda_standard_all,lda
CH0170,maroon 5,1,1,2.8224240599358335,decision_margin,0,v3_lda_standard_all,lda
CH0175,coldplay,1,0,-3.152754493801861,decision_margin,0,v3_lda_standard_all,lda
CH0187,maroon 5,1,0,-2.5115205701391856,decision_margin,0,v3_lda_standard_all,lda
CH0189,maroon 5,1,0,-0.41113167338016465,decision_margin,0,v3_lda_standard_all,lda
CH0191,maroon 5,1,1,2.2093633736129363,decision_margin,0,v3_lda_standard_all,lda
CH0193,ke$ha,1,1,1.8082943032003929,decision_margin,0,v3_lda_standard_all,lda
CH0198,ed sheeran,1,0,-2.8668143359481557,decision_margin,0,v3_lda_standard_all,lda
CH0200,ne-yo,1,1,0.5445939135787294,decision_margin,0,v3_lda_standard_all,lda
CH0216,coldplay,1,0,-6.1264804156341395,decision_margin,0,v3_lda_standard_all,lda
CH0234,britney spears,1,0,-2.0507079581552463,decision_margin,0,v3_lda_standard_all,lda
CH0236,ke$ha,1,1,4.689548268455576,decision_margin,0,v3_lda_standard_all,lda
CH0237,ke$ha,1,1,3.711327805583951,decision_margin,0,v3_lda_standard_all,lda
CH0239,britney spears,1,1,3.9730052189274017,decision_margin,0,v3_lda_standard_all,lda
CH0242,britney spears,1,0,-0.40508897241904984,decision_margin,0,v3_lda_standard_all,lda
CH0244,avril lavigne,1,1,2.247975891932399,decision_margin,0,v3_lda_standard_all,lda
CH0252,ke$ha,1,1,2.9435025546801774,decision_margin,0,v3_lda_standard_all,lda
CH0256,ke$ha,1,1,1.5252789356227003,decision_margin,0,v3_lda_standard_all,lda
CH0261,ke$ha,1,1,1.4818861099739054,decision_margin,0,v3_lda_standard_all,lda
CH0263,maroon 5,1,0,-3.968872547240422,decision_margin,0,v3_lda_standard_all,lda
CH0267,britney spears,1,1,1.0018562891196772,decision_margin,0,v3_lda_standard_all,lda
CH0283,britney spears,1,0,-1.010132248791425,decision_margin,0,v3_lda_standard_all,lda
CH0287,britney spears,1,1,3.181141925927498,decision_margin,0,v3_lda_standard_all,lda
CH0288,ne-yo,1,0,-1.5827286464411747,decision_margin,0,v3_lda_standard_all,lda
CH0294,coldplay,1,0,-0.4931540706721651,decision_margin,0,v3_lda_standard_all,lda
CH0296,ne-yo,1,0,-2.244762017488569,decision_margin,0,v3_lda_standard_all,lda
CH0299,britney spears,1,1,1.924588576435799,decision_margin,0,v3_lda_standard_all,lda
CH0312,ne-yo,1,0,-3.292156604840986,decision_margin,0,v3_lda_standard_all,lda
CH0322,britney spears,1,1,1.8554224533166752,decision_margin,0,v3_lda_standard_all,lda
CH0328,avril lavigne,1,1,3.1295885461535065,decision_margin,0,v3_lda_standard_all,lda
CH0329,maroon 5,1,0,-1.9884740216991448,decision_margin,0,v3_lda_standard_all,lda
CH0340,ne-yo,1,0,-1.0454912133474052,decision_margin,0,v3_lda_standard_all,lda
CH0342,avril lavigne,1,0,-3.5115912245618253,decision_margin,0,v3_lda_standard_all,lda
CH0344,gwen stefani,1,1,4.170268556327489,decision_margin,0,v3_lda_standard_all,lda
CH0351,ne-yo,1,0,-2.83433021220983,decision_margin,0,v3_lda_standard_all,lda
CH0354,rascal flatts,1,1,1.4303798371971959,decision_margin,0,v3_lda_standard_all,lda
CH0359,ne-yo,1,1,1.437464133708762,decision_margin,0,v3_lda_standard_all,lda
CH0360,rascal flatts,1,1,0.8482423206077884,decision_margin,0,v3_lda_standard_all,lda
CH0365,ne-yo,1,0,-1.012897358138222,decision_margin,0,v3_lda_standard_all,lda
CH0370,ed sheeran,0,0,-3.159830621314857,decision_margin,0,v3_lda_standard_all,lda
CH0386,doja cat,0,0,-2.5398745294919705,decision_margin,0,v3_lda_standard_all,lda
CH0393,doja cat,0,1,1.7696519093474938,decision_margin,0,v3_lda_standard_all,lda
CH0394,camila cabello,0,1,0.5872723270945577,decision_margin,0,v3_lda_standard_all,lda
CH0408,ed sheeran,0,0,-0.09590770666455084,decision_margin,0,v3_lda_standard_all,lda
CH0459,doja cat,0,0,-2.203288370735923,decision_margin,0,v3_lda_standard_all,lda
CH0481,camila cabello,0,1,0.4768890950920348,decision_margin,0,v3_lda_standard_all,lda
CH0487,twenty one pilots,0,0,-5.498333448187987,decision_margin,0,v3_lda_standard_all,lda
CH0508,rascal flatts,0,1,1.298311197882866,decision_margin,0,v3_lda_standard_all,lda
CH0509,camila cabello,0,0,-0.061906610640114934,decision_margin,0,v3_lda_standard_all,lda
CH0517,ed sheeran,0,1,1.9610929617173753,decision_margin,0,v3_lda_standard_all,lda
CH0520,ed sheeran,0,0,-3.190214329408977,decision_margin,0,v3_lda_standard_all,lda
CH0533,rascal flatts,0,0,-3.577175948842678,decision_margin,0,v3_lda_standard_all,lda
CH0538,gwen stefani,0,1,0.07110204849959478,decision_margin,0,v3_lda_standard_all,lda
CH0542,gwen stefani,0,0,-3.9584651687974373,decision_margin,0,v3_lda_standard_all,lda
CH0560,maroon 5,0,1,5.143979987035808,decision_margin,0,v3_lda_standard_all,lda
CH0565,twenty one pilots,0,0,-3.5435840344720475,decision_margin,0,v3_lda_standard_all,lda
CH0573,twenty one pilots,0,0,-1.1269602010187316,decision_margin,0,v3_lda_standard_all,lda
CH0579,gwen stefani,0,1,0.13961853969599813,decision_margin,0,v3_lda_standard_all,lda
CH0586,rascal flatts,0,1,3.4899244024847142,decision_margin,0,v3_lda_standard_all,lda
CH0587,coldplay,0,1,0.7916532375204709,decision_margin,0,v3_lda_standard_all,lda
CH0596,britney spears,0,1,0.15039845444891853,decision_margin,0,v3_lda_standard_all,lda
CH0605,britney spears,0,1,0.7522568153721227,decision_margin,0,v3_lda_standard_all,lda
CH0608,britney spears,0,0,-2.1704485646860694,decision_margin,0,v3_lda_standard_all,lda
CH0609,avril lavigne,0,1,1.2219470346767043,decision_margin,0,v3_lda_standard_all,lda
CH0615,ke$ha,0,1,0.03777604091132325,decision_margin,0,v3_lda_standard_all,lda
CH0617,rascal flatts,0,0,-0.975022536255343,decision_margin,0,v3_lda_standard_all,lda
CH0626,rascal flatts,0,1,1.0783445245582235,decision_margin,0,v3_lda_standard_all,lda
CH0631,rascal flatts,0,1,3.169498400287239,decision_margin,0,v3_lda_standard_all,lda
CH0636,avril lavigne,0,0,-0.3165376057053172,decision_margin,0,v3_lda_standard_all,lda
CH0643,britney spears,0,1,0.531736369687323,decision_margin,0,v3_lda_standard_all,lda
CH0648,maroon 5,0,1,1.5564958804466316,decision_margin,0,v3_lda_standard_all,lda
CH0650,avril lavigne,0,1,1.6619784327826492,decision_margin,0,v3_lda_standard_all,lda
CH0652,rascal flatts,0,0,-5.2293349071253346,decision_margin,0,v3_lda_standard_all,lda
CH0657,rascal flatts,0,1,2.330227247446929,decision_margin,0,v3_lda_standard_all,lda
CH0660,ne-yo,0,0,-3.409076319560587,decision_margin,0,v3_lda_standard_all,lda
CH0661,ne-yo,0,0,-1.5098773351308896,decision_margin,0,v3_lda_standard_all,lda
CH0664,ne-yo,0,1,0.45069985140780067,decision_margin,0,v3_lda_standard_all,lda
CH0669,rascal flatts,0,1,3.6419514835199402,decision_margin,0,v3_lda_standard_all,lda
CH0671,avril lavigne,0,0,-0.29411236928520745,decision_margin,0,v3_lda_standard_all,lda
CH0686,rascal flatts,0,0,-0.8689221308013422,decision_margin,0,v3_lda_standard_all,lda
CH0692,rascal flatts,0,1,0.2777955364053028,decision_margin,0,v3_lda_standard_all,lda
CH0700,rascal flatts,0,1,4.2111219590300415,decision_margin,0,v3_lda_standard_all,lda
CH0716,britney spears,0,1,1.4317320289969677,decision_margin,0,v3_lda_standard_all,lda
CH0717,maroon 5,0,1,1.1486247626631316,decision_margin,0,v3_lda_standard_all,lda
CH0718,ne-yo,0,1,3.073249675471121,decision_margin,0,v3_lda_standard_all,lda
CH0720,maroon 5,0,0,-1.5777391860152035,decision_margin,0,v3_lda_standard_all,lda
CH0722,britney spears,0,0,-0.7896491786499411,decision_margin,0,v3_lda_standard_all,lda
CH0724,rascal flatts,0,1,0.5139853384532421,decision_margin,0,v3_lda_standard_all,lda
CH0728,rascal flatts,0,1,0.8406299122690206,decision_margin,0,v3_lda_standard_all,lda
CH0730,ne-yo,0,1,0.1232983193405428,decision_margin,0,v3_lda_standard_all,lda
CH0731,avril lavigne,0,1,0.013508234717945045,decision_margin,0,v3_lda_standard_all,lda
CH0732,gwen stefani,0,1,2.814608615658347,decision_margin,0,v3_lda_standard_all,lda
CH0737,rascal flatts,0,1,0.9451016341874552,decision_margin,0,v3_lda_standard_all,lda
CH0739,rascal flatts,0,0,-0.2788880436176986,decision_margin,0,v3_lda_standard_all,lda
CH0745,rascal flatts,0,0,-1.3245834862624566,decision_margin,0,v3_lda_standard_all,lda
CH0747,gwen stefani,0,1,1.196502760483319,decision_margin,0,v3_lda_standard_all,lda
CH0748,gwen stefani,0,0,-0.5840084958189744,decision_margin,0,v3_lda_standard_all,lda
CH0751,rascal flatts,0,1,1.8432669877135597,decision_margin,0,v3_lda_standard_all,lda
CH0008,ed sheeran,1,0,-0.013734806058152796,decision_margin,0,v4_lr_std74_standard_0.03,logistic
CH0015,doja cat,1,1,0.18304422928452402,decision_margin,0,v4_lr_std74_standard_0.03,logistic
CH0018,doja cat,1,0,-1.542805213719484,decision_margin,0,v4_lr_std74_standard_0.03,logistic
CH0026,maroon 5,1,1,0.5288824479572697,decision_margin,0,v4_lr_std74_standard_0.03,logistic
CH0027,doja cat,1,0,-0.5840896944540661,decision_margin,0,v4_lr_std74_standard_0.03,logistic
CH0072,ed sheeran,1,0,-0.21615700629186324,decision_margin,0,v4_lr_std74_standard_0.03,logistic
CH0076,camila cabello,1,0,-0.1749811300074609,decision_margin,0,v4_lr_std74_standard_0.03,logistic
CH0087,maroon 5,1,0,-0.5531262103821897,decision_margin,0,v4_lr_std74_standard_0.03,logistic
CH0091,ed sheeran,1,1,0.4045445259501792,decision_margin,0,v4_lr_std74_standard_0.03,logistic
CH0106,ed sheeran,1,1,0.12136054326809258,decision_margin,0,v4_lr_std74_standard_0.03,logistic
CH0121,twenty one pilots,1,1,0.028016571842631406,decision_margin,0,v4_lr_std74_standard_0.03,logistic
CH0124,twenty one pilots,1,1,0.10132918471340192,decision_margin,0,v4_lr_std74_standard_0.03,logistic
CH0139,coldplay,1,0,-0.06505388235476628,decision_margin,0,v4_lr_std74_standard_0.03,logistic
CH0144,coldplay,1,1,0.5391790070599284,decision_margin,0,v4_lr_std74_standard_0.03,logistic
CH0146,ed sheeran,1,0,-0.2762400264021588,decision_margin,0,v4_lr_std74_standard_0.03,logistic
CH0148,maroon 5,1,1,0.5472124384097994,decision_margin,0,v4_lr_std74_standard_0.03,logistic
CH0156,ed sheeran,1,1,0.18228225372139184,decision_margin,0,v4_lr_std74_standard_0.03,logistic
CH0157,maroon 5,1,1,0.19379212518234157,decision_margin,0,v4_lr_std74_standard_0.03,logistic
CH0164,ed sheeran,1,0,-0.5034277379957178,decision_margin,0,v4_lr_std74_standard_0.03,logistic
CH0170,maroon 5,1,0,-0.3812328082551963,decision_margin,0,v4_lr_std74_standard_0.03,logistic
CH0175,coldplay,1,1,0.1287840208364136,decision_margin,0,v4_lr_std74_standard_0.03,logistic
CH0187,maroon 5,1,0,-1.2102068557427863,decision_margin,0,v4_lr_std74_standard_0.03,logistic
CH0189,maroon 5,1,1,0.504939733696379,decision_margin,0,v4_lr_std74_standard_0.03,logistic
CH0191,maroon 5,1,1,0.6516792056204928,decision_margin,0,v4_lr_std74_standard_0.03,logistic
CH0193,ke$ha,1,0,-0.48643967208230726,decision_margin,0,v4_lr_std74_standard_0.03,logistic
CH0198,ed sheeran,1,0,-0.8422287825522845,decision_margin,0,v4_lr_std74_standard_0.03,logistic
CH0200,ne-yo,1,1,0.6253535272256647,decision_margin,0,v4_lr_std74_standard_0.03,logistic
CH0216,coldplay,1,0,-0.2507647371124787,decision_margin,0,v4_lr_std74_standard_0.03,logistic
CH0234,britney spears,1,0,-0.1830138066771041,decision_margin,0,v4_lr_std74_standard_0.03,logistic
CH0236,ke$ha,1,1,0.7888755567080536,decision_margin,0,v4_lr_std74_standard_0.03,logistic
CH0237,ke$ha,1,1,1.5546136447783254,decision_margin,0,v4_lr_std74_standard_0.03,logistic
CH0239,britney spears,1,1,0.7819602775786707,decision_margin,0,v4_lr_std74_standard_0.03,logistic
CH0242,britney spears,1,1,0.4621244010993258,decision_margin,0,v4_lr_std74_standard_0.03,logistic
CH0244,avril lavigne,1,1,0.882693866770359,decision_margin,0,v4_lr_std74_standard_0.03,logistic
CH0252,ke$ha,1,1,0.2934584554346711,decision_margin,0,v4_lr_std74_standard_0.03,logistic
CH0256,ke$ha,1,1,0.6459690284968937,decision_margin,0,v4_lr_std74_standard_0.03,logistic
CH0261,ke$ha,1,1,0.49337203162883736,decision_margin,0,v4_lr_std74_standard_0.03,logistic
CH0263,maroon 5,1,1,0.2294193397361232,decision_margin,0,v4_lr_std74_standard_0.03,logistic
CH0267,britney spears,1,1,0.8588690878098614,decision_margin,0,v4_lr_std74_standard_0.03,logistic
CH0283,britney spears,1,0,-0.045518747766581234,decision_margin,0,v4_lr_std74_standard_0.03,logistic
CH0287,britney spears,1,1,0.7575798361528863,decision_margin,0,v4_lr_std74_standard_0.03,logistic
CH0288,ne-yo,1,0,-0.4702066632443267,decision_margin,0,v4_lr_std74_standard_0.03,logistic
CH0294,coldplay,1,1,0.4424375453420316,decision_margin,0,v4_lr_std74_standard_0.03,logistic
CH0296,ne-yo,1,1,0.14253238984163383,decision_margin,0,v4_lr_std74_standard_0.03,logistic
CH0299,britney spears,1,1,0.2093259921125606,decision_margin,0,v4_lr_std74_standard_0.03,logistic
CH0312,ne-yo,1,1,0.6771514407020784,decision_margin,0,v4_lr_std74_standard_0.03,logistic
CH0322,britney spears,1,1,0.22783629533387004,decision_margin,0,v4_lr_std74_standard_0.03,logistic
CH0328,avril lavigne,1,1,0.7914946891790086,decision_margin,0,v4_lr_std74_standard_0.03,logistic
CH0329,maroon 5,1,1,0.1007721323986135,decision_margin,0,v4_lr_std74_standard_0.03,logistic
CH0340,ne-yo,1,1,0.9457443570732955,decision_margin,0,v4_lr_std74_standard_0.03,logistic
CH0342,avril lavigne,1,0,-0.9551375940410518,decision_margin,0,v4_lr_std74_standard_0.03,logistic
CH0344,gwen stefani,1,1,0.7820023413199255,decision_margin,0,v4_lr_std74_standard_0.03,logistic
CH0351,ne-yo,1,0,-0.3117020753494014,decision_margin,0,v4_lr_std74_standard_0.03,logistic
CH0354,rascal flatts,1,1,6.236665794676945e-05,decision_margin,0,v4_lr_std74_standard_0.03,logistic
CH0359,ne-yo,1,1,0.9235950143343046,decision_margin,0,v4_lr_std74_standard_0.03,logistic
CH0360,rascal flatts,1,1,0.44327151043146723,decision_margin,0,v4_lr_std74_standard_0.03,logistic
CH0365,ne-yo,1,1,0.6250867283570152,decision_margin,0,v4_lr_std74_standard_0.03,logistic
CH0370,ed sheeran,0,0,-0.5995824854797487,decision_margin,0,v4_lr_std74_standard_0.03,logistic
CH0386,doja cat,0,0,-0.07796533102598356,decision_margin,0,v4_lr_std74_standard_0.03,logistic
CH0393,doja cat,0,0,-0.3115108834780347,decision_margin,0,v4_lr_std74_standard_0.03,logistic
CH0394,camila cabello,0,0,-0.11670533837175938,decision_margin,0,v4_lr_std74_standard_0.03,logistic
CH0408,ed sheeran,0,0,-0.03926338116304227,decision_margin,0,v4_lr_std74_standard_0.03,logistic
CH0459,doja cat,0,0,-0.029748470356343308,decision_margin,0,v4_lr_std74_standard_0.03,logistic
CH0481,camila cabello,0,0,-0.4819296612695353,decision_margin,0,v4_lr_std74_standard_0.03,logistic
CH0487,twenty one pilots,0,0,-0.2473852080855623,decision_margin,0,v4_lr_std74_standard_0.03,logistic
CH0508,rascal flatts,0,1,0.39539525210637366,decision_margin,0,v4_lr_std74_standard_0.03,logistic
CH0509,camila cabello,0,1,0.052439721841128654,decision_margin,0,v4_lr_std74_standard_0.03,logistic
CH0517,ed sheeran,0,1,0.5056979867584113,decision_margin,0,v4_lr_std74_standard_0.03,logistic
CH0520,ed sheeran,0,0,-0.8469506702619635,decision_margin,0,v4_lr_std74_standard_0.03,logistic
CH0533,rascal flatts,0,0,-0.5294088849547838,decision_margin,0,v4_lr_std74_standard_0.03,logistic
CH0538,gwen stefani,0,1,0.21830092193270656,decision_margin,0,v4_lr_std74_standard_0.03,logistic
CH0542,gwen stefani,0,0,-0.3083530318537835,decision_margin,0,v4_lr_std74_standard_0.03,logistic
CH0560,maroon 5,0,0,-0.7036089800997791,decision_margin,0,v4_lr_std74_standard_0.03,logistic
CH0565,twenty one pilots,0,0,-1.5007106301741089,decision_margin,0,v4_lr_std74_standard_0.03,logistic
CH0573,twenty one pilots,0,1,0.2600033227447964,decision_margin,0,v4_lr_std74_standard_0.03,logistic
CH0579,gwen stefani,0,1,1.616241246688877,decision_margin,0,v4_lr_std74_standard_0.03,logistic
CH0586,rascal flatts,0,1,0.6998044892799591,decision_margin,0,v4_lr_std74_standard_0.03,logistic
CH0587,coldplay,0,1,0.2824508561615553,decision_margin,0,v4_lr_std74_standard_0.03,logistic
CH0596,britney spears,0,0,-0.11200922298395942,decision_margin,0,v4_lr_std74_standard_0.03,logistic
CH0605,britney spears,0,1,0.16406439144241186,decision_margin,0,v4_lr_std74_standard_0.03,logistic
CH0608,britney spears,0,1,0.34684024394156043,decision_margin,0,v4_lr_std74_standard_0.03,logistic
CH0609,avril lavigne,0,1,0.1874915347856032,decision_margin,0,v4_lr_std74_standard_0.03,logistic
CH0615,ke$ha,0,0,-0.12956094144906538,decision_margin,0,v4_lr_std74_standard_0.03,logistic
CH0617,rascal flatts,0,1,0.040301676533478166,decision_margin,0,v4_lr_std74_standard_0.03,logistic
CH0626,rascal flatts,0,1,0.015931325052421404,decision_margin,0,v4_lr_std74_standard_0.03,logistic
CH0631,rascal flatts,0,1,0.4561172380553002,decision_margin,0,v4_lr_std74_standard_0.03,logistic
CH0636,avril lavigne,0,0,-0.4216321014574793,decision_margin,0,v4_lr_std74_standard_0.03,logistic
CH0643,britney spears,0,0,-0.012298774776963164,decision_margin,0,v4_lr_std74_standard_0.03,logistic
CH0648,maroon 5,0,1,0.8284446146189088,decision_margin,0,v4_lr_std74_standard_0.03,logistic
CH0650,avril lavigne,0,1,0.8238780250569271,decision_margin,0,v4_lr_std74_standard_0.03,logistic
CH0652,rascal flatts,0,0,-0.11095692425057911,decision_margin,0,v4_lr_std74_standard_0.03,logistic
CH0657,rascal flatts,0,1,0.22698966805473286,decision_margin,0,v4_lr_std74_standard_0.03,logistic
CH0660,ne-yo,0,1,0.09593213111725486,decision_margin,0,v4_lr_std74_standard_0.03,logistic
CH0661,ne-yo,0,1,0.10296398691571586,decision_margin,0,v4_lr_std74_standard_0.03,logistic
CH0664,ne-yo,0,1,0.022487480712064807,decision_margin,0,v4_lr_std74_standard_0.03,logistic
CH0669,rascal flatts,0,1,0.40649336243929957,decision_margin,0,v4_lr_std74_standard_0.03,logistic
CH0671,avril lavigne,0,0,-0.569781921948871,decision_margin,0,v4_lr_std74_standard_0.03,logistic
CH0686,rascal flatts,0,0,-0.2895889807761921,decision_margin,0,v4_lr_std74_standard_0.03,logistic
CH0692,rascal flatts,0,0,-0.48564245946813334,decision_margin,0,v4_lr_std74_standard_0.03,logistic
CH0700,rascal flatts,0,1,0.7301207901386796,decision_margin,0,v4_lr_std74_standard_0.03,logistic
CH0716,britney spears,0,1,0.15162289231385373,decision_margin,0,v4_lr_std74_standard_0.03,logistic
CH0717,maroon 5,0,0,-0.04190032618429256,decision_margin,0,v4_lr_std74_standard_0.03,logistic
CH0718,ne-yo,0,1,0.08429706177009157,decision_margin,0,v4_lr_std74_standard_0.03,logistic
CH0720,maroon 5,0,0,-0.3281792668680446,decision_margin,0,v4_lr_std74_standard_0.03,logistic
CH0722,britney spears,0,1,0.10290892105203332,decision_margin,0,v4_lr_std74_standard_0.03,logistic
CH0724,rascal flatts,0,0,-0.007028556249544673,decision_margin,0,v4_lr_std74_standard_0.03,logistic
CH0728,rascal flatts,0,1,0.046935748289834246,decision_margin,0,v4_lr_std74_standard_0.03,logistic
CH0730,ne-yo,0,1,0.3708639615138006,decision_margin,0,v4_lr_std74_standard_0.03,logistic
CH0731,avril lavigne,0,0,-0.4562799362838276,decision_margin,0,v4_lr_std74_standard_0.03,logistic
CH0732,gwen stefani,0,1,0.2924692119984478,decision_margin,0,v4_lr_std74_standard_0.03,logistic
CH0737,rascal flatts,0,0,-0.25094995144542204,decision_margin,0,v4_lr_std74_standard_0.03,logistic
CH0739,rascal flatts,0,1,0.23178274776464727,decision_margin,0,v4_lr_std74_standard_0.03,logistic
CH0745,rascal flatts,0,0,-0.07529028669368686,decision_margin,0,v4_lr_std74_standard_0.03,logistic
CH0747,gwen stefani,0,0,-0.3024599296213665,decision_margin,0,v4_lr_std74_standard_0.03,logistic
CH0748,gwen stefani,0,0,-0.4393673832038882,decision_margin,0,v4_lr_std74_standard_0.03,logistic
CH0751,rascal flatts,0,0,-0.30565324544358474,decision_margin,0,v4_lr_std74_standard_0.03,logistic
CH0009,luke combs,1,0,-0.6516461486208924,decision_margin,1,boost_anova,gradient_boosting
CH0017,luke combs,1,0,-0.2680759192323763,decision_margin,1,boost_anova,gradient_boosting
CH0031,dababy,1,1,0.28392223438316644,decision_margin,1,boost_anova,gradient_boosting
CH0035,travis scott,1,0,-0.030593232862348715,decision_margin,1,boost_anova,gradient_boosting
CH0041,jonas brothers,1,0,-0.040136360963461626,decision_margin,1,boost_anova,gradient_boosting
CH0045,luke combs,1,0,-0.39160062974944115,decision_margin,1,boost_anova,gradient_boosting
CH0046,juice wrld,1,0,-0.286321363005808,decision_margin,1,boost_anova,gradient_boosting
CH0048,luke combs,1,0,-0.07078705755388486,decision_margin,1,boost_anova,gradient_boosting
CH0052,travis scott,1,1,0.05332343695530121,decision_margin,1,boost_anova,gradient_boosting
CH0053,jonas brothers,1,0,-0.23278996248985603,decision_margin,1,boost_anova,gradient_boosting
CH0055,dababy,1,0,-0.09690450666565095,decision_margin,1,boost_anova,gradient_boosting
CH0061,luke combs,1,0,-0.2612009756549964,decision_margin,1,boost_anova,gradient_boosting
CH0062,juice wrld,1,0,-0.06991541282434208,decision_margin,1,boost_anova,gradient_boosting
CH0064,luke combs,1,1,0.029579769151643145,decision_margin,1,boost_anova,gradient_boosting
CH0070,juice wrld,1,0,-0.4797860045573164,decision_margin,1,boost_anova,gradient_boosting
CH0096,luke combs,1,0,-0.13213950490152124,decision_margin,1,boost_anova,gradient_boosting
CH0099,kendrick lamar,1,1,0.45546259112516857,decision_margin,1,boost_anova,gradient_boosting
CH0110,kendrick lamar,1,1,0.04862116010053544,decision_margin,1,boost_anova,gradient_boosting
CH0112,travis scott,1,1,0.4161404111631752,decision_margin,1,boost_anova,gradient_boosting
CH0113,luke combs,1,0,-0.6544254215073316,decision_margin,1,boost_anova,gradient_boosting
CH0133,meghan trainor,1,0,-0.16769479617074246,decision_margin,1,boost_anova,gradient_boosting
CH0136,meghan trainor,1,0,-0.14318683748187885,decision_margin,1,boost_anova,gradient_boosting
CH0140,travis scott,1,1,0.017766358161025474,decision_margin,1,boost_anova,gradient_boosting
CH0143,chris brown,1,0,-0.10943614578293336,decision_margin,1,boost_anova,gradient_boosting
CH0152,meghan trainor,1,0,-0.28254327042023614,decision_margin,1,boost_anova,gradient_boosting
CH0154,meghan trainor,1,0,-0.5795100747491242,decision_margin,1,boost_anova,gradient_boosting
CH0163,meghan trainor,1,0,-0.10635063930593419,decision_margin,1,boost_anova,gradient_boosting
CH0174,katy perry,1,1,0.2462039965294376,decision_margin,1,boost_anova,gradient_boosting
CH0177,katy perry,1,0,-0.37532461844936066,decision_margin,1,boost_anova,gradient_boosting
CH0199,kendrick lamar,1,1,0.08423235829331603,decision_margin,1,boost_anova,gradient_boosting
CH0205,katy perry,1,1,0.008008618664937055,decision_margin,1,boost_anova,gradient_boosting
CH0209,katy perry,1,1,0.5788531181164556,decision_margin,1,boost_anova,gradient_boosting
CH0212,katy perry,1,0,-0.2736756772927043,decision_margin,1,boost_anova,gradient_boosting
CH0214,chris brown,1,0,-0.2650553039762295,decision_margin,1,boost_anova,gradient_boosting
CH0221,chris brown,1,1,0.4405868973285581,decision_margin,1,boost_anova,gradient_boosting
CH0223,katy perry,1,0,-0.23735349992957597,decision_margin,1,boost_anova,gradient_boosting
CH0227,katy perry,1,1,0.2858710630487762,decision_margin,1,boost_anova,gradient_boosting
CH0240,chris brown,1,0,-0.08789236209511092,decision_margin,1,boost_anova,gradient_boosting
CH0247,katy perry,1,1,0.20643583205057972,decision_margin,1,boost_anova,gradient_boosting
CH0251,chris brown,1,1,0.2214311991772922,decision_margin,1,boost_anova,gradient_boosting
CH0282,katy perry,1,0,-0.16696870327721428,decision_margin,1,boost_anova,gradient_boosting
CH0285,katy perry,1,1,0.3828440356039088,decision_margin,1,boost_anova,gradient_boosting
CH0305,leona lewis,1,0,-0.10416862109357533,decision_margin,1,boost_anova,gradient_boosting
CH0307,chris brown,1,0,-0.017970957567961077,decision_margin,1,boost_anova,gradient_boosting
CH0308,chris brown,1,1,0.6974778974264665,decision_margin,1,boost_anova,gradient_boosting
CH0310,katy perry,1,1,0.531267537933903,decision_margin,1,boost_anova,gradient_boosting
CH0313,fergie,1,0,-0.191826114869636,decision_margin,1,boost_anova,gradient_boosting
CH0319,leona lewis,1,1,0.5694182695972656,decision_margin,1,boost_anova,gradient_boosting
CH0320,jonas brothers,1,0,-0.15045095190980323,decision_margin,1,boost_anova,gradient_boosting
CH0321,fergie,1,0,-0.4924394233458815,decision_margin,1,boost_anova,gradient_boosting
CH0331,fergie,1,1,0.3452092276777674,decision_margin,1,boost_anova,gradient_boosting
CH0350,chris brown,1,1,0.019609407406899797,decision_margin,1,boost_anova,gradient_boosting
CH0353,fergie,1,1,0.40645436956213477,decision_margin,1,boost_anova,gradient_boosting
CH0356,chris brown,1,0,-0.34098893400512725,decision_margin,1,boost_anova,gradient_boosting
CH0363,chris brown,1,0,-0.19484926169891992,decision_margin,1,boost_anova,gradient_boosting
CH0379,luke combs,0,0,-0.27203504200384127,decision_margin,1,boost_anova,gradient_boosting
CH0383,juice wrld,0,1,0.44152312096912305,decision_margin,1,boost_anova,gradient_boosting
CH0387,luke combs,0,1,0.14589624609408927,decision_margin,1,boost_anova,gradient_boosting
CH0389,travis scott,0,1,0.1588438152030284,decision_margin,1,boost_anova,gradient_boosting
CH0390,jonas brothers,0,0,-0.07078705755388486,decision_margin,1,boost_anova,gradient_boosting
CH0395,dababy,0,0,-0.1752651762658515,decision_margin,1,boost_anova,gradient_boosting
CH0398,dababy,0,1,0.061529246873111905,decision_margin,1,boost_anova,gradient_boosting
CH0402,dababy,0,1,0.3144954806946297,decision_margin,1,boost_anova,gradient_boosting
CH0428,juice wrld,0,0,-0.03783707404036944,decision_margin,1,boost_anova,gradient_boosting
CH0429,juice wrld,0,1,0.5157399258820494,decision_margin,1,boost_anova,gradient_boosting
CH0430,juice wrld,0,0,-0.13398255414739563,decision_margin,1,boost_anova,gradient_boosting
CH0432,juice wrld,0,0,-0.000729623782456693,decision_margin,1,boost_anova,gradient_boosting
CH0433,juice wrld,0,0,-0.1585190274804712,decision_margin,1,boost_anova,gradient_boosting
CH0434,juice wrld,0,0,-0.2835420901193689,decision_margin,1,boost_anova,gradient_boosting
CH0436,juice wrld,0,0,-0.3068062997397451,decision_margin,1,boost_anova,gradient_boosting
CH0437,juice wrld,0,1,0.15774422423305703,decision_margin,1,boost_anova,gradient_boosting
CH0438,juice wrld,0,0,-0.05494800504889471,decision_margin,1,boost_anova,gradient_boosting
CH0439,juice wrld,0,1,0.1494671295372728,decision_margin,1,boost_anova,gradient_boosting
CH0440,juice wrld,0,1,0.26895942331502704,decision_margin,1,boost_anova,gradient_boosting
CH0452,jonas brothers,0,1,0.12642205371546525,decision_margin,1,boost_anova,gradient_boosting
CH0454,jonas brothers,0,1,0.3180547621495898,decision_margin,1,boost_anova,gradient_boosting
CH0457,dababy,0,0,-0.16769479617074246,decision_margin,1,boost_anova,gradient_boosting
CH0458,juice wrld,0,0,-0.20319965036254994,decision_margin,1,boost_anova,gradient_boosting
CH0462,katy perry,0,0,-0.09971483902697523,decision_margin,1,boost_anova,gradient_boosting
CH0465,jonas brothers,0,0,-0.06991541282434208,decision_margin,1,boost_anova,gradient_boosting
CH0472,juice wrld,0,1,0.1877116977795693,decision_margin,1,boost_anova,gradient_boosting
CH0473,chris brown,0,0,-0.14406237420188941,decision_margin,1,boost_anova,gradient_boosting
CH0474,juice wrld,0,0,-0.4481362816319978,decision_margin,1,boost_anova,gradient_boosting
CH0476,katy perry,0,1,0.00388991853649705,decision_margin,1,boost_anova,gradient_boosting
CH0477,luke combs,0,0,-0.5249821105314503,decision_margin,1,boost_anova,gradient_boosting
CH0482,juice wrld,0,1,0.3452092276777674,decision_margin,1,boost_anova,gradient_boosting
CH0485,juice wrld,0,0,-0.15785329548850294,decision_margin,1,boost_anova,gradient_boosting
CH0492,meghan trainor,0,1,0.6555530820540888,decision_margin,1,boost_anova,gradient_boosting
CH0494,chris brown,0,0,-0.3228381584437622,decision_margin,1,boost_anova,gradient_boosting
CH0500,luke combs,0,1,0.5284569578741946,decision_margin,1,boost_anova,gradient_boosting
CH0504,chris brown,0,0,-0.03057585629785114,decision_margin,1,boost_anova,gradient_boosting
CH0507,travis scott,0,0,-0.26112697227094156,decision_margin,1,boost_anova,gradient_boosting
CH0510,chris brown,0,0,-0.16199967298476448,decision_margin,1,boost_anova,gradient_boosting
CH0514,kendrick lamar,0,0,-0.14932187663898,decision_margin,1,boost_anova,gradient_boosting
CH0525,katy perry,0,1,0.14236534290552239,decision_margin,1,boost_anova,gradient_boosting
CH0529,fergie,0,1,0.315150379451754,decision_margin,1,boost_anova,gradient_boosting
CH0550,chris brown,0,1,0.42239500798268864,decision_margin,1,boost_anova,gradient_boosting
CH0564,kendrick lamar,0,1,0.1163106970772886,decision_margin,1,boost_anova,gradient_boosting
CH0569,kendrick lamar,0,1,0.1562287273949096,decision_margin,1,boost_anova,gradient_boosting
CH0571,kendrick lamar,0,0,-0.02946990598302458,decision_margin,1,boost_anova,gradient_boosting
CH0575,fergie,0,0,-0.17842183571774917,decision_margin,1,boost_anova,gradient_boosting
CH0578,kendrick lamar,0,1,0.3976123012949908,decision_margin,1,boost_anova,gradient_boosting
CH0580,katy perry,0,0,-0.6608456085355393,decision_margin,1,boost_anova,gradient_boosting
CH0589,katy perry,0,0,-0.5112908959834026,decision_margin,1,boost_anova,gradient_boosting
CH0610,chris brown,0,1,0.09351897059751085,decision_margin,1,boost_anova,gradient_boosting
CH0616,kendrick lamar,0,1,0.28309483927968154,decision_margin,1,boost_anova,gradient_boosting
CH0621,chris brown,0,1,0.01151370984262269,decision_margin,1,boost_anova,gradient_boosting
CH0654,chris brown,0,0,-0.4921993804590318,decision_margin,1,boost_anova,gradient_boosting
CH0680,chris brown,0,1,0.515759393322983,decision_margin,1,boost_anova,gradient_boosting
CH0694,katy perry,0,0,-0.409294654028391,decision_margin,1,boost_anova,gradient_boosting
CH0702,leona lewis,0,0,-0.002411640633297276,decision_margin,1,boost_anova,gradient_boosting
CH0705,jonas brothers,0,0,-0.21113121187475423,decision_margin,1,boost_anova,gradient_boosting
CH0706,jonas brothers,0,1,0.06829171987276207,decision_margin,1,boost_anova,gradient_boosting
CH0708,chris brown,0,0,-0.5112908959834026,decision_margin,1,boost_anova,gradient_boosting
CH0712,jonas brothers,0,1,0.09152251854026919,decision_margin,1,boost_anova,gradient_boosting
CH0713,jonas brothers,0,0,-0.4702760898565324,decision_margin,1,boost_anova,gradient_boosting
CH0721,chris brown,0,0,-0.1262835112247205,decision_margin,1,boost_anova,gradient_boosting
CH0726,jonas brothers,0,1,0.48498520711767523,decision_margin,1,boost_anova,gradient_boosting
CH0738,jonas brothers,0,1,0.17558604892504903,decision_margin,1,boost_anova,gradient_boosting
CH0009,luke combs,1,0,0.4916317991631799,uncalibrated_class_1_probability,1,control_dummy,dummy
CH0017,luke combs,1,0,0.4916317991631799,uncalibrated_class_1_probability,1,control_dummy,dummy
CH0031,dababy,1,0,0.4916317991631799,uncalibrated_class_1_probability,1,control_dummy,dummy
CH0035,travis scott,1,0,0.4916317991631799,uncalibrated_class_1_probability,1,control_dummy,dummy
CH0041,jonas brothers,1,0,0.4916317991631799,uncalibrated_class_1_probability,1,control_dummy,dummy
CH0045,luke combs,1,0,0.4916317991631799,uncalibrated_class_1_probability,1,control_dummy,dummy
CH0046,juice wrld,1,0,0.4916317991631799,uncalibrated_class_1_probability,1,control_dummy,dummy
CH0048,luke combs,1,0,0.4916317991631799,uncalibrated_class_1_probability,1,control_dummy,dummy
CH0052,travis scott,1,0,0.4916317991631799,uncalibrated_class_1_probability,1,control_dummy,dummy
CH0053,jonas brothers,1,0,0.4916317991631799,uncalibrated_class_1_probability,1,control_dummy,dummy
CH0055,dababy,1,0,0.4916317991631799,uncalibrated_class_1_probability,1,control_dummy,dummy
CH0061,luke combs,1,0,0.4916317991631799,uncalibrated_class_1_probability,1,control_dummy,dummy
CH0062,juice wrld,1,0,0.4916317991631799,uncalibrated_class_1_probability,1,control_dummy,dummy
CH0064,luke combs,1,0,0.4916317991631799,uncalibrated_class_1_probability,1,control_dummy,dummy
CH0070,juice wrld,1,0,0.4916317991631799,uncalibrated_class_1_probability,1,control_dummy,dummy
CH0096,luke combs,1,0,0.4916317991631799,uncalibrated_class_1_probability,1,control_dummy,dummy
CH0099,kendrick lamar,1,0,0.4916317991631799,uncalibrated_class_1_probability,1,control_dummy,dummy
CH0110,kendrick lamar,1,0,0.4916317991631799,uncalibrated_class_1_probability,1,control_dummy,dummy
CH0112,travis scott,1,0,0.4916317991631799,uncalibrated_class_1_probability,1,control_dummy,dummy
CH0113,luke combs,1,0,0.4916317991631799,uncalibrated_class_1_probability,1,control_dummy,dummy
CH0133,meghan trainor,1,0,0.4916317991631799,uncalibrated_class_1_probability,1,control_dummy,dummy
CH0136,meghan trainor,1,0,0.4916317991631799,uncalibrated_class_1_probability,1,control_dummy,dummy
CH0140,travis scott,1,0,0.4916317991631799,uncalibrated_class_1_probability,1,control_dummy,dummy
CH0143,chris brown,1,0,0.4916317991631799,uncalibrated_class_1_probability,1,control_dummy,dummy
CH0152,meghan trainor,1,0,0.4916317991631799,uncalibrated_class_1_probability,1,control_dummy,dummy
CH0154,meghan trainor,1,0,0.4916317991631799,uncalibrated_class_1_probability,1,control_dummy,dummy
CH0163,meghan trainor,1,0,0.4916317991631799,uncalibrated_class_1_probability,1,control_dummy,dummy
CH0174,katy perry,1,0,0.4916317991631799,uncalibrated_class_1_probability,1,control_dummy,dummy
CH0177,katy perry,1,0,0.4916317991631799,uncalibrated_class_1_probability,1,control_dummy,dummy
CH0199,kendrick lamar,1,0,0.4916317991631799,uncalibrated_class_1_probability,1,control_dummy,dummy
CH0205,katy perry,1,0,0.4916317991631799,uncalibrated_class_1_probability,1,control_dummy,dummy
CH0209,katy perry,1,0,0.4916317991631799,uncalibrated_class_1_probability,1,control_dummy,dummy
CH0212,katy perry,1,0,0.4916317991631799,uncalibrated_class_1_probability,1,control_dummy,dummy
CH0214,chris brown,1,0,0.4916317991631799,uncalibrated_class_1_probability,1,control_dummy,dummy
CH0221,chris brown,1,0,0.4916317991631799,uncalibrated_class_1_probability,1,control_dummy,dummy
CH0223,katy perry,1,0,0.4916317991631799,uncalibrated_class_1_probability,1,control_dummy,dummy
CH0227,katy perry,1,0,0.4916317991631799,uncalibrated_class_1_probability,1,control_dummy,dummy
CH0240,chris brown,1,0,0.4916317991631799,uncalibrated_class_1_probability,1,control_dummy,dummy
CH0247,katy perry,1,0,0.4916317991631799,uncalibrated_class_1_probability,1,control_dummy,dummy
CH0251,chris brown,1,0,0.4916317991631799,uncalibrated_class_1_probability,1,control_dummy,dummy
CH0282,katy perry,1,0,0.4916317991631799,uncalibrated_class_1_probability,1,control_dummy,dummy
CH0285,katy perry,1,0,0.4916317991631799,uncalibrated_class_1_probability,1,control_dummy,dummy
CH0305,leona lewis,1,0,0.4916317991631799,uncalibrated_class_1_probability,1,control_dummy,dummy
CH0307,chris brown,1,0,0.4916317991631799,uncalibrated_class_1_probability,1,control_dummy,dummy
CH0308,chris brown,1,0,0.4916317991631799,uncalibrated_class_1_probability,1,control_dummy,dummy
CH0310,katy perry,1,0,0.4916317991631799,uncalibrated_class_1_probability,1,control_dummy,dummy
CH0313,fergie,1,0,0.4916317991631799,uncalibrated_class_1_probability,1,control_dummy,dummy
CH0319,leona lewis,1,0,0.4916317991631799,uncalibrated_class_1_probability,1,control_dummy,dummy
CH0320,jonas brothers,1,0,0.4916317991631799,uncalibrated_class_1_probability,1,control_dummy,dummy
CH0321,fergie,1,0,0.4916317991631799,uncalibrated_class_1_probability,1,control_dummy,dummy
CH0331,fergie,1,0,0.4916317991631799,uncalibrated_class_1_probability,1,control_dummy,dummy
CH0350,chris brown,1,0,0.4916317991631799,uncalibrated_class_1_probability,1,control_dummy,dummy
CH0353,fergie,1,0,0.4916317991631799,uncalibrated_class_1_probability,1,control_dummy,dummy
CH0356,chris brown,1,0,0.4916317991631799,uncalibrated_class_1_probability,1,control_dummy,dummy
CH0363,chris brown,1,0,0.4916317991631799,uncalibrated_class_1_probability,1,control_dummy,dummy
CH0379,luke combs,0,0,0.4916317991631799,uncalibrated_class_1_probability,1,control_dummy,dummy
CH0383,juice wrld,0,0,0.4916317991631799,uncalibrated_class_1_probability,1,control_dummy,dummy
CH0387,luke combs,0,0,0.4916317991631799,uncalibrated_class_1_probability,1,control_dummy,dummy
CH0389,travis scott,0,0,0.4916317991631799,uncalibrated_class_1_probability,1,control_dummy,dummy
CH0390,jonas brothers,0,0,0.4916317991631799,uncalibrated_class_1_probability,1,control_dummy,dummy
CH0395,dababy,0,0,0.4916317991631799,uncalibrated_class_1_probability,1,control_dummy,dummy
CH0398,dababy,0,0,0.4916317991631799,uncalibrated_class_1_probability,1,control_dummy,dummy
CH0402,dababy,0,0,0.4916317991631799,uncalibrated_class_1_probability,1,control_dummy,dummy
CH0428,juice wrld,0,0,0.4916317991631799,uncalibrated_class_1_probability,1,control_dummy,dummy
CH0429,juice wrld,0,0,0.4916317991631799,uncalibrated_class_1_probability,1,control_dummy,dummy
CH0430,juice wrld,0,0,0.4916317991631799,uncalibrated_class_1_probability,1,control_dummy,dummy
CH0432,juice wrld,0,0,0.4916317991631799,uncalibrated_class_1_probability,1,control_dummy,dummy
CH0433,juice wrld,0,0,0.4916317991631799,uncalibrated_class_1_probability,1,control_dummy,dummy
CH0434,juice wrld,0,0,0.4916317991631799,uncalibrated_class_1_probability,1,control_dummy,dummy
CH0436,juice wrld,0,0,0.4916317991631799,uncalibrated_class_1_probability,1,control_dummy,dummy
CH0437,juice wrld,0,0,0.4916317991631799,uncalibrated_class_1_probability,1,control_dummy,dummy
CH0438,juice wrld,0,0,0.4916317991631799,uncalibrated_class_1_probability,1,control_dummy,dummy
CH0439,juice wrld,0,0,0.4916317991631799,uncalibrated_class_1_probability,1,control_dummy,dummy
CH0440,juice wrld,0,0,0.4916317991631799,uncalibrated_class_1_probability,1,control_dummy,dummy
CH0452,jonas brothers,0,0,0.4916317991631799,uncalibrated_class_1_probability,1,control_dummy,dummy
CH0454,jonas brothers,0,0,0.4916317991631799,uncalibrated_class_1_probability,1,control_dummy,dummy
CH0457,dababy,0,0,0.4916317991631799,uncalibrated_class_1_probability,1,control_dummy,dummy
CH0458,juice wrld,0,0,0.4916317991631799,uncalibrated_class_1_probability,1,control_dummy,dummy
CH0462,katy perry,0,0,0.4916317991631799,uncalibrated_class_1_probability,1,control_dummy,dummy
CH0465,jonas brothers,0,0,0.4916317991631799,uncalibrated_class_1_probability,1,control_dummy,dummy
CH0472,juice wrld,0,0,0.4916317991631799,uncalibrated_class_1_probability,1,control_dummy,dummy
CH0473,chris brown,0,0,0.4916317991631799,uncalibrated_class_1_probability,1,control_dummy,dummy
CH0474,juice wrld,0,0,0.4916317991631799,uncalibrated_class_1_probability,1,control_dummy,dummy
CH0476,katy perry,0,0,0.4916317991631799,uncalibrated_class_1_probability,1,control_dummy,dummy
CH0477,luke combs,0,0,0.4916317991631799,uncalibrated_class_1_probability,1,control_dummy,dummy
CH0482,juice wrld,0,0,0.4916317991631799,uncalibrated_class_1_probability,1,control_dummy,dummy
CH0485,juice wrld,0,0,0.4916317991631799,uncalibrated_class_1_probability,1,control_dummy,dummy
CH0492,meghan trainor,0,0,0.4916317991631799,uncalibrated_class_1_probability,1,control_dummy,dummy
CH0494,chris brown,0,0,0.4916317991631799,uncalibrated_class_1_probability,1,control_dummy,dummy
CH0500,luke combs,0,0,0.4916317991631799,uncalibrated_class_1_probability,1,control_dummy,dummy
CH0504,chris brown,0,0,0.4916317991631799,uncalibrated_class_1_probability,1,control_dummy,dummy
CH0507,travis scott,0,0,0.4916317991631799,uncalibrated_class_1_probability,1,control_dummy,dummy
CH0510,chris brown,0,0,0.4916317991631799,uncalibrated_class_1_probability,1,control_dummy,dummy
CH0514,kendrick lamar,0,0,0.4916317991631799,uncalibrated_class_1_probability,1,control_dummy,dummy
CH0525,katy perry,0,0,0.4916317991631799,uncalibrated_class_1_probability,1,control_dummy,dummy
CH0529,fergie,0,0,0.4916317991631799,uncalibrated_class_1_probability,1,control_dummy,dummy
CH0550,chris brown,0,0,0.4916317991631799,uncalibrated_class_1_probability,1,control_dummy,dummy
CH0564,kendrick lamar,0,0,0.4916317991631799,uncalibrated_class_1_probability,1,control_dummy,dummy
CH0569,kendrick lamar,0,0,0.4916317991631799,uncalibrated_class_1_probability,1,control_dummy,dummy
CH0571,kendrick lamar,0,0,0.4916317991631799,uncalibrated_class_1_probability,1,control_dummy,dummy
CH0575,fergie,0,0,0.4916317991631799,uncalibrated_class_1_probability,1,control_dummy,dummy
CH0578,kendrick lamar,0,0,0.4916317991631799,uncalibrated_class_1_probability,1,control_dummy,dummy
CH0580,katy perry,0,0,0.4916317991631799,uncalibrated_class_1_probability,1,control_dummy,dummy
CH0589,katy perry,0,0,0.4916317991631799,uncalibrated_class_1_probability,1,control_dummy,dummy
CH0610,chris brown,0,0,0.4916317991631799,uncalibrated_class_1_probability,1,control_dummy,dummy
CH0616,kendrick lamar,0,0,0.4916317991631799,uncalibrated_class_1_probability,1,control_dummy,dummy
CH0621,chris brown,0,0,0.4916317991631799,uncalibrated_class_1_probability,1,control_dummy,dummy
CH0654,chris brown,0,0,0.4916317991631799,uncalibrated_class_1_probability,1,control_dummy,dummy
CH0680,chris brown,0,0,0.4916317991631799,uncalibrated_class_1_probability,1,control_dummy,dummy
CH0694,katy perry,0,0,0.4916317991631799,uncalibrated_class_1_probability,1,control_dummy,dummy
CH0702,leona lewis,0,0,0.4916317991631799,uncalibrated_class_1_probability,1,control_dummy,dummy
CH0705,jonas brothers,0,0,0.4916317991631799,uncalibrated_class_1_probability,1,control_dummy,dummy
CH0706,jonas brothers,0,0,0.4916317991631799,uncalibrated_class_1_probability,1,control_dummy,dummy
CH0708,chris brown,0,0,0.4916317991631799,uncalibrated_class_1_probability,1,control_dummy,dummy
CH0712,jonas brothers,0,0,0.4916317991631799,uncalibrated_class_1_probability,1,control_dummy,dummy
CH0713,jonas brothers,0,0,0.4916317991631799,uncalibrated_class_1_probability,1,control_dummy,dummy
CH0721,chris brown,0,0,0.4916317991631799,uncalibrated_class_1_probability,1,control_dummy,dummy
CH0726,jonas brothers,0,0,0.4916317991631799,uncalibrated_class_1_probability,1,control_dummy,dummy
CH0738,jonas brothers,0,0,0.4916317991631799,uncalibrated_class_1_probability,1,control_dummy,dummy
CH0009,luke combs,1,0,-0.5711856272284428,decision_margin,1,control_poly_svm,poly_svm
CH0017,luke combs,1,0,-0.7269692689473086,decision_margin,1,control_poly_svm,poly_svm
CH0031,dababy,1,0,-0.16092598503463376,decision_margin,1,control_poly_svm,poly_svm
CH0035,travis scott,1,1,0.23691333987708885,decision_margin,1,control_poly_svm,poly_svm
CH0041,jonas brothers,1,0,-0.0841441157551982,decision_margin,1,control_poly_svm,poly_svm
CH0045,luke combs,1,0,-0.005469957094497879,decision_margin,1,control_poly_svm,poly_svm
CH0046,juice wrld,1,1,0.27225883648578547,decision_margin,1,control_poly_svm,poly_svm
CH0048,luke combs,1,0,-0.2832022471780306,decision_margin,1,control_poly_svm,poly_svm
CH0052,travis scott,1,0,-0.726576669760078,decision_margin,1,control_poly_svm,poly_svm
CH0053,jonas brothers,1,1,0.2446574507900373,decision_margin,1,control_poly_svm,poly_svm
CH0055,dababy,1,1,0.29872739626983347,decision_margin,1,control_poly_svm,poly_svm
CH0061,luke combs,1,1,0.21244679513385673,decision_margin,1,control_poly_svm,poly_svm
CH0062,juice wrld,1,0,-0.052824391209789656,decision_margin,1,control_poly_svm,poly_svm
CH0064,luke combs,1,1,0.3175172413554721,decision_margin,1,control_poly_svm,poly_svm
CH0070,juice wrld,1,0,-0.075640193133896,decision_margin,1,control_poly_svm,poly_svm
CH0096,luke combs,1,0,-0.007617214577963105,decision_margin,1,control_poly_svm,poly_svm
CH0099,kendrick lamar,1,0,-2.146974906510709,decision_margin,1,control_poly_svm,poly_svm
CH0110,kendrick lamar,1,0,-0.3007463507372142,decision_margin,1,control_poly_svm,poly_svm
CH0112,travis scott,1,1,0.03753524387081192,decision_margin,1,control_poly_svm,poly_svm
CH0113,luke combs,1,0,-0.658568933103596,decision_margin,1,control_poly_svm,poly_svm
CH0133,meghan trainor,1,0,-0.38702661199072264,decision_margin,1,control_poly_svm,poly_svm
CH0136,meghan trainor,1,0,-0.3243835099472751,decision_margin,1,control_poly_svm,poly_svm
CH0140,travis scott,1,0,-0.226237301878584,decision_margin,1,control_poly_svm,poly_svm
CH0143,chris brown,1,0,-0.2879715047307307,decision_margin,1,control_poly_svm,poly_svm
CH0152,meghan trainor,1,0,-0.08340996283946384,decision_margin,1,control_poly_svm,poly_svm
CH0154,meghan trainor,1,1,0.06131927554860522,decision_margin,1,control_poly_svm,poly_svm
CH0163,meghan trainor,1,0,-0.041402576130561364,decision_margin,1,control_poly_svm,poly_svm
CH0174,katy perry,1,1,0.03666186249250186,decision_margin,1,control_poly_svm,poly_svm
CH0177,katy perry,1,0,-0.7604597846038795,decision_margin,1,control_poly_svm,poly_svm
CH0199,kendrick lamar,1,0,-0.0030803046876491935,decision_margin,1,control_poly_svm,poly_svm
CH0205,katy perry,1,0,-0.8891486289162386,decision_margin,1,control_poly_svm,poly_svm
CH0209,katy perry,1,1,1.6275901573577227,decision_margin,1,control_poly_svm,poly_svm
CH0212,katy perry,1,0,-0.694272250419765,decision_margin,1,control_poly_svm,poly_svm
CH0214,chris brown,1,0,-1.2491124590028901,decision_margin,1,control_poly_svm,poly_svm
CH0221,chris brown,1,1,0.23816661791753568,decision_margin,1,control_poly_svm,poly_svm
CH0223,katy perry,1,0,-0.04910072579776392,decision_margin,1,control_poly_svm,poly_svm
CH0227,katy perry,1,0,-0.4567639773698334,decision_margin,1,control_poly_svm,poly_svm
CH0240,chris brown,1,0,-0.05272286671945947,decision_margin,1,control_poly_svm,poly_svm
CH0247,katy perry,1,1,0.11363155922949253,decision_margin,1,control_poly_svm,poly_svm
CH0251,chris brown,1,1,0.07568355309061475,decision_margin,1,control_poly_svm,poly_svm
CH0282,katy perry,1,0,-0.11302552865613406,decision_margin,1,control_poly_svm,poly_svm
CH0285,katy perry,1,1,0.614909111305353,decision_margin,1,control_poly_svm,poly_svm
CH0305,leona lewis,1,1,0.4627970708362631,decision_margin,1,control_poly_svm,poly_svm
CH0307,chris brown,1,1,0.0007705303506247985,decision_margin,1,control_poly_svm,poly_svm
CH0308,chris brown,1,1,2.4991351067943492,decision_margin,1,control_poly_svm,poly_svm
CH0310,katy perry,1,0,-0.05046165925012161,decision_margin,1,control_poly_svm,poly_svm
CH0313,fergie,1,0,-0.08438120431576801,decision_margin,1,control_poly_svm,poly_svm
CH0319,leona lewis,1,1,0.02510381956668431,decision_margin,1,control_poly_svm,poly_svm
CH0320,jonas brothers,1,0,-0.08259129420122485,decision_margin,1,control_poly_svm,poly_svm
CH0321,fergie,1,0,-0.0072087005136959315,decision_margin,1,control_poly_svm,poly_svm
CH0331,fergie,1,0,-0.00971813036126451,decision_margin,1,control_poly_svm,poly_svm
CH0350,chris brown,1,1,0.00591781891510193,decision_margin,1,control_poly_svm,poly_svm
CH0353,fergie,1,0,-0.7633619091342211,decision_margin,1,control_poly_svm,poly_svm
CH0356,chris brown,1,0,-0.059148289582879376,decision_margin,1,control_poly_svm,poly_svm
CH0363,chris brown,1,0,-0.02008150458450142,decision_margin,1,control_poly_svm,poly_svm
CH0379,luke combs,0,1,0.202014110611679,decision_margin,1,control_poly_svm,poly_svm
CH0383,juice wrld,0,0,-0.5077764335269555,decision_margin,1,control_poly_svm,poly_svm
CH0387,luke combs,0,1,0.48674364047250407,decision_margin,1,control_poly_svm,poly_svm
CH0389,travis scott,0,0,-0.44281591175019536,decision_margin,1,control_poly_svm,poly_svm
CH0390,jonas brothers,0,0,-0.6118905519984412,decision_margin,1,control_poly_svm,poly_svm
CH0395,dababy,0,0,-0.23796367003073995,decision_margin,1,control_poly_svm,poly_svm
CH0398,dababy,0,1,0.32746793476678837,decision_margin,1,control_poly_svm,poly_svm
CH0402,dababy,0,0,-0.06934021710040841,decision_margin,1,control_poly_svm,poly_svm
CH0428,juice wrld,0,1,0.6212375850364588,decision_margin,1,control_poly_svm,poly_svm
CH0429,juice wrld,0,1,0.8165981279877144,decision_margin,1,control_poly_svm,poly_svm
CH0430,juice wrld,0,0,-0.48774371161242847,decision_margin,1,control_poly_svm,poly_svm
CH0432,juice wrld,0,1,0.04275189820276884,decision_margin,1,control_poly_svm,poly_svm
CH0433,juice wrld,0,1,0.6625829412399744,decision_margin,1,control_poly_svm,poly_svm
CH0434,juice wrld,0,1,0.41438765264206456,decision_margin,1,control_poly_svm,poly_svm
CH0436,juice wrld,0,1,0.009786763880595212,decision_margin,1,control_poly_svm,poly_svm
CH0437,juice wrld,0,0,-0.06435349367272336,decision_margin,1,control_poly_svm,poly_svm
CH0438,juice wrld,0,0,-0.531665942436103,decision_margin,1,control_poly_svm,poly_svm
CH0439,juice wrld,0,0,-0.49774794636467884,decision_margin,1,control_poly_svm,poly_svm
CH0440,juice wrld,0,1,0.6891615424534575,decision_margin,1,control_poly_svm,poly_svm
CH0452,jonas brothers,0,0,-0.2758249695428451,decision_margin,1,control_poly_svm,poly_svm
CH0454,jonas brothers,0,0,-0.22157503956108854,decision_margin,1,control_poly_svm,poly_svm
CH0457,dababy,0,1,0.8595651362734587,decision_margin,1,control_poly_svm,poly_svm
CH0458,juice wrld,0,0,-0.04877124950146686,decision_margin,1,control_poly_svm,poly_svm
CH0462,katy perry,0,0,-0.39465950773507597,decision_margin,1,control_poly_svm,poly_svm
CH0465,jonas brothers,0,0,-0.07187428777975223,decision_margin,1,control_poly_svm,poly_svm
CH0472,juice wrld,0,1,0.056985722808709366,decision_margin,1,control_poly_svm,poly_svm
CH0473,chris brown,0,0,-0.08087815420262606,decision_margin,1,control_poly_svm,poly_svm
CH0474,juice wrld,0,1,0.7451855055879917,decision_margin,1,control_poly_svm,poly_svm
CH0476,katy perry,0,0,-0.17512613042738018,decision_margin,1,control_poly_svm,poly_svm
CH0477,luke combs,0,0,-0.03899338336467481,decision_margin,1,control_poly_svm,poly_svm
CH0482,juice wrld,0,0,-0.22940737913148157,decision_margin,1,control_poly_svm,poly_svm
CH0485,juice wrld,0,1,1.132435830927148,decision_margin,1,control_poly_svm,poly_svm
CH0492,meghan trainor,0,1,0.0010267497947554216,decision_margin,1,control_poly_svm,poly_svm
CH0494,chris brown,0,0,-0.5052056076275495,decision_margin,1,control_poly_svm,poly_svm
CH0500,luke combs,0,1,0.07741855483245214,decision_margin,1,control_poly_svm,poly_svm
CH0504,chris brown,0,0,-0.15096590303029597,decision_margin,1,control_poly_svm,poly_svm
CH0507,travis scott,0,1,0.14692916241516413,decision_margin,1,control_poly_svm,poly_svm
CH0510,chris brown,0,0,-0.42037457127751454,decision_margin,1,control_poly_svm,poly_svm
CH0514,kendrick lamar,0,1,0.2472875154371183,decision_margin,1,control_poly_svm,poly_svm
CH0525,katy perry,0,0,-0.20256051431954544,decision_margin,1,control_poly_svm,poly_svm
CH0529,fergie,0,0,-0.13979931088004807,decision_margin,1,control_poly_svm,poly_svm
CH0550,chris brown,0,0,-1.3420129952057689,decision_margin,1,control_poly_svm,poly_svm
CH0564,kendrick lamar,0,0,-0.3975685700117896,decision_margin,1,control_poly_svm,poly_svm
CH0569,kendrick lamar,0,0,-0.14685166562229415,decision_margin,1,control_poly_svm,poly_svm
CH0571,kendrick lamar,0,0,-0.15287628864841238,decision_margin,1,control_poly_svm,poly_svm
CH0575,fergie,0,0,-0.30461241654537574,decision_margin,1,control_poly_svm,poly_svm
CH0578,kendrick lamar,0,0,-0.14813267841145414,decision_margin,1,control_poly_svm,poly_svm
CH0580,katy perry,0,1,0.2855117344619188,decision_margin,1,control_poly_svm,poly_svm
CH0589,katy perry,0,0,-1.5060669987457773,decision_margin,1,control_poly_svm,poly_svm
CH0610,chris brown,0,0,-0.2405851527691696,decision_margin,1,control_poly_svm,poly_svm
CH0616,kendrick lamar,0,0,-0.01854836462025905,decision_margin,1,control_poly_svm,poly_svm
CH0621,chris brown,0,1,0.35693499538989415,decision_margin,1,control_poly_svm,poly_svm
CH0654,chris brown,0,1,2.1145584419480943,decision_margin,1,control_poly_svm,poly_svm
CH0680,chris brown,0,1,0.33632239977896183,decision_margin,1,control_poly_svm,poly_svm
CH0694,katy perry,0,0,-1.1065201823982835,decision_margin,1,control_poly_svm,poly_svm
CH0702,leona lewis,0,0,-0.4682037534131646,decision_margin,1,control_poly_svm,poly_svm
CH0705,jonas brothers,0,0,-0.12143676484828014,decision_margin,1,control_poly_svm,poly_svm
CH0706,jonas brothers,0,1,0.25042607383572213,decision_margin,1,control_poly_svm,poly_svm
CH0708,chris brown,0,0,-0.38329239807364546,decision_margin,1,control_poly_svm,poly_svm
CH0712,jonas brothers,0,0,-0.10978200660737865,decision_margin,1,control_poly_svm,poly_svm
CH0713,jonas brothers,0,0,-0.5313382690716657,decision_margin,1,control_poly_svm,poly_svm
CH0721,chris brown,0,0,-0.17370314544953508,decision_margin,1,control_poly_svm,poly_svm
CH0726,jonas brothers,0,0,-0.2782432657817032,decision_margin,1,control_poly_svm,poly_svm
CH0738,jonas brothers,0,1,0.02862958651743555,decision_margin,1,control_poly_svm,poly_svm
CH0009,luke combs,1,0,0.2677748381257772,uncalibrated_class_1_probability,1,extra_leaf2,extra_trees
CH0017,luke combs,1,0,0.32831860240743543,uncalibrated_class_1_probability,1,extra_leaf2,extra_trees
CH0031,dababy,1,0,0.47653481864300967,uncalibrated_class_1_probability,1,extra_leaf2,extra_trees
CH0035,travis scott,1,1,0.5262779261434856,uncalibrated_class_1_probability,1,extra_leaf2,extra_trees
CH0041,jonas brothers,1,1,0.539439853531051,uncalibrated_class_1_probability,1,extra_leaf2,extra_trees
CH0045,luke combs,1,0,0.4388137642272077,uncalibrated_class_1_probability,1,extra_leaf2,extra_trees
CH0046,juice wrld,1,0,0.43809791335253706,uncalibrated_class_1_probability,1,extra_leaf2,extra_trees
CH0048,luke combs,1,0,0.3679389818519419,uncalibrated_class_1_probability,1,extra_leaf2,extra_trees
CH0052,travis scott,1,0,0.47807708932340176,uncalibrated_class_1_probability,1,extra_leaf2,extra_trees
CH0053,jonas brothers,1,0,0.4812794197447515,uncalibrated_class_1_probability,1,extra_leaf2,extra_trees
CH0055,dababy,1,0,0.4775164600094612,uncalibrated_class_1_probability,1,extra_leaf2,extra_trees
CH0061,luke combs,1,0,0.4264262008048663,uncalibrated_class_1_probability,1,extra_leaf2,extra_trees
CH0062,juice wrld,1,0,0.4536969791186149,uncalibrated_class_1_probability,1,extra_leaf2,extra_trees
CH0064,luke combs,1,1,0.6140686568072607,uncalibrated_class_1_probability,1,extra_leaf2,extra_trees
CH0070,juice wrld,1,0,0.43897096105402306,uncalibrated_class_1_probability,1,extra_leaf2,extra_trees
CH0096,luke combs,1,0,0.4807490429435862,uncalibrated_class_1_probability,1,extra_leaf2,extra_trees
CH0099,kendrick lamar,1,0,0.43020354398814836,uncalibrated_class_1_probability,1,extra_leaf2,extra_trees
CH0110,kendrick lamar,1,0,0.4892575997481175,uncalibrated_class_1_probability,1,extra_leaf2,extra_trees
CH0112,travis scott,1,1,0.6322880933334066,uncalibrated_class_1_probability,1,extra_leaf2,extra_trees
CH0113,luke combs,1,0,0.3957225090551142,uncalibrated_class_1_probability,1,extra_leaf2,extra_trees
CH0133,meghan trainor,1,0,0.447372401606151,uncalibrated_class_1_probability,1,extra_leaf2,extra_trees
CH0136,meghan trainor,1,0,0.4483634714562424,uncalibrated_class_1_probability,1,extra_leaf2,extra_trees
CH0140,travis scott,1,1,0.5013389288028035,uncalibrated_class_1_probability,1,extra_leaf2,extra_trees
CH0143,chris brown,1,0,0.3846166373469893,uncalibrated_class_1_probability,1,extra_leaf2,extra_trees
CH0152,meghan trainor,1,0,0.42436147952124487,uncalibrated_class_1_probability,1,extra_leaf2,extra_trees
CH0154,meghan trainor,1,0,0.3801564506162684,uncalibrated_class_1_probability,1,extra_leaf2,extra_trees
CH0163,meghan trainor,1,1,0.5131088354374433,uncalibrated_class_1_probability,1,extra_leaf2,extra_trees
CH0174,katy perry,1,1,0.5653553041857928,uncalibrated_class_1_probability,1,extra_leaf2,extra_trees
CH0177,katy perry,1,0,0.4396188703545005,uncalibrated_class_1_probability,1,extra_leaf2,extra_trees
CH0199,kendrick lamar,1,0,0.4686320167624797,uncalibrated_class_1_probability,1,extra_leaf2,extra_trees
CH0205,katy perry,1,0,0.40260498454027616,uncalibrated_class_1_probability,1,extra_leaf2,extra_trees
CH0209,katy perry,1,1,0.7606166373469896,uncalibrated_class_1_probability,1,extra_leaf2,extra_trees
CH0212,katy perry,1,0,0.4385539079983654,uncalibrated_class_1_probability,1,extra_leaf2,extra_trees
CH0214,chris brown,1,0,0.3900170906160562,uncalibrated_class_1_probability,1,extra_leaf2,extra_trees
CH0221,chris brown,1,1,0.6252050375894146,uncalibrated_class_1_probability,1,extra_leaf2,extra_trees
CH0223,katy perry,1,0,0.49913436537394285,uncalibrated_class_1_probability,1,extra_leaf2,extra_trees
CH0227,katy perry,1,0,0.48216585492673064,uncalibrated_class_1_probability,1,extra_leaf2,extra_trees
CH0240,chris brown,1,1,0.5481606427011614,uncalibrated_class_1_probability,1,extra_leaf2,extra_trees
CH0247,katy perry,1,1,0.6086979664016754,uncalibrated_class_1_probability,1,extra_leaf2,extra_trees
CH0251,chris brown,1,1,0.5939640221391481,uncalibrated_class_1_probability,1,extra_leaf2,extra_trees
CH0282,katy perry,1,1,0.5648318576150649,uncalibrated_class_1_probability,1,extra_leaf2,extra_trees
CH0285,katy perry,1,1,0.6057186464091651,uncalibrated_class_1_probability,1,extra_leaf2,extra_trees
CH0305,leona lewis,1,1,0.5799543612674324,uncalibrated_class_1_probability,1,extra_leaf2,extra_trees
CH0307,chris brown,1,1,0.5012645466474667,uncalibrated_class_1_probability,1,extra_leaf2,extra_trees
CH0308,chris brown,1,1,0.6460165842978511,uncalibrated_class_1_probability,1,extra_leaf2,extra_trees
CH0310,katy perry,1,1,0.6015238965581037,uncalibrated_class_1_probability,1,extra_leaf2,extra_trees
CH0313,fergie,1,0,0.39079938077921605,uncalibrated_class_1_probability,1,extra_leaf2,extra_trees
CH0319,leona lewis,1,1,0.536303472748897,uncalibrated_class_1_probability,1,extra_leaf2,extra_trees
CH0320,jonas brothers,1,1,0.5068281476751995,uncalibrated_class_1_probability,1,extra_leaf2,extra_trees
CH0321,fergie,1,0,0.45146959972562106,uncalibrated_class_1_probability,1,extra_leaf2,extra_trees
CH0331,fergie,1,1,0.5646687098563988,uncalibrated_class_1_probability,1,extra_leaf2,extra_trees
CH0350,chris brown,1,1,0.5538752565358194,uncalibrated_class_1_probability,1,extra_leaf2,extra_trees
CH0353,fergie,1,1,0.550984348534516,uncalibrated_class_1_probability,1,extra_leaf2,extra_trees
CH0356,chris brown,1,0,0.4981951114720074,uncalibrated_class_1_probability,1,extra_leaf2,extra_trees
CH0363,chris brown,1,1,0.5581356024139552,uncalibrated_class_1_probability,1,extra_leaf2,extra_trees
CH0379,luke combs,0,1,0.5913282719635894,uncalibrated_class_1_probability,1,extra_leaf2,extra_trees
CH0383,juice wrld,0,1,0.5435896138092239,uncalibrated_class_1_probability,1,extra_leaf2,extra_trees
CH0387,luke combs,0,1,0.6262546205300594,uncalibrated_class_1_probability,1,extra_leaf2,extra_trees
CH0389,travis scott,0,1,0.5364158005269056,uncalibrated_class_1_probability,1,extra_leaf2,extra_trees
CH0390,jonas brothers,0,0,0.41663955036198996,uncalibrated_class_1_probability,1,extra_leaf2,extra_trees
CH0395,dababy,0,0,0.40403617997141195,uncalibrated_class_1_probability,1,extra_leaf2,extra_trees
CH0398,dababy,0,1,0.5092563472193652,uncalibrated_class_1_probability,1,extra_leaf2,extra_trees
CH0402,dababy,0,1,0.5001323821233832,uncalibrated_class_1_probability,1,extra_leaf2,extra_trees
CH0428,juice wrld,0,0,0.4832533834900468,uncalibrated_class_1_probability,1,extra_leaf2,extra_trees
CH0429,juice wrld,0,1,0.565950634658655,uncalibrated_class_1_probability,1,extra_leaf2,extra_trees
CH0430,juice wrld,0,0,0.3844145479981531,uncalibrated_class_1_probability,1,extra_leaf2,extra_trees
CH0432,juice wrld,0,1,0.5232752034866811,uncalibrated_class_1_probability,1,extra_leaf2,extra_trees
CH0433,juice wrld,0,1,0.510590111442991,uncalibrated_class_1_probability,1,extra_leaf2,extra_trees
CH0434,juice wrld,0,0,0.4546590489846832,uncalibrated_class_1_probability,1,extra_leaf2,extra_trees
CH0436,juice wrld,0,0,0.31475374885095003,uncalibrated_class_1_probability,1,extra_leaf2,extra_trees
CH0437,juice wrld,0,0,0.4929888213538403,uncalibrated_class_1_probability,1,extra_leaf2,extra_trees
CH0438,juice wrld,0,0,0.392369912037386,uncalibrated_class_1_probability,1,extra_leaf2,extra_trees
CH0439,juice wrld,0,0,0.48557696503501196,uncalibrated_class_1_probability,1,extra_leaf2,extra_trees
CH0440,juice wrld,0,1,0.5328254170339208,uncalibrated_class_1_probability,1,extra_leaf2,extra_trees
CH0452,jonas brothers,0,1,0.5696513471903493,uncalibrated_class_1_probability,1,extra_leaf2,extra_trees
CH0454,jonas brothers,0,1,0.6314170375669181,uncalibrated_class_1_probability,1,extra_leaf2,extra_trees
CH0457,dababy,0,1,0.5414589428864066,uncalibrated_class_1_probability,1,extra_leaf2,extra_trees
CH0458,juice wrld,0,0,0.42903419672085247,uncalibrated_class_1_probability,1,extra_leaf2,extra_trees
CH0462,katy perry,0,0,0.4788212007758504,uncalibrated_class_1_probability,1,extra_leaf2,extra_trees
CH0465,jonas brothers,0,0,0.4713203290967413,uncalibrated_class_1_probability,1,extra_leaf2,extra_trees
CH0472,juice wrld,0,1,0.5581291618328112,uncalibrated_class_1_probability,1,extra_leaf2,extra_trees
CH0473,chris brown,0,1,0.5035072887870388,uncalibrated_class_1_probability,1,extra_leaf2,extra_trees
CH0474,juice wrld,0,0,0.4715593612964484,uncalibrated_class_1_probability,1,extra_leaf2,extra_trees
CH0476,katy perry,0,0,0.4481770180841503,uncalibrated_class_1_probability,1,extra_leaf2,extra_trees
CH0477,luke combs,0,0,0.4661896668583621,uncalibrated_class_1_probability,1,extra_leaf2,extra_trees
CH0482,juice wrld,0,0,0.4336523431578477,uncalibrated_class_1_probability,1,extra_leaf2,extra_trees
CH0485,juice wrld,0,0,0.48735009196022333,uncalibrated_class_1_probability,1,extra_leaf2,extra_trees
CH0492,meghan trainor,0,1,0.6376077071970808,uncalibrated_class_1_probability,1,extra_leaf2,extra_trees
CH0494,chris brown,0,0,0.45202031090662814,uncalibrated_class_1_probability,1,extra_leaf2,extra_trees
CH0500,luke combs,0,1,0.6333022357088847,uncalibrated_class_1_probability,1,extra_leaf2,extra_trees
CH0504,chris brown,0,1,0.5374361269222737,uncalibrated_class_1_probability,1,extra_leaf2,extra_trees
CH0507,travis scott,0,1,0.5950386695401767,uncalibrated_class_1_probability,1,extra_leaf2,extra_trees
CH0510,chris brown,0,0,0.49584237043263335,uncalibrated_class_1_probability,1,extra_leaf2,extra_trees
CH0514,kendrick lamar,0,0,0.45406766083976174,uncalibrated_class_1_probability,1,extra_leaf2,extra_trees
CH0525,katy perry,0,1,0.6253686916662857,uncalibrated_class_1_probability,1,extra_leaf2,extra_trees
CH0529,fergie,0,1,0.6519974949424955,uncalibrated_class_1_probability,1,extra_leaf2,extra_trees
CH0550,chris brown,0,0,0.47046289389878543,uncalibrated_class_1_probability,1,extra_leaf2,extra_trees
CH0564,kendrick lamar,0,0,0.49286905702718936,uncalibrated_class_1_probability,1,extra_leaf2,extra_trees
CH0569,kendrick lamar,0,1,0.5207951645211455,uncalibrated_class_1_probability,1,extra_leaf2,extra_trees
CH0571,kendrick lamar,0,1,0.5847500389110853,uncalibrated_class_1_probability,1,extra_leaf2,extra_trees
CH0575,fergie,0,0,0.48405005710119836,uncalibrated_class_1_probability,1,extra_leaf2,extra_trees
CH0578,kendrick lamar,0,1,0.5041760221166516,uncalibrated_class_1_probability,1,extra_leaf2,extra_trees
CH0580,katy perry,0,0,0.48328314635352865,uncalibrated_class_1_probability,1,extra_leaf2,extra_trees
CH0589,katy perry,0,0,0.3918784768263911,uncalibrated_class_1_probability,1,extra_leaf2,extra_trees
CH0610,chris brown,0,1,0.6004837421010989,uncalibrated_class_1_probability,1,extra_leaf2,extra_trees
CH0616,kendrick lamar,0,1,0.5151854419158535,uncalibrated_class_1_probability,1,extra_leaf2,extra_trees
CH0621,chris brown,0,1,0.5382764405266933,uncalibrated_class_1_probability,1,extra_leaf2,extra_trees
CH0654,chris brown,0,0,0.4696072175477874,uncalibrated_class_1_probability,1,extra_leaf2,extra_trees
CH0680,chris brown,0,1,0.6347388757536655,uncalibrated_class_1_probability,1,extra_leaf2,extra_trees
CH0694,katy perry,0,0,0.35395707523979875,uncalibrated_class_1_probability,1,extra_leaf2,extra_trees
CH0702,leona lewis,0,0,0.4768100376184306,uncalibrated_class_1_probability,1,extra_leaf2,extra_trees
CH0705,jonas brothers,0,0,0.49875374885095036,uncalibrated_class_1_probability,1,extra_leaf2,extra_trees
CH0706,jonas brothers,0,1,0.515192878464496,uncalibrated_class_1_probability,1,extra_leaf2,extra_trees
CH0708,chris brown,0,0,0.43304063730199627,uncalibrated_class_1_probability,1,extra_leaf2,extra_trees
CH0712,jonas brothers,0,0,0.45860707352614144,uncalibrated_class_1_probability,1,extra_leaf2,extra_trees
CH0713,jonas brothers,0,0,0.36635181864952915,uncalibrated_class_1_probability,1,extra_leaf2,extra_trees
CH0721,chris brown,0,0,0.35418123434222076,uncalibrated_class_1_probability,1,extra_leaf2,extra_trees
CH0726,jonas brothers,0,1,0.5541430389625978,uncalibrated_class_1_probability,1,extra_leaf2,extra_trees
CH0738,jonas brothers,0,1,0.5213607487994378,uncalibrated_class_1_probability,1,extra_leaf2,extra_trees
CH0009,luke combs,1,0,0.2973776631964886,uncalibrated_class_1_probability,1,forest_leaf2,random_forest
CH0017,luke combs,1,0,0.3310991639130002,uncalibrated_class_1_probability,1,forest_leaf2,random_forest
CH0031,dababy,1,1,0.5902262630494755,uncalibrated_class_1_probability,1,forest_leaf2,random_forest
CH0035,travis scott,1,1,0.5547487577932604,uncalibrated_class_1_probability,1,forest_leaf2,random_forest
CH0041,jonas brothers,1,1,0.54497919110096,uncalibrated_class_1_probability,1,forest_leaf2,random_forest
CH0045,luke combs,1,0,0.3801563546637506,uncalibrated_class_1_probability,1,forest_leaf2,random_forest
CH0046,juice wrld,1,0,0.4297369607641551,uncalibrated_class_1_probability,1,forest_leaf2,random_forest
CH0048,luke combs,1,0,0.3686703499136852,uncalibrated_class_1_probability,1,forest_leaf2,random_forest
CH0052,travis scott,1,1,0.582199875550042,uncalibrated_class_1_probability,1,forest_leaf2,random_forest
CH0053,jonas brothers,1,0,0.48480464519245436,uncalibrated_class_1_probability,1,forest_leaf2,random_forest
CH0055,dababy,1,0,0.4464641426793927,uncalibrated_class_1_probability,1,forest_leaf2,random_forest
CH0061,luke combs,1,0,0.46827745748186306,uncalibrated_class_1_probability,1,forest_leaf2,random_forest
CH0062,juice wrld,1,0,0.4972255263355907,uncalibrated_class_1_probability,1,forest_leaf2,random_forest
CH0064,luke combs,1,1,0.6553541410019219,uncalibrated_class_1_probability,1,forest_leaf2,random_forest
CH0070,juice wrld,1,0,0.44395637385432335,uncalibrated_class_1_probability,1,forest_leaf2,random_forest
CH0096,luke combs,1,0,0.45201622225360627,uncalibrated_class_1_probability,1,forest_leaf2,random_forest
CH0099,kendrick lamar,1,0,0.4933852297810408,uncalibrated_class_1_probability,1,forest_leaf2,random_forest
CH0110,kendrick lamar,1,1,0.5837331078601209,uncalibrated_class_1_probability,1,forest_leaf2,random_forest
CH0112,travis scott,1,1,0.5967902762447497,uncalibrated_class_1_probability,1,forest_leaf2,random_forest
CH0113,luke combs,1,0,0.3925385969847683,uncalibrated_class_1_probability,1,forest_leaf2,random_forest
CH0133,meghan trainor,1,0,0.46391373393821494,uncalibrated_class_1_probability,1,forest_leaf2,random_forest
CH0136,meghan trainor,1,0,0.42333134172924564,uncalibrated_class_1_probability,1,forest_leaf2,random_forest
CH0140,travis scott,1,0,0.4997308855598909,uncalibrated_class_1_probability,1,forest_leaf2,random_forest
CH0143,chris brown,1,0,0.42214425016428825,uncalibrated_class_1_probability,1,forest_leaf2,random_forest
CH0152,meghan trainor,1,0,0.43176853706888685,uncalibrated_class_1_probability,1,forest_leaf2,random_forest
CH0154,meghan trainor,1,0,0.3496734000690678,uncalibrated_class_1_probability,1,forest_leaf2,random_forest
CH0163,meghan trainor,1,1,0.508059099073103,uncalibrated_class_1_probability,1,forest_leaf2,random_forest
CH0174,katy perry,1,1,0.62248284002897,uncalibrated_class_1_probability,1,forest_leaf2,random_forest
CH0177,katy perry,1,1,0.5037621559510667,uncalibrated_class_1_probability,1,forest_leaf2,random_forest
CH0199,kendrick lamar,1,0,0.4696901183852938,uncalibrated_class_1_probability,1,forest_leaf2,random_forest
CH0205,katy perry,1,0,0.39897832120898147,uncalibrated_class_1_probability,1,forest_leaf2,random_forest
CH0209,katy perry,1,1,0.6888449193866247,uncalibrated_class_1_probability,1,forest_leaf2,random_forest
CH0212,katy perry,1,0,0.4838688440877803,uncalibrated_class_1_probability,1,forest_leaf2,random_forest
CH0214,chris brown,1,0,0.4248494064838598,uncalibrated_class_1_probability,1,forest_leaf2,random_forest
CH0221,chris brown,1,1,0.7001819760618967,uncalibrated_class_1_probability,1,forest_leaf2,random_forest
CH0223,katy perry,1,1,0.5412672509553296,uncalibrated_class_1_probability,1,forest_leaf2,random_forest
CH0227,katy perry,1,1,0.5278671376307086,uncalibrated_class_1_probability,1,forest_leaf2,random_forest
CH0240,chris brown,1,1,0.5181451163535757,uncalibrated_class_1_probability,1,forest_leaf2,random_forest
CH0247,katy perry,1,1,0.5744310874688093,uncalibrated_class_1_probability,1,forest_leaf2,random_forest
CH0251,chris brown,1,1,0.5068651153748649,uncalibrated_class_1_probability,1,forest_leaf2,random_forest
CH0282,katy perry,1,1,0.5169639947215084,uncalibrated_class_1_probability,1,forest_leaf2,random_forest
CH0285,katy perry,1,1,0.5917235314773156,uncalibrated_class_1_probability,1,forest_leaf2,random_forest
CH0305,leona lewis,1,1,0.5968210452885102,uncalibrated_class_1_probability,1,forest_leaf2,random_forest
CH0307,chris brown,1,1,0.5792327992545278,uncalibrated_class_1_probability,1,forest_leaf2,random_forest
CH0308,chris brown,1,1,0.634710911689145,uncalibrated_class_1_probability,1,forest_leaf2,random_forest
CH0310,katy perry,1,1,0.6395975058773705,uncalibrated_class_1_probability,1,forest_leaf2,random_forest
CH0313,fergie,1,0,0.38312434105639265,uncalibrated_class_1_probability,1,forest_leaf2,random_forest
CH0319,leona lewis,1,1,0.6787464597451929,uncalibrated_class_1_probability,1,forest_leaf2,random_forest
CH0320,jonas brothers,1,0,0.4849605715720506,uncalibrated_class_1_probability,1,forest_leaf2,random_forest
CH0321,fergie,1,0,0.4076987691171867,uncalibrated_class_1_probability,1,forest_leaf2,random_forest
CH0331,fergie,1,1,0.5382105782123189,uncalibrated_class_1_probability,1,forest_leaf2,random_forest
CH0350,chris brown,1,1,0.5616544437339164,uncalibrated_class_1_probability,1,forest_leaf2,random_forest
CH0353,fergie,1,1,0.6015450902298936,uncalibrated_class_1_probability,1,forest_leaf2,random_forest
CH0356,chris brown,1,0,0.4646041419733213,uncalibrated_class_1_probability,1,forest_leaf2,random_forest
CH0363,chris brown,1,1,0.5917099349170293,uncalibrated_class_1_probability,1,forest_leaf2,random_forest
CH0379,luke combs,0,1,0.5856889010692673,uncalibrated_class_1_probability,1,forest_leaf2,random_forest
CH0383,juice wrld,0,1,0.5568751490435555,uncalibrated_class_1_probability,1,forest_leaf2,random_forest
CH0387,luke combs,0,1,0.6430305663231012,uncalibrated_class_1_probability,1,forest_leaf2,random_forest
CH0389,travis scott,0,1,0.5111702254342582,uncalibrated_class_1_probability,1,forest_leaf2,random_forest
CH0390,jonas brothers,0,0,0.47614337503871734,uncalibrated_class_1_probability,1,forest_leaf2,random_forest
CH0395,dababy,0,0,0.4938083621315297,uncalibrated_class_1_probability,1,forest_leaf2,random_forest
CH0398,dababy,0,1,0.5023506248587579,uncalibrated_class_1_probability,1,forest_leaf2,random_forest
CH0402,dababy,0,1,0.5437282709054846,uncalibrated_class_1_probability,1,forest_leaf2,random_forest
CH0428,juice wrld,0,1,0.5052094987173269,uncalibrated_class_1_probability,1,forest_leaf2,random_forest
CH0429,juice wrld,0,1,0.5838876333936199,uncalibrated_class_1_probability,1,forest_leaf2,random_forest
CH0430,juice wrld,0,0,0.4535305250566073,uncalibrated_class_1_probability,1,forest_leaf2,random_forest
CH0432,juice wrld,0,1,0.5443582574058818,uncalibrated_class_1_probability,1,forest_leaf2,random_forest
CH0433,juice wrld,0,0,0.4950400779346143,uncalibrated_class_1_probability,1,forest_leaf2,random_forest
CH0434,juice wrld,0,0,0.4918816441153889,uncalibrated_class_1_probability,1,forest_leaf2,random_forest
CH0436,juice wrld,0,0,0.3340124949407484,uncalibrated_class_1_probability,1,forest_leaf2,random_forest
CH0437,juice wrld,0,1,0.5414328494008745,uncalibrated_class_1_probability,1,forest_leaf2,random_forest
CH0438,juice wrld,0,0,0.4633520947775001,uncalibrated_class_1_probability,1,forest_leaf2,random_forest
CH0439,juice wrld,0,1,0.5017268096303115,uncalibrated_class_1_probability,1,forest_leaf2,random_forest
CH0440,juice wrld,0,1,0.5797789778666514,uncalibrated_class_1_probability,1,forest_leaf2,random_forest
CH0452,jonas brothers,0,1,0.5428115035889205,uncalibrated_class_1_probability,1,forest_leaf2,random_forest
CH0454,jonas brothers,0,1,0.6171695631797659,uncalibrated_class_1_probability,1,forest_leaf2,random_forest
CH0457,dababy,0,1,0.5469842641042058,uncalibrated_class_1_probability,1,forest_leaf2,random_forest
CH0458,juice wrld,0,0,0.42726743186799865,uncalibrated_class_1_probability,1,forest_leaf2,random_forest
CH0462,katy perry,0,0,0.49709267288593795,uncalibrated_class_1_probability,1,forest_leaf2,random_forest
CH0465,jonas brothers,0,0,0.4531039865174852,uncalibrated_class_1_probability,1,forest_leaf2,random_forest
CH0472,juice wrld,0,1,0.5837136555404818,uncalibrated_class_1_probability,1,forest_leaf2,random_forest
CH0473,chris brown,0,0,0.4165949255471016,uncalibrated_class_1_probability,1,forest_leaf2,random_forest
CH0474,juice wrld,0,0,0.4111510938787036,uncalibrated_class_1_probability,1,forest_leaf2,random_forest
CH0476,katy perry,0,0,0.44540182555475755,uncalibrated_class_1_probability,1,forest_leaf2,random_forest
CH0477,luke combs,0,0,0.40832887169956206,uncalibrated_class_1_probability,1,forest_leaf2,random_forest
CH0482,juice wrld,0,0,0.4434404046552098,uncalibrated_class_1_probability,1,forest_leaf2,random_forest
CH0485,juice wrld,0,0,0.4947773822951092,uncalibrated_class_1_probability,1,forest_leaf2,random_forest
CH0492,meghan trainor,0,1,0.6182869523954765,uncalibrated_class_1_probability,1,forest_leaf2,random_forest
CH0494,chris brown,0,0,0.4990373923436782,uncalibrated_class_1_probability,1,forest_leaf2,random_forest
CH0500,luke combs,0,1,0.5807815685026116,uncalibrated_class_1_probability,1,forest_leaf2,random_forest
CH0504,chris brown,0,1,0.5257689456277806,uncalibrated_class_1_probability,1,forest_leaf2,random_forest
CH0507,travis scott,0,1,0.5549394093425475,uncalibrated_class_1_probability,1,forest_leaf2,random_forest
CH0510,chris brown,0,0,0.4224726237179387,uncalibrated_class_1_probability,1,forest_leaf2,random_forest
CH0514,kendrick lamar,0,0,0.4946139814961364,uncalibrated_class_1_probability,1,forest_leaf2,random_forest
CH0525,katy perry,0,1,0.6315084282886542,uncalibrated_class_1_probability,1,forest_leaf2,random_forest
CH0529,fergie,0,1,0.614480449229632,uncalibrated_class_1_probability,1,forest_leaf2,random_forest
CH0550,chris brown,0,0,0.4871629668059495,uncalibrated_class_1_probability,1,forest_leaf2,random_forest
CH0564,kendrick lamar,0,0,0.4704735143097654,uncalibrated_class_1_probability,1,forest_leaf2,random_forest
CH0569,kendrick lamar,0,1,0.5415339602626876,uncalibrated_class_1_probability,1,forest_leaf2,random_forest
CH0571,kendrick lamar,0,1,0.5497901520378308,uncalibrated_class_1_probability,1,forest_leaf2,random_forest
CH0575,fergie,0,0,0.47288690221758783,uncalibrated_class_1_probability,1,forest_leaf2,random_forest
CH0578,kendrick lamar,0,1,0.5362901134645253,uncalibrated_class_1_probability,1,forest_leaf2,random_forest
CH0580,katy perry,0,0,0.49836184741570877,uncalibrated_class_1_probability,1,forest_leaf2,random_forest
CH0589,katy perry,0,0,0.40109766625010773,uncalibrated_class_1_probability,1,forest_leaf2,random_forest
CH0610,chris brown,0,1,0.6271133486314587,uncalibrated_class_1_probability,1,forest_leaf2,random_forest
CH0616,kendrick lamar,0,0,0.4770870916033163,uncalibrated_class_1_probability,1,forest_leaf2,random_forest
CH0621,chris brown,0,1,0.6149913907821927,uncalibrated_class_1_probability,1,forest_leaf2,random_forest
CH0654,chris brown,0,0,0.4444217251427516,uncalibrated_class_1_probability,1,forest_leaf2,random_forest
CH0680,chris brown,0,1,0.6711670694368613,uncalibrated_class_1_probability,1,forest_leaf2,random_forest
CH0694,katy perry,0,0,0.34855459835498215,uncalibrated_class_1_probability,1,forest_leaf2,random_forest
CH0702,leona lewis,0,1,0.5010285903867412,uncalibrated_class_1_probability,1,forest_leaf2,random_forest
CH0705,jonas brothers,0,0,0.4620728232356766,uncalibrated_class_1_probability,1,forest_leaf2,random_forest
CH0706,jonas brothers,0,1,0.553414592983727,uncalibrated_class_1_probability,1,forest_leaf2,random_forest
CH0708,chris brown,0,0,0.4533988229726593,uncalibrated_class_1_probability,1,forest_leaf2,random_forest
CH0712,jonas brothers,0,1,0.5490949307833409,uncalibrated_class_1_probability,1,forest_leaf2,random_forest
CH0713,jonas brothers,0,0,0.3563460243231314,uncalibrated_class_1_probability,1,forest_leaf2,random_forest
CH0721,chris brown,0,0,0.3966002014820872,uncalibrated_class_1_probability,1,forest_leaf2,random_forest
CH0726,jonas brothers,0,1,0.5584948679760516,uncalibrated_class_1_probability,1,forest_leaf2,random_forest
CH0738,jonas brothers,0,1,0.5199641907852741,uncalibrated_class_1_probability,1,forest_leaf2,random_forest
CH0009,luke combs,1,0,-2.1503688122035203,decision_margin,1,linear_anova_c0p01,linear_svm
CH0017,luke combs,1,0,-1.4235561126342111,decision_margin,1,linear_anova_c0p01,linear_svm
CH0031,dababy,1,0,-0.5842691165011734,decision_margin,1,linear_anova_c0p01,linear_svm
CH0035,travis scott,1,0,-0.44147447166390874,decision_margin,1,linear_anova_c0p01,linear_svm
CH0041,jonas brothers,1,1,0.18936986244957574,decision_margin,1,linear_anova_c0p01,linear_svm
CH0045,luke combs,1,0,-0.5697063017555174,decision_margin,1,linear_anova_c0p01,linear_svm
CH0046,juice wrld,1,0,-1.4818457982356976,decision_margin,1,linear_anova_c0p01,linear_svm
CH0048,luke combs,1,0,-0.9251314156569809,decision_margin,1,linear_anova_c0p01,linear_svm
CH0052,travis scott,1,1,0.5407852054115061,decision_margin,1,linear_anova_c0p01,linear_svm
CH0053,jonas brothers,1,1,0.1719509214833984,decision_margin,1,linear_anova_c0p01,linear_svm
CH0055,dababy,1,0,-0.7775092328851921,decision_margin,1,linear_anova_c0p01,linear_svm
CH0061,luke combs,1,0,-0.6710702514783814,decision_margin,1,linear_anova_c0p01,linear_svm
CH0062,juice wrld,1,1,0.2298486113672816,decision_margin,1,linear_anova_c0p01,linear_svm
CH0064,luke combs,1,1,0.5752048449230168,decision_margin,1,linear_anova_c0p01,linear_svm
CH0070,juice wrld,1,0,-1.845688427890799,decision_margin,1,linear_anova_c0p01,linear_svm
CH0096,luke combs,1,0,-0.7425301152230572,decision_margin,1,linear_anova_c0p01,linear_svm
CH0099,kendrick lamar,1,0,-0.20137302856873898,decision_margin,1,linear_anova_c0p01,linear_svm
CH0110,kendrick lamar,1,1,0.7781787955667989,decision_margin,1,linear_anova_c0p01,linear_svm
CH0112,travis scott,1,1,0.34446299487539,decision_margin,1,linear_anova_c0p01,linear_svm
CH0113,luke combs,1,0,-1.164822381185865,decision_margin,1,linear_anova_c0p01,linear_svm
CH0133,meghan trainor,1,0,-0.191082959316613,decision_margin,1,linear_anova_c0p01,linear_svm
CH0136,meghan trainor,1,0,-0.5057525912446493,decision_margin,1,linear_anova_c0p01,linear_svm
CH0140,travis scott,1,0,-0.5030215945471096,decision_margin,1,linear_anova_c0p01,linear_svm
CH0143,chris brown,1,0,-1.576962332350901,decision_margin,1,linear_anova_c0p01,linear_svm
CH0152,meghan trainor,1,0,-0.22379011504683066,decision_margin,1,linear_anova_c0p01,linear_svm
CH0154,meghan trainor,1,0,-0.8211899338983887,decision_margin,1,linear_anova_c0p01,linear_svm
CH0163,meghan trainor,1,1,0.23466093965321913,decision_margin,1,linear_anova_c0p01,linear_svm
CH0174,katy perry,1,1,0.8353110018085859,decision_margin,1,linear_anova_c0p01,linear_svm
CH0177,katy perry,1,0,-0.05878257777416204,decision_margin,1,linear_anova_c0p01,linear_svm
CH0199,kendrick lamar,1,0,-0.26810238322561925,decision_margin,1,linear_anova_c0p01,linear_svm
CH0205,katy perry,1,0,-0.06271438689856645,decision_margin,1,linear_anova_c0p01,linear_svm
CH0209,katy perry,1,1,3.2890633660844877,decision_margin,1,linear_anova_c0p01,linear_svm
CH0212,katy perry,1,0,-0.6026530406076083,decision_margin,1,linear_anova_c0p01,linear_svm
CH0214,chris brown,1,1,0.7603064195087043,decision_margin,1,linear_anova_c0p01,linear_svm
CH0221,chris brown,1,1,1.3526795400404865,decision_margin,1,linear_anova_c0p01,linear_svm
CH0223,katy perry,1,0,-0.4464950442944693,decision_margin,1,linear_anova_c0p01,linear_svm
CH0227,katy perry,1,1,0.22730480834064717,decision_margin,1,linear_anova_c0p01,linear_svm
CH0240,chris brown,1,0,-0.12874098939475268,decision_margin,1,linear_anova_c0p01,linear_svm
CH0247,katy perry,1,1,0.19781271366748612,decision_margin,1,linear_anova_c0p01,linear_svm
CH0251,chris brown,1,1,0.5454814185114231,decision_margin,1,linear_anova_c0p01,linear_svm
CH0282,katy perry,1,1,0.12383524987119929,decision_margin,1,linear_anova_c0p01,linear_svm
CH0285,katy perry,1,1,0.10383657413891906,decision_margin,1,linear_anova_c0p01,linear_svm
CH0305,leona lewis,1,1,0.8462986183711859,decision_margin,1,linear_anova_c0p01,linear_svm
CH0307,chris brown,1,0,-0.7664374927562309,decision_margin,1,linear_anova_c0p01,linear_svm
CH0308,chris brown,1,1,0.5504682678299179,decision_margin,1,linear_anova_c0p01,linear_svm
CH0310,katy perry,1,1,1.8583609208183482,decision_margin,1,linear_anova_c0p01,linear_svm
CH0313,fergie,1,0,-0.057165101776665575,decision_margin,1,linear_anova_c0p01,linear_svm
CH0319,leona lewis,1,1,0.9771033065331122,decision_margin,1,linear_anova_c0p01,linear_svm
CH0320,jonas brothers,1,1,0.2985228171811033,decision_margin,1,linear_anova_c0p01,linear_svm
CH0321,fergie,1,0,-1.0177886805375738,decision_margin,1,linear_anova_c0p01,linear_svm
CH0331,fergie,1,1,0.8867652830638973,decision_margin,1,linear_anova_c0p01,linear_svm
CH0350,chris brown,1,1,0.3134717687796993,decision_margin,1,linear_anova_c0p01,linear_svm
CH0353,fergie,1,1,1.2251813569874455,decision_margin,1,linear_anova_c0p01,linear_svm
CH0356,chris brown,1,0,-0.46723974326204487,decision_margin,1,linear_anova_c0p01,linear_svm
CH0363,chris brown,1,0,-0.2576823451468496,decision_margin,1,linear_anova_c0p01,linear_svm
CH0379,luke combs,0,1,0.8052836112210379,decision_margin,1,linear_anova_c0p01,linear_svm
CH0383,juice wrld,0,1,0.9753196240204042,decision_margin,1,linear_anova_c0p01,linear_svm
CH0387,luke combs,0,1,0.6145953542754337,decision_margin,1,linear_anova_c0p01,linear_svm
CH0389,travis scott,0,1,0.038479719803057866,decision_margin,1,linear_anova_c0p01,linear_svm
CH0390,jonas brothers,0,1,0.37314635285673203,decision_margin,1,linear_anova_c0p01,linear_svm
CH0395,dababy,0,0,-0.03531220280970166,decision_margin,1,linear_anova_c0p01,linear_svm
CH0398,dababy,0,1,0.732805502486596,decision_margin,1,linear_anova_c0p01,linear_svm
CH0402,dababy,0,1,0.5599339142015771,decision_margin,1,linear_anova_c0p01,linear_svm
CH0428,juice wrld,0,1,0.5402401036493488,decision_margin,1,linear_anova_c0p01,linear_svm
CH0429,juice wrld,0,1,0.5969955784107474,decision_margin,1,linear_anova_c0p01,linear_svm
CH0430,juice wrld,0,0,-0.354491282649794,decision_margin,1,linear_anova_c0p01,linear_svm
CH0432,juice wrld,0,1,0.3956205864614196,decision_margin,1,linear_anova_c0p01,linear_svm
CH0433,juice wrld,0,1,0.47075039743653657,decision_margin,1,linear_anova_c0p01,linear_svm
CH0434,juice wrld,0,0,-1.0721540169018127,decision_margin,1,linear_anova_c0p01,linear_svm
CH0436,juice wrld,0,0,-1.0859585700158227,decision_margin,1,linear_anova_c0p01,linear_svm
CH0437,juice wrld,0,1,0.3547428474557771,decision_margin,1,linear_anova_c0p01,linear_svm
CH0438,juice wrld,0,0,-0.9549697657377364,decision_margin,1,linear_anova_c0p01,linear_svm
CH0439,juice wrld,0,0,-0.25791494282260063,decision_margin,1,linear_anova_c0p01,linear_svm
CH0440,juice wrld,0,1,0.5380408375506668,decision_margin,1,linear_anova_c0p01,linear_svm
CH0452,jonas brothers,0,1,0.5110367901699682,decision_margin,1,linear_anova_c0p01,linear_svm
CH0454,jonas brothers,0,1,0.39991439106659443,decision_margin,1,linear_anova_c0p01,linear_svm
CH0457,dababy,0,1,0.20825601884577197,decision_margin,1,linear_anova_c0p01,linear_svm
CH0458,juice wrld,0,0,-0.11598446626105018,decision_margin,1,linear_anova_c0p01,linear_svm
CH0462,katy perry,0,1,0.15492077604477691,decision_margin,1,linear_anova_c0p01,linear_svm
CH0465,jonas brothers,0,0,-0.6239418694598463,decision_margin,1,linear_anova_c0p01,linear_svm
CH0472,juice wrld,0,0,-0.12476747719501864,decision_margin,1,linear_anova_c0p01,linear_svm
CH0473,chris brown,0,0,-0.48443347512307944,decision_margin,1,linear_anova_c0p01,linear_svm
CH0474,juice wrld,0,0,-0.7422788152650885,decision_margin,1,linear_anova_c0p01,linear_svm
CH0476,katy perry,0,0,-0.3432754847723948,decision_margin,1,linear_anova_c0p01,linear_svm
CH0477,luke combs,0,0,-0.2913984464034715,decision_margin,1,linear_anova_c0p01,linear_svm
CH0482,juice wrld,0,0,-0.02202291792580607,decision_margin,1,linear_anova_c0p01,linear_svm
CH0485,juice wrld,0,0,-0.5708754692239846,decision_margin,1,linear_anova_c0p01,linear_svm
CH0492,meghan trainor,0,1,2.156074496046949,decision_margin,1,linear_anova_c0p01,linear_svm
CH0494,chris brown,0,1,0.4470102645311631,decision_margin,1,linear_anova_c0p01,linear_svm
CH0500,luke combs,0,1,0.8686195918730617,decision_margin,1,linear_anova_c0p01,linear_svm
CH0504,chris brown,0,1,0.4064871949902661,decision_margin,1,linear_anova_c0p01,linear_svm
CH0507,travis scott,0,0,-0.3139003256421803,decision_margin,1,linear_anova_c0p01,linear_svm
CH0510,chris brown,0,0,-0.8403558532985649,decision_margin,1,linear_anova_c0p01,linear_svm
CH0514,kendrick lamar,0,0,-0.6060463629620703,decision_margin,1,linear_anova_c0p01,linear_svm
CH0525,katy perry,0,1,0.7333941354876536,decision_margin,1,linear_anova_c0p01,linear_svm
CH0529,fergie,0,1,1.1167591749902752,decision_margin,1,linear_anova_c0p01,linear_svm
CH0550,chris brown,0,1,0.7177510899143982,decision_margin,1,linear_anova_c0p01,linear_svm
CH0564,kendrick lamar,0,1,0.14782861011222476,decision_margin,1,linear_anova_c0p01,linear_svm
CH0569,kendrick lamar,0,1,0.1384468329871761,decision_margin,1,linear_anova_c0p01,linear_svm
CH0571,kendrick lamar,0,1,0.7183709077525935,decision_margin,1,linear_anova_c0p01,linear_svm
CH0575,fergie,0,0,-1.995684686262479,decision_margin,1,linear_anova_c0p01,linear_svm
CH0578,kendrick lamar,0,1,0.03913406831730945,decision_margin,1,linear_anova_c0p01,linear_svm
CH0580,katy perry,0,0,-0.19908935124568342,decision_margin,1,linear_anova_c0p01,linear_svm
CH0589,katy perry,0,0,-0.7465700292682724,decision_margin,1,linear_anova_c0p01,linear_svm
CH0610,chris brown,0,1,0.041789175285175076,decision_margin,1,linear_anova_c0p01,linear_svm
CH0616,kendrick lamar,0,1,0.30863799154052596,decision_margin,1,linear_anova_c0p01,linear_svm
CH0621,chris brown,0,1,0.08675227555693954,decision_margin,1,linear_anova_c0p01,linear_svm
CH0654,chris brown,0,0,-0.5120513608350631,decision_margin,1,linear_anova_c0p01,linear_svm
CH0680,chris brown,0,1,0.8236887751983388,decision_margin,1,linear_anova_c0p01,linear_svm
CH0694,katy perry,0,1,0.4431458686335181,decision_margin,1,linear_anova_c0p01,linear_svm
CH0702,leona lewis,0,1,0.9293072332268236,decision_margin,1,linear_anova_c0p01,linear_svm
CH0705,jonas brothers,0,1,0.3170538312655443,decision_margin,1,linear_anova_c0p01,linear_svm
CH0706,jonas brothers,0,1,0.20334351817855909,decision_margin,1,linear_anova_c0p01,linear_svm
CH0708,chris brown,0,0,-1.9801068693610588,decision_margin,1,linear_anova_c0p01,linear_svm
CH0712,jonas brothers,0,1,0.8036563168926106,decision_margin,1,linear_anova_c0p01,linear_svm
CH0713,jonas brothers,0,0,-1.2816008165998212,decision_margin,1,linear_anova_c0p01,linear_svm
CH0721,chris brown,0,0,-0.3148839833308025,decision_margin,1,linear_anova_c0p01,linear_svm
CH0726,jonas brothers,0,1,1.3064097822472558,decision_margin,1,linear_anova_c0p01,linear_svm
CH0738,jonas brothers,0,1,0.5584705478703722,decision_margin,1,linear_anova_c0p01,linear_svm
CH0009,luke combs,1,0,-1.176559010010257,decision_margin,1,lr_pca_30,logistic
CH0017,luke combs,1,0,-1.2333974220646662,decision_margin,1,lr_pca_30,logistic
CH0031,dababy,1,1,0.5215629841885997,decision_margin,1,lr_pca_30,logistic
CH0035,travis scott,1,0,-0.2570065954047858,decision_margin,1,lr_pca_30,logistic
CH0041,jonas brothers,1,0,-0.27439311688893375,decision_margin,1,lr_pca_30,logistic
CH0045,luke combs,1,0,-0.341815415067395,decision_margin,1,lr_pca_30,logistic
CH0046,juice wrld,1,0,-1.3429155358042535,decision_margin,1,lr_pca_30,logistic
CH0048,luke combs,1,0,-0.6277747513284918,decision_margin,1,lr_pca_30,logistic
CH0052,travis scott,1,1,0.8296548122557296,decision_margin,1,lr_pca_30,logistic
CH0053,jonas brothers,1,0,-0.4121459658828397,decision_margin,1,lr_pca_30,logistic
CH0055,dababy,1,1,0.051253140896948636,decision_margin,1,lr_pca_30,logistic
CH0061,luke combs,1,0,-0.3233473610152873,decision_margin,1,lr_pca_30,logistic
CH0062,juice wrld,1,1,0.39758886844919217,decision_margin,1,lr_pca_30,logistic
CH0064,luke combs,1,1,0.46779355870273875,decision_margin,1,lr_pca_30,logistic
CH0070,juice wrld,1,0,-0.9992723217631184,decision_margin,1,lr_pca_30,logistic
CH0096,luke combs,1,0,-0.07108087348985515,decision_margin,1,lr_pca_30,logistic
CH0099,kendrick lamar,1,0,-0.37557162162646396,decision_margin,1,lr_pca_30,logistic
CH0110,kendrick lamar,1,1,0.25868110475658723,decision_margin,1,lr_pca_30,logistic
CH0112,travis scott,1,1,0.256533257317947,decision_margin,1,lr_pca_30,logistic
CH0113,luke combs,1,0,-0.2620692994590916,decision_margin,1,lr_pca_30,logistic
CH0133,meghan trainor,1,0,-0.0062424402958376965,decision_margin,1,lr_pca_30,logistic
CH0136,meghan trainor,1,0,-0.4946204839558572,decision_margin,1,lr_pca_30,logistic
CH0140,travis scott,1,0,-0.28259076025583185,decision_margin,1,lr_pca_30,logistic
CH0143,chris brown,1,0,-0.680469702810377,decision_margin,1,lr_pca_30,logistic
CH0152,meghan trainor,1,1,0.07542651320277616,decision_margin,1,lr_pca_30,logistic
CH0154,meghan trainor,1,0,-0.35057407631931237,decision_margin,1,lr_pca_30,logistic
CH0163,meghan trainor,1,1,0.0324697628026191,decision_margin,1,lr_pca_30,logistic
CH0174,katy perry,1,1,0.4322462937676379,decision_margin,1,lr_pca_30,logistic
CH0177,katy perry,1,1,0.12040803461277039,decision_margin,1,lr_pca_30,logistic
CH0199,kendrick lamar,1,0,-0.32012082466200337,decision_margin,1,lr_pca_30,logistic
CH0205,katy perry,1,0,-0.9287926317104579,decision_margin,1,lr_pca_30,logistic
CH0209,katy perry,1,1,2.0690796147617547,decision_margin,1,lr_pca_30,logistic
CH0212,katy perry,1,0,-0.4426972516208212,decision_margin,1,lr_pca_30,logistic
CH0214,chris brown,1,1,0.9344250964535995,decision_margin,1,lr_pca_30,logistic
CH0221,chris brown,1,1,0.9706926952547789,decision_margin,1,lr_pca_30,logistic
CH0223,katy perry,1,1,0.6360634263066313,decision_margin,1,lr_pca_30,logistic
CH0227,katy perry,1,0,-0.5020572881248143,decision_margin,1,lr_pca_30,logistic
CH0240,chris brown,1,1,0.23304060325907788,decision_margin,1,lr_pca_30,logistic
CH0247,katy perry,1,1,0.14714729408357938,decision_margin,1,lr_pca_30,logistic
CH0251,chris brown,1,1,0.7494503163048795,decision_margin,1,lr_pca_30,logistic
CH0282,katy perry,1,1,0.09188145222094793,decision_margin,1,lr_pca_30,logistic
CH0285,katy perry,1,1,0.14969286735738804,decision_margin,1,lr_pca_30,logistic
CH0305,leona lewis,1,1,0.04831583411843494,decision_margin,1,lr_pca_30,logistic
CH0307,chris brown,1,1,0.053765360195988494,decision_margin,1,lr_pca_30,logistic
CH0308,chris brown,1,1,0.06736947093960166,decision_margin,1,lr_pca_30,logistic
CH0310,katy perry,1,1,1.7223997727123868,decision_margin,1,lr_pca_30,logistic
CH0313,fergie,1,0,-0.6152364408807703,decision_margin,1,lr_pca_30,logistic
CH0319,leona lewis,1,1,0.7206910603060043,decision_margin,1,lr_pca_30,logistic
CH0320,jonas brothers,1,1,0.13328041634778368,decision_margin,1,lr_pca_30,logistic
CH0321,fergie,1,0,-0.5632638275906738,decision_margin,1,lr_pca_30,logistic
CH0331,fergie,1,1,0.9296969727708805,decision_margin,1,lr_pca_30,logistic
CH0350,chris brown,1,1,0.5023768143222823,decision_margin,1,lr_pca_30,logistic
CH0353,fergie,1,1,1.07293618346725,decision_margin,1,lr_pca_30,logistic
CH0356,chris brown,1,0,-0.45761409528701336,decision_margin,1,lr_pca_30,logistic
CH0363,chris brown,1,1,0.431963707526981,decision_margin,1,lr_pca_30,logistic
CH0379,luke combs,0,1,0.6296585354784205,decision_margin,1,lr_pca_30,logistic
CH0383,juice wrld,0,1,0.7031157496407084,decision_margin,1,lr_pca_30,logistic
CH0387,luke combs,0,1,0.6643220308398861,decision_margin,1,lr_pca_30,logistic
CH0389,travis scott,0,1,0.6342354251026309,decision_margin,1,lr_pca_30,logistic
CH0390,jonas brothers,0,0,-0.32218468321507043,decision_margin,1,lr_pca_30,logistic
CH0395,dababy,0,1,0.34696843365921787,decision_margin,1,lr_pca_30,logistic
CH0398,dababy,0,1,0.057200118618648495,decision_margin,1,lr_pca_30,logistic
CH0402,dababy,0,0,-0.23693042444570367,decision_margin,1,lr_pca_30,logistic
CH0428,juice wrld,0,0,-0.20047119814763104,decision_margin,1,lr_pca_30,logistic
CH0429,juice wrld,0,1,0.7406706209334314,decision_margin,1,lr_pca_30,logistic
CH0430,juice wrld,0,0,-0.7272154763032544,decision_margin,1,lr_pca_30,logistic
CH0432,juice wrld,0,1,0.2706404764071133,decision_margin,1,lr_pca_30,logistic
CH0433,juice wrld,0,1,1.0915172330360028,decision_margin,1,lr_pca_30,logistic
CH0434,juice wrld,0,0,-0.7123425224284429,decision_margin,1,lr_pca_30,logistic
CH0436,juice wrld,0,0,-1.4103738722067432,decision_margin,1,lr_pca_30,logistic
CH0437,juice wrld,0,1,0.2089214885127751,decision_margin,1,lr_pca_30,logistic
CH0438,juice wrld,0,0,-0.7057313070214966,decision_margin,1,lr_pca_30,logistic
CH0439,juice wrld,0,0,-0.0792379984298483,decision_margin,1,lr_pca_30,logistic
CH0440,juice wrld,0,1,1.0700595385916227,decision_margin,1,lr_pca_30,logistic
CH0452,jonas brothers,0,1,0.2423074662209842,decision_margin,1,lr_pca_30,logistic
CH0454,jonas brothers,0,1,0.7240196183379695,decision_margin,1,lr_pca_30,logistic
CH0457,dababy,0,1,0.24501940791451993,decision_margin,1,lr_pca_30,logistic
CH0458,juice wrld,0,0,-0.5273620586607344,decision_margin,1,lr_pca_30,logistic
CH0462,katy perry,0,1,0.12789024215270445,decision_margin,1,lr_pca_30,logistic
CH0465,jonas brothers,0,0,-0.5548865919589879,decision_margin,1,lr_pca_30,logistic
CH0472,juice wrld,0,0,-0.01009380790730658,decision_margin,1,lr_pca_30,logistic
CH0473,chris brown,0,1,0.2427577970896475,decision_margin,1,lr_pca_30,logistic
CH0474,juice wrld,0,0,-0.46449965787456327,decision_margin,1,lr_pca_30,logistic
CH0476,katy perry,0,0,-0.30431674929204344,decision_margin,1,lr_pca_30,logistic
CH0477,luke combs,0,0,-0.7694352628785989,decision_margin,1,lr_pca_30,logistic
CH0482,juice wrld,0,1,0.3711605292643501,decision_margin,1,lr_pca_30,logistic
CH0485,juice wrld,0,0,-1.2016055724652575,decision_margin,1,lr_pca_30,logistic
CH0492,meghan trainor,0,1,1.687093828440963,decision_margin,1,lr_pca_30,logistic
CH0494,chris brown,0,0,-0.09475960369311304,decision_margin,1,lr_pca_30,logistic
CH0500,luke combs,0,1,0.2448672161108228,decision_margin,1,lr_pca_30,logistic
CH0504,chris brown,0,1,0.6160668712464658,decision_margin,1,lr_pca_30,logistic
CH0507,travis scott,0,0,-0.07834451853910435,decision_margin,1,lr_pca_30,logistic
CH0510,chris brown,0,0,-0.2104157932574158,decision_margin,1,lr_pca_30,logistic
CH0514,kendrick lamar,0,0,-0.9782582538057353,decision_margin,1,lr_pca_30,logistic
CH0525,katy perry,0,1,0.2786784076609893,decision_margin,1,lr_pca_30,logistic
CH0529,fergie,0,1,0.9943772120363182,decision_margin,1,lr_pca_30,logistic
CH0550,chris brown,0,0,-0.07273167132251424,decision_margin,1,lr_pca_30,logistic
CH0564,kendrick lamar,0,1,0.24257805686538353,decision_margin,1,lr_pca_30,logistic
CH0569,kendrick lamar,0,1,0.4113133341211819,decision_margin,1,lr_pca_30,logistic
CH0571,kendrick lamar,0,1,0.39741997896351927,decision_margin,1,lr_pca_30,logistic
CH0575,fergie,0,0,-0.8197721513351268,decision_margin,1,lr_pca_30,logistic
CH0578,kendrick lamar,0,0,-0.2007467826806845,decision_margin,1,lr_pca_30,logistic
CH0580,katy perry,0,0,-0.29927611412310645,decision_margin,1,lr_pca_30,logistic
CH0589,katy perry,0,0,-0.8418294776856143,decision_margin,1,lr_pca_30,logistic
CH0610,chris brown,0,0,-0.28385543704971944,decision_margin,1,lr_pca_30,logistic
CH0616,kendrick lamar,0,1,0.30823874991580147,decision_margin,1,lr_pca_30,logistic
CH0621,chris brown,0,0,-0.41493306903591026,decision_margin,1,lr_pca_30,logistic
CH0654,chris brown,0,0,-0.15309692087934512,decision_margin,1,lr_pca_30,logistic
CH0680,chris brown,0,1,1.0739610925445902,decision_margin,1,lr_pca_30,logistic
CH0694,katy perry,0,1,0.2581553368650563,decision_margin,1,lr_pca_30,logistic
CH0702,leona lewis,0,1,0.44305462101223825,decision_margin,1,lr_pca_30,logistic
CH0705,jonas brothers,0,1,0.06459183706708002,decision_margin,1,lr_pca_30,logistic
CH0706,jonas brothers,0,0,-0.038058665449865796,decision_margin,1,lr_pca_30,logistic
CH0708,chris brown,0,0,-0.8622238911830543,decision_margin,1,lr_pca_30,logistic
CH0712,jonas brothers,0,1,0.6580480409819645,decision_margin,1,lr_pca_30,logistic
CH0713,jonas brothers,0,0,-0.18503500825090197,decision_margin,1,lr_pca_30,logistic
CH0721,chris brown,0,0,-0.22705798235832197,decision_margin,1,lr_pca_30,logistic
CH0726,jonas brothers,0,1,0.1979180319004589,decision_margin,1,lr_pca_30,logistic
CH0738,jonas brothers,0,0,-0.08227284566670237,decision_margin,1,lr_pca_30,logistic
CH0009,luke combs,1,0,0.19521350388814473,uncalibrated_class_1_probability,1,mlp_pca30,mlp
CH0017,luke combs,1,0,0.1751101353967224,uncalibrated_class_1_probability,1,mlp_pca30,mlp
CH0031,dababy,1,0,0.25973704883785187,uncalibrated_class_1_probability,1,mlp_pca30,mlp
CH0035,travis scott,1,1,0.5195725166689076,uncalibrated_class_1_probability,1,mlp_pca30,mlp
CH0041,jonas brothers,1,0,0.4853765562825049,uncalibrated_class_1_probability,1,mlp_pca30,mlp
CH0045,luke combs,1,0,0.254455893816687,uncalibrated_class_1_probability,1,mlp_pca30,mlp
CH0046,juice wrld,1,0,0.3665410566592315,uncalibrated_class_1_probability,1,mlp_pca30,mlp
CH0048,luke combs,1,0,0.24779921236676322,uncalibrated_class_1_probability,1,mlp_pca30,mlp
CH0052,travis scott,1,0,0.10590591019797527,uncalibrated_class_1_probability,1,mlp_pca30,mlp
CH0053,jonas brothers,1,0,0.19829825038898602,uncalibrated_class_1_probability,1,mlp_pca30,mlp
CH0055,dababy,1,1,0.5632407953001481,uncalibrated_class_1_probability,1,mlp_pca30,mlp
CH0061,luke combs,1,1,0.6391484893470568,uncalibrated_class_1_probability,1,mlp_pca30,mlp
CH0062,juice wrld,1,0,0.25212644067944345,uncalibrated_class_1_probability,1,mlp_pca30,mlp
CH0064,luke combs,1,1,0.8324758459109396,uncalibrated_class_1_probability,1,mlp_pca30,mlp
CH0070,juice wrld,1,0,0.33941197806441764,uncalibrated_class_1_probability,1,mlp_pca30,mlp
CH0096,luke combs,1,1,0.6752151072699146,uncalibrated_class_1_probability,1,mlp_pca30,mlp
CH0099,kendrick lamar,1,0,0.02328477191531395,uncalibrated_class_1_probability,1,mlp_pca30,mlp
CH0110,kendrick lamar,1,1,0.5301288386816309,uncalibrated_class_1_probability,1,mlp_pca30,mlp
CH0112,travis scott,1,1,0.7638384019826082,uncalibrated_class_1_probability,1,mlp_pca30,mlp
CH0113,luke combs,1,0,0.1357179225744772,uncalibrated_class_1_probability,1,mlp_pca30,mlp
CH0133,meghan trainor,1,0,0.4984291853087695,uncalibrated_class_1_probability,1,mlp_pca30,mlp
CH0136,meghan trainor,1,0,0.3361642237820727,uncalibrated_class_1_probability,1,mlp_pca30,mlp
CH0140,travis scott,1,1,0.6698438912518297,uncalibrated_class_1_probability,1,mlp_pca30,mlp
CH0143,chris brown,1,0,0.2687562717706617,uncalibrated_class_1_probability,1,mlp_pca30,mlp
CH0152,meghan trainor,1,1,0.6544877458347872,uncalibrated_class_1_probability,1,mlp_pca30,mlp
CH0154,meghan trainor,1,1,0.6276523999295809,uncalibrated_class_1_probability,1,mlp_pca30,mlp
CH0163,meghan trainor,1,0,0.43565205292565806,uncalibrated_class_1_probability,1,mlp_pca30,mlp
CH0174,katy perry,1,1,0.8545512131763284,uncalibrated_class_1_probability,1,mlp_pca30,mlp
CH0177,katy perry,1,0,0.15943438624548922,uncalibrated_class_1_probability,1,mlp_pca30,mlp
CH0199,kendrick lamar,1,0,0.48120060593251246,uncalibrated_class_1_probability,1,mlp_pca30,mlp
CH0205,katy perry,1,0,0.09220372394372794,uncalibrated_class_1_probability,1,mlp_pca30,mlp
CH0209,katy perry,1,1,0.9511264241163254,uncalibrated_class_1_probability,1,mlp_pca30,mlp
CH0212,katy perry,1,0,0.17244841624181675,uncalibrated_class_1_probability,1,mlp_pca30,mlp
CH0214,chris brown,1,0,0.1980920394585102,uncalibrated_class_1_probability,1,mlp_pca30,mlp
CH0221,chris brown,1,1,0.8662508199814642,uncalibrated_class_1_probability,1,mlp_pca30,mlp
CH0223,katy perry,1,1,0.5530802657235314,uncalibrated_class_1_probability,1,mlp_pca30,mlp
CH0227,katy perry,1,0,0.35016094534487513,uncalibrated_class_1_probability,1,mlp_pca30,mlp
CH0240,chris brown,1,1,0.5738564022301023,uncalibrated_class_1_probability,1,mlp_pca30,mlp
CH0247,katy perry,1,1,0.6733049387876701,uncalibrated_class_1_probability,1,mlp_pca30,mlp
CH0251,chris brown,1,1,0.8018013679332847,uncalibrated_class_1_probability,1,mlp_pca30,mlp
CH0282,katy perry,1,0,0.470573137672536,uncalibrated_class_1_probability,1,mlp_pca30,mlp
CH0285,katy perry,1,1,0.807598016823223,uncalibrated_class_1_probability,1,mlp_pca30,mlp
CH0305,leona lewis,1,1,0.7142139854475161,uncalibrated_class_1_probability,1,mlp_pca30,mlp
CH0307,chris brown,1,0,0.40345238843044096,uncalibrated_class_1_probability,1,mlp_pca30,mlp
CH0308,chris brown,1,1,0.8280411364063123,uncalibrated_class_1_probability,1,mlp_pca30,mlp
CH0310,katy perry,1,1,0.9417415066163489,uncalibrated_class_1_probability,1,mlp_pca30,mlp
CH0313,fergie,1,0,0.10616371399617379,uncalibrated_class_1_probability,1,mlp_pca30,mlp
CH0319,leona lewis,1,1,0.7951782272670905,uncalibrated_class_1_probability,1,mlp_pca30,mlp
CH0320,jonas brothers,1,0,0.4339399602581395,uncalibrated_class_1_probability,1,mlp_pca30,mlp
CH0321,fergie,1,1,0.5410983100090222,uncalibrated_class_1_probability,1,mlp_pca30,mlp
CH0331,fergie,1,0,0.22964343654690555,uncalibrated_class_1_probability,1,mlp_pca30,mlp
CH0350,chris brown,1,1,0.5850002948963988,uncalibrated_class_1_probability,1,mlp_pca30,mlp
CH0353,fergie,1,1,0.5562233838660341,uncalibrated_class_1_probability,1,mlp_pca30,mlp
CH0356,chris brown,1,0,0.31787573229288746,uncalibrated_class_1_probability,1,mlp_pca30,mlp
CH0363,chris brown,1,1,0.6224047341524233,uncalibrated_class_1_probability,1,mlp_pca30,mlp
CH0379,luke combs,0,1,0.8400911753988186,uncalibrated_class_1_probability,1,mlp_pca30,mlp
CH0383,juice wrld,0,1,0.5962348494710047,uncalibrated_class_1_probability,1,mlp_pca30,mlp
CH0387,luke combs,0,1,0.7898705037214567,uncalibrated_class_1_probability,1,mlp_pca30,mlp
CH0389,travis scott,0,1,0.8456649278829245,uncalibrated_class_1_probability,1,mlp_pca30,mlp
CH0390,jonas brothers,0,0,0.19061705514890903,uncalibrated_class_1_probability,1,mlp_pca30,mlp
CH0395,dababy,0,0,0.242941956169876,uncalibrated_class_1_probability,1,mlp_pca30,mlp
CH0398,dababy,0,0,0.18578684237383894,uncalibrated_class_1_probability,1,mlp_pca30,mlp
CH0402,dababy,0,0,0.20710342219661715,uncalibrated_class_1_probability,1,mlp_pca30,mlp
CH0428,juice wrld,0,1,0.8445665823016912,uncalibrated_class_1_probability,1,mlp_pca30,mlp
CH0429,juice wrld,0,1,0.736999237870474,uncalibrated_class_1_probability,1,mlp_pca30,mlp
CH0430,juice wrld,0,0,0.07338645663434226,uncalibrated_class_1_probability,1,mlp_pca30,mlp
CH0432,juice wrld,0,0,0.3744202286555027,uncalibrated_class_1_probability,1,mlp_pca30,mlp
CH0433,juice wrld,0,1,0.5072254367050334,uncalibrated_class_1_probability,1,mlp_pca30,mlp
CH0434,juice wrld,0,0,0.41473791001666305,uncalibrated_class_1_probability,1,mlp_pca30,mlp
CH0436,juice wrld,0,0,0.3213223892245288,uncalibrated_class_1_probability,1,mlp_pca30,mlp
CH0437,juice wrld,0,0,0.4702028693900995,uncalibrated_class_1_probability,1,mlp_pca30,mlp
CH0438,juice wrld,0,0,0.32626425906447776,uncalibrated_class_1_probability,1,mlp_pca30,mlp
CH0439,juice wrld,0,0,0.30469118269511014,uncalibrated_class_1_probability,1,mlp_pca30,mlp
CH0440,juice wrld,0,1,0.77814830977762,uncalibrated_class_1_probability,1,mlp_pca30,mlp
CH0452,jonas brothers,0,1,0.6579850262335085,uncalibrated_class_1_probability,1,mlp_pca30,mlp
CH0454,jonas brothers,0,1,0.7344672985728573,uncalibrated_class_1_probability,1,mlp_pca30,mlp
CH0457,dababy,0,1,0.7282258286123896,uncalibrated_class_1_probability,1,mlp_pca30,mlp
CH0458,juice wrld,0,0,0.2965241748492573,uncalibrated_class_1_probability,1,mlp_pca30,mlp
CH0462,katy perry,0,1,0.5266228072768273,uncalibrated_class_1_probability,1,mlp_pca30,mlp
CH0465,jonas brothers,0,0,0.46331650517110967,uncalibrated_class_1_probability,1,mlp_pca30,mlp
CH0472,juice wrld,0,1,0.7077592923383595,uncalibrated_class_1_probability,1,mlp_pca30,mlp
CH0473,chris brown,0,1,0.6770290958947046,uncalibrated_class_1_probability,1,mlp_pca30,mlp
CH0474,juice wrld,0,1,0.6337762523466864,uncalibrated_class_1_probability,1,mlp_pca30,mlp
CH0476,katy perry,0,0,0.319111816600771,uncalibrated_class_1_probability,1,mlp_pca30,mlp
CH0477,luke combs,0,0,0.2830365016849381,uncalibrated_class_1_probability,1,mlp_pca30,mlp
CH0482,juice wrld,0,1,0.5718614581081869,uncalibrated_class_1_probability,1,mlp_pca30,mlp
CH0485,juice wrld,0,1,0.5064204778001578,uncalibrated_class_1_probability,1,mlp_pca30,mlp
CH0492,meghan trainor,0,1,0.9248649726564193,uncalibrated_class_1_probability,1,mlp_pca30,mlp
CH0494,chris brown,0,0,0.22293829187810513,uncalibrated_class_1_probability,1,mlp_pca30,mlp
CH0500,luke combs,0,1,0.6411275031452626,uncalibrated_class_1_probability,1,mlp_pca30,mlp
CH0504,chris brown,0,1,0.5338451383194048,uncalibrated_class_1_probability,1,mlp_pca30,mlp
CH0507,travis scott,0,0,0.3152404307601757,uncalibrated_class_1_probability,1,mlp_pca30,mlp
CH0510,chris brown,0,0,0.18946644456934025,uncalibrated_class_1_probability,1,mlp_pca30,mlp
CH0514,kendrick lamar,0,0,0.4420031166974918,uncalibrated_class_1_probability,1,mlp_pca30,mlp
CH0525,katy perry,0,0,0.3312715952470473,uncalibrated_class_1_probability,1,mlp_pca30,mlp
CH0529,fergie,0,1,0.7938056534972064,uncalibrated_class_1_probability,1,mlp_pca30,mlp
CH0550,chris brown,0,0,0.18369175370387428,uncalibrated_class_1_probability,1,mlp_pca30,mlp
CH0564,kendrick lamar,0,0,0.28986200466359757,uncalibrated_class_1_probability,1,mlp_pca30,mlp
CH0569,kendrick lamar,0,1,0.7308504505321622,uncalibrated_class_1_probability,1,mlp_pca30,mlp
CH0571,kendrick lamar,0,1,0.5690393722218092,uncalibrated_class_1_probability,1,mlp_pca30,mlp
CH0575,fergie,0,1,0.5324957127982088,uncalibrated_class_1_probability,1,mlp_pca30,mlp
CH0578,kendrick lamar,0,1,0.6096164821439205,uncalibrated_class_1_probability,1,mlp_pca30,mlp
CH0580,katy perry,0,1,0.7638224080543914,uncalibrated_class_1_probability,1,mlp_pca30,mlp
CH0589,katy perry,0,0,0.061092000004066525,uncalibrated_class_1_probability,1,mlp_pca30,mlp
CH0610,chris brown,0,0,0.32124847797937406,uncalibrated_class_1_probability,1,mlp_pca30,mlp
CH0616,kendrick lamar,0,1,0.5344957526222669,uncalibrated_class_1_probability,1,mlp_pca30,mlp
CH0621,chris brown,0,1,0.814947068887903,uncalibrated_class_1_probability,1,mlp_pca30,mlp
CH0654,chris brown,0,0,0.10751252455843836,uncalibrated_class_1_probability,1,mlp_pca30,mlp
CH0680,chris brown,0,1,0.8893994078306023,uncalibrated_class_1_probability,1,mlp_pca30,mlp
CH0694,katy perry,0,0,0.34511988106760155,uncalibrated_class_1_probability,1,mlp_pca30,mlp
CH0702,leona lewis,0,0,0.45495561087044756,uncalibrated_class_1_probability,1,mlp_pca30,mlp
CH0705,jonas brothers,0,1,0.5052200837104653,uncalibrated_class_1_probability,1,mlp_pca30,mlp
CH0706,jonas brothers,0,1,0.5341281468426922,uncalibrated_class_1_probability,1,mlp_pca30,mlp
CH0708,chris brown,0,0,0.1180480963635622,uncalibrated_class_1_probability,1,mlp_pca30,mlp
CH0712,jonas brothers,0,0,0.4652913781637083,uncalibrated_class_1_probability,1,mlp_pca30,mlp
CH0713,jonas brothers,0,0,0.4752915089450576,uncalibrated_class_1_probability,1,mlp_pca30,mlp
CH0721,chris brown,0,0,0.38052691099844016,uncalibrated_class_1_probability,1,mlp_pca30,mlp
CH0726,jonas brothers,0,1,0.5145658172033394,uncalibrated_class_1_probability,1,mlp_pca30,mlp
CH0738,jonas brothers,0,1,0.6690482807559935,uncalibrated_class_1_probability,1,mlp_pca30,mlp
CH0009,luke combs,1,0,-1.5140711905808246,decision_margin,1,rbf_anova_c1,rbf_svm
CH0017,luke combs,1,0,-1.0006150223875074,decision_margin,1,rbf_anova_c1,rbf_svm
CH0031,dababy,1,0,-0.35930637279982136,decision_margin,1,rbf_anova_c1,rbf_svm
CH0035,travis scott,1,1,0.32028522795003234,decision_margin,1,rbf_anova_c1,rbf_svm
CH0041,jonas brothers,1,1,0.07743795942691015,decision_margin,1,rbf_anova_c1,rbf_svm
CH0045,luke combs,1,0,-0.42342291772475227,decision_margin,1,rbf_anova_c1,rbf_svm
CH0046,juice wrld,1,0,-0.31383148616719225,decision_margin,1,rbf_anova_c1,rbf_svm
CH0048,luke combs,1,0,-0.630030000321571,decision_margin,1,rbf_anova_c1,rbf_svm
CH0052,travis scott,1,1,0.290549593386994,decision_margin,1,rbf_anova_c1,rbf_svm
CH0053,jonas brothers,1,1,0.3664768593508022,decision_margin,1,rbf_anova_c1,rbf_svm
CH0055,dababy,1,0,-0.46774843613288075,decision_margin,1,rbf_anova_c1,rbf_svm
CH0061,luke combs,1,0,-0.6441399949143348,decision_margin,1,rbf_anova_c1,rbf_svm
CH0062,juice wrld,1,0,-0.29614052412723624,decision_margin,1,rbf_anova_c1,rbf_svm
CH0064,luke combs,1,1,0.6840487539141804,decision_margin,1,rbf_anova_c1,rbf_svm
CH0070,juice wrld,1,0,-0.739834166070586,decision_margin,1,rbf_anova_c1,rbf_svm
CH0096,luke combs,1,0,-0.2604199439619249,decision_margin,1,rbf_anova_c1,rbf_svm
CH0099,kendrick lamar,1,1,0.287427767593556,decision_margin,1,rbf_anova_c1,rbf_svm
CH0110,kendrick lamar,1,0,-0.40634208762295154,decision_margin,1,rbf_anova_c1,rbf_svm
CH0112,travis scott,1,1,1.1284878246599153,decision_margin,1,rbf_anova_c1,rbf_svm
CH0113,luke combs,1,0,-1.1742839229065944,decision_margin,1,rbf_anova_c1,rbf_svm
CH0133,meghan trainor,1,0,-0.492927714597338,decision_margin,1,rbf_anova_c1,rbf_svm
CH0136,meghan trainor,1,0,-0.28021991500452925,decision_margin,1,rbf_anova_c1,rbf_svm
CH0140,travis scott,1,0,-0.0527651817301355,decision_margin,1,rbf_anova_c1,rbf_svm
CH0143,chris brown,1,0,-0.565437207310854,decision_margin,1,rbf_anova_c1,rbf_svm
CH0152,meghan trainor,1,0,-0.5493829929991476,decision_margin,1,rbf_anova_c1,rbf_svm
CH0154,meghan trainor,1,0,-0.8140331259859832,decision_margin,1,rbf_anova_c1,rbf_svm
CH0163,meghan trainor,1,0,-0.11619399139590553,decision_margin,1,rbf_anova_c1,rbf_svm
CH0174,katy perry,1,1,0.7765782555443644,decision_margin,1,rbf_anova_c1,rbf_svm
CH0177,katy perry,1,0,-0.05707260196916665,decision_margin,1,rbf_anova_c1,rbf_svm
CH0199,kendrick lamar,1,1,0.30627175407558094,decision_margin,1,rbf_anova_c1,rbf_svm
CH0205,katy perry,1,0,-0.5273889092195139,decision_margin,1,rbf_anova_c1,rbf_svm
CH0209,katy perry,1,1,0.6172881259873515,decision_margin,1,rbf_anova_c1,rbf_svm
CH0212,katy perry,1,0,-0.45978647411636386,decision_margin,1,rbf_anova_c1,rbf_svm
CH0214,chris brown,1,0,-1.0999325679919594,decision_margin,1,rbf_anova_c1,rbf_svm
CH0221,chris brown,1,1,1.1014281788373468,decision_margin,1,rbf_anova_c1,rbf_svm
CH0223,katy perry,1,0,-0.031990238641223745,decision_margin,1,rbf_anova_c1,rbf_svm
CH0227,katy perry,1,1,0.24139210198426597,decision_margin,1,rbf_anova_c1,rbf_svm
CH0240,chris brown,1,1,0.22862629432261958,decision_margin,1,rbf_anova_c1,rbf_svm
CH0247,katy perry,1,1,0.7817520026911724,decision_margin,1,rbf_anova_c1,rbf_svm
CH0251,chris brown,1,1,0.3966315410876865,decision_margin,1,rbf_anova_c1,rbf_svm
CH0282,katy perry,1,1,0.03661519555860372,decision_margin,1,rbf_anova_c1,rbf_svm
CH0285,katy perry,1,1,1.0357169139905087,decision_margin,1,rbf_anova_c1,rbf_svm
CH0305,leona lewis,1,1,0.5639549815192839,decision_margin,1,rbf_anova_c1,rbf_svm
CH0307,chris brown,1,0,-0.5059157145983787,decision_margin,1,rbf_anova_c1,rbf_svm
CH0308,chris brown,1,1,1.0373180030391023,decision_margin,1,rbf_anova_c1,rbf_svm
CH0310,katy perry,1,1,0.9137939981456105,decision_margin,1,rbf_anova_c1,rbf_svm
CH0313,fergie,1,0,-0.3637610338278777,decision_margin,1,rbf_anova_c1,rbf_svm
CH0319,leona lewis,1,1,0.49654107809524295,decision_margin,1,rbf_anova_c1,rbf_svm
CH0320,jonas brothers,1,1,0.02375900965697677,decision_margin,1,rbf_anova_c1,rbf_svm
CH0321,fergie,1,0,-0.7259054294503384,decision_margin,1,rbf_anova_c1,rbf_svm
CH0331,fergie,1,1,0.19033039371554777,decision_margin,1,rbf_anova_c1,rbf_svm
CH0350,chris brown,1,0,-0.04693369038693665,decision_margin,1,rbf_anova_c1,rbf_svm
CH0353,fergie,1,1,0.8395511227552912,decision_margin,1,rbf_anova_c1,rbf_svm
CH0356,chris brown,1,1,0.3261600821994971,decision_margin,1,rbf_anova_c1,rbf_svm
CH0363,chris brown,1,1,0.04840779123964348,decision_margin,1,rbf_anova_c1,rbf_svm
CH0379,luke combs,0,1,0.25975634569705036,decision_margin,1,rbf_anova_c1,rbf_svm
CH0383,juice wrld,0,1,1.1545211309292045,decision_margin,1,rbf_anova_c1,rbf_svm
CH0387,luke combs,0,1,0.6793354080654291,decision_margin,1,rbf_anova_c1,rbf_svm
CH0389,travis scott,0,0,-0.2244731071878602,decision_margin,1,rbf_anova_c1,rbf_svm
CH0390,jonas brothers,0,1,0.41457561173321456,decision_margin,1,rbf_anova_c1,rbf_svm
CH0395,dababy,0,0,-0.7241224496920631,decision_margin,1,rbf_anova_c1,rbf_svm
CH0398,dababy,0,1,0.08728889109302755,decision_margin,1,rbf_anova_c1,rbf_svm
CH0402,dababy,0,0,-0.09808368550542973,decision_margin,1,rbf_anova_c1,rbf_svm
CH0428,juice wrld,0,1,0.6287968422175543,decision_margin,1,rbf_anova_c1,rbf_svm
CH0429,juice wrld,0,1,0.4400226372442475,decision_margin,1,rbf_anova_c1,rbf_svm
CH0430,juice wrld,0,0,-0.5248450734636659,decision_margin,1,rbf_anova_c1,rbf_svm
CH0432,juice wrld,0,0,-0.2927506117433525,decision_margin,1,rbf_anova_c1,rbf_svm
CH0433,juice wrld,0,1,0.008272283401678078,decision_margin,1,rbf_anova_c1,rbf_svm
CH0434,juice wrld,0,0,-0.7421027345271145,decision_margin,1,rbf_anova_c1,rbf_svm
CH0436,juice wrld,0,0,-1.1299043279718157,decision_margin,1,rbf_anova_c1,rbf_svm
CH0437,juice wrld,0,1,0.1949029481418569,decision_margin,1,rbf_anova_c1,rbf_svm
CH0438,juice wrld,0,0,-1.109238934586893,decision_margin,1,rbf_anova_c1,rbf_svm
CH0439,juice wrld,0,1,0.40930253932179195,decision_margin,1,rbf_anova_c1,rbf_svm
CH0440,juice wrld,0,1,0.6631313551636984,decision_margin,1,rbf_anova_c1,rbf_svm
CH0452,jonas brothers,0,1,0.12247223263340219,decision_margin,1,rbf_anova_c1,rbf_svm
CH0454,jonas brothers,0,1,0.7938605847621314,decision_margin,1,rbf_anova_c1,rbf_svm
CH0457,dababy,0,1,0.6903458399284728,decision_margin,1,rbf_anova_c1,rbf_svm
CH0458,juice wrld,0,0,-0.05127199677829293,decision_margin,1,rbf_anova_c1,rbf_svm
CH0462,katy perry,0,0,-0.04376369482573085,decision_margin,1,rbf_anova_c1,rbf_svm
CH0465,jonas brothers,0,1,0.07097916101198021,decision_margin,1,rbf_anova_c1,rbf_svm
CH0472,juice wrld,0,1,0.6093578846276105,decision_margin,1,rbf_anova_c1,rbf_svm
CH0473,chris brown,0,0,-1.018223123977193,decision_margin,1,rbf_anova_c1,rbf_svm
CH0474,juice wrld,0,0,-0.5655687737536839,decision_margin,1,rbf_anova_c1,rbf_svm
CH0476,katy perry,0,0,-0.028810821055698918,decision_margin,1,rbf_anova_c1,rbf_svm
CH0477,luke combs,0,0,-0.6984010808192169,decision_margin,1,rbf_anova_c1,rbf_svm
CH0482,juice wrld,0,0,-0.07068810990499269,decision_margin,1,rbf_anova_c1,rbf_svm
CH0485,juice wrld,0,0,-0.1869024005610396,decision_margin,1,rbf_anova_c1,rbf_svm
CH0492,meghan trainor,0,1,1.414244437214607,decision_margin,1,rbf_anova_c1,rbf_svm
CH0494,chris brown,0,1,0.04587424740800672,decision_margin,1,rbf_anova_c1,rbf_svm
CH0500,luke combs,0,1,1.043355816617872,decision_margin,1,rbf_anova_c1,rbf_svm
CH0504,chris brown,0,0,-0.22097514695073725,decision_margin,1,rbf_anova_c1,rbf_svm
CH0507,travis scott,0,1,0.09777973325460537,decision_margin,1,rbf_anova_c1,rbf_svm
CH0510,chris brown,0,0,-0.2929718381909334,decision_margin,1,rbf_anova_c1,rbf_svm
CH0514,kendrick lamar,0,0,-0.35409608292394934,decision_margin,1,rbf_anova_c1,rbf_svm
CH0525,katy perry,0,1,0.8083590737838535,decision_margin,1,rbf_anova_c1,rbf_svm
CH0529,fergie,0,1,0.16699062224809635,decision_margin,1,rbf_anova_c1,rbf_svm
CH0550,chris brown,0,1,0.6520764374328177,decision_margin,1,rbf_anova_c1,rbf_svm
CH0564,kendrick lamar,0,0,-0.7918346442958484,decision_margin,1,rbf_anova_c1,rbf_svm
CH0569,kendrick lamar,0,0,-0.06416008271499926,decision_margin,1,rbf_anova_c1,rbf_svm
CH0571,kendrick lamar,0,1,0.7435200449333196,decision_margin,1,rbf_anova_c1,rbf_svm
CH0575,fergie,0,0,-0.3245499485225154,decision_margin,1,rbf_anova_c1,rbf_svm
CH0578,kendrick lamar,0,1,0.3716430330076822,decision_margin,1,rbf_anova_c1,rbf_svm
CH0580,katy perry,0,1,0.3151440564649818,decision_margin,1,rbf_anova_c1,rbf_svm
CH0589,katy perry,0,0,-0.06053065096958779,decision_margin,1,rbf_anova_c1,rbf_svm
CH0610,chris brown,0,1,0.8584479839410941,decision_margin,1,rbf_anova_c1,rbf_svm
CH0616,kendrick lamar,0,1,0.21716921058309294,decision_margin,1,rbf_anova_c1,rbf_svm
CH0621,chris brown,0,1,0.7490049102508325,decision_margin,1,rbf_anova_c1,rbf_svm
CH0654,chris brown,0,0,-0.6195521316148548,decision_margin,1,rbf_anova_c1,rbf_svm
CH0680,chris brown,0,1,0.704283178784025,decision_margin,1,rbf_anova_c1,rbf_svm
CH0694,katy perry,0,0,-0.06071977119828953,decision_margin,1,rbf_anova_c1,rbf_svm
CH0702,leona lewis,0,1,0.6858427043630008,decision_margin,1,rbf_anova_c1,rbf_svm
CH0705,jonas brothers,0,0,-0.4753631927742531,decision_margin,1,rbf_anova_c1,rbf_svm
CH0706,jonas brothers,0,1,0.36608331783712256,decision_margin,1,rbf_anova_c1,rbf_svm
CH0708,chris brown,0,0,-1.3335707370013066,decision_margin,1,rbf_anova_c1,rbf_svm
CH0712,jonas brothers,0,1,0.49244811183977233,decision_margin,1,rbf_anova_c1,rbf_svm
CH0713,jonas brothers,0,0,-0.7619485290909076,decision_margin,1,rbf_anova_c1,rbf_svm
CH0721,chris brown,0,0,-0.7106161424491784,decision_margin,1,rbf_anova_c1,rbf_svm
CH0726,jonas brothers,0,1,0.9831053717559566,decision_margin,1,rbf_anova_c1,rbf_svm
CH0738,jonas brothers,0,1,0.39647719949015514,decision_margin,1,rbf_anova_c1,rbf_svm
CH0009,luke combs,1,0,-0.9408062840079868,decision_margin,1,v3_hgb_leaves7_l250,hist_gradient_boosting
CH0017,luke combs,1,0,-0.16282018413942942,decision_margin,1,v3_hgb_leaves7_l250,hist_gradient_boosting
CH0031,dababy,1,1,0.178118718511427,decision_margin,1,v3_hgb_leaves7_l250,hist_gradient_boosting
CH0035,travis scott,1,0,-0.28985897171162145,decision_margin,1,v3_hgb_leaves7_l250,hist_gradient_boosting
CH0041,jonas brothers,1,1,0.43356468675201215,decision_margin,1,v3_hgb_leaves7_l250,hist_gradient_boosting
CH0045,luke combs,1,0,-0.5820967510049331,decision_margin,1,v3_hgb_leaves7_l250,hist_gradient_boosting
CH0046,juice wrld,1,0,-0.5605816916349381,decision_margin,1,v3_hgb_leaves7_l250,hist_gradient_boosting
CH0048,luke combs,1,0,-0.47069927325522365,decision_margin,1,v3_hgb_leaves7_l250,hist_gradient_boosting
CH0052,travis scott,1,0,-0.30972439969524795,decision_margin,1,v3_hgb_leaves7_l250,hist_gradient_boosting
CH0053,jonas brothers,1,0,-0.672574285426035,decision_margin,1,v3_hgb_leaves7_l250,hist_gradient_boosting
CH0055,dababy,1,0,-0.8455853903236529,decision_margin,1,v3_hgb_leaves7_l250,hist_gradient_boosting
CH0061,luke combs,1,1,0.007323461213059284,decision_margin,1,v3_hgb_leaves7_l250,hist_gradient_boosting
CH0062,juice wrld,1,0,-0.2927557582389705,decision_margin,1,v3_hgb_leaves7_l250,hist_gradient_boosting
CH0064,luke combs,1,1,0.4119963099272774,decision_margin,1,v3_hgb_leaves7_l250,hist_gradient_boosting
CH0070,juice wrld,1,0,-0.26491534112831383,decision_margin,1,v3_hgb_leaves7_l250,hist_gradient_boosting
CH0096,luke combs,1,0,-0.6020437862630873,decision_margin,1,v3_hgb_leaves7_l250,hist_gradient_boosting
CH0099,kendrick lamar,1,1,0.49744209865971595,decision_margin,1,v3_hgb_leaves7_l250,hist_gradient_boosting
CH0110,kendrick lamar,1,1,0.05158304029226645,decision_margin,1,v3_hgb_leaves7_l250,hist_gradient_boosting
CH0112,travis scott,1,1,0.34664102418238496,decision_margin,1,v3_hgb_leaves7_l250,hist_gradient_boosting
CH0113,luke combs,1,0,-1.0599406572741519,decision_margin,1,v3_hgb_leaves7_l250,hist_gradient_boosting
CH0133,meghan trainor,1,0,-0.1088819465705093,decision_margin,1,v3_hgb_leaves7_l250,hist_gradient_boosting
CH0136,meghan trainor,1,0,-0.06537087633355468,decision_margin,1,v3_hgb_leaves7_l250,hist_gradient_boosting
CH0140,travis scott,1,1,0.33456584732071004,decision_margin,1,v3_hgb_leaves7_l250,hist_gradient_boosting
CH0143,chris brown,1,0,-0.5166775718426373,decision_margin,1,v3_hgb_leaves7_l250,hist_gradient_boosting
CH0152,meghan trainor,1,0,-0.17025667632239133,decision_margin,1,v3_hgb_leaves7_l250,hist_gradient_boosting
CH0154,meghan trainor,1,0,-0.8929309485624903,decision_margin,1,v3_hgb_leaves7_l250,hist_gradient_boosting
CH0163,meghan trainor,1,1,0.6390796115805887,decision_margin,1,v3_hgb_leaves7_l250,hist_gradient_boosting
CH0174,katy perry,1,1,0.31561468578759594,decision_margin,1,v3_hgb_leaves7_l250,hist_gradient_boosting
CH0177,katy perry,1,0,-0.1318631030942319,decision_margin,1,v3_hgb_leaves7_l250,hist_gradient_boosting
CH0199,kendrick lamar,1,1,0.1763467383417903,decision_margin,1,v3_hgb_leaves7_l250,hist_gradient_boosting
CH0205,katy perry,1,0,-0.4407679309935047,decision_margin,1,v3_hgb_leaves7_l250,hist_gradient_boosting
CH0209,katy perry,1,1,0.5613571149822263,decision_margin,1,v3_hgb_leaves7_l250,hist_gradient_boosting
CH0212,katy perry,1,0,-0.5224351216974777,decision_margin,1,v3_hgb_leaves7_l250,hist_gradient_boosting
CH0214,chris brown,1,0,-0.12338367323899053,decision_margin,1,v3_hgb_leaves7_l250,hist_gradient_boosting
CH0221,chris brown,1,1,0.7733114602722136,decision_margin,1,v3_hgb_leaves7_l250,hist_gradient_boosting
CH0223,katy perry,1,0,-0.047100298848011125,decision_margin,1,v3_hgb_leaves7_l250,hist_gradient_boosting
CH0227,katy perry,1,1,0.11977687548808856,decision_margin,1,v3_hgb_leaves7_l250,hist_gradient_boosting
CH0240,chris brown,1,1,0.4749562934802014,decision_margin,1,v3_hgb_leaves7_l250,hist_gradient_boosting
CH0247,katy perry,1,1,0.33735978877800427,decision_margin,1,v3_hgb_leaves7_l250,hist_gradient_boosting
CH0251,chris brown,1,0,-0.0076192717831427385,decision_margin,1,v3_hgb_leaves7_l250,hist_gradient_boosting
CH0282,katy perry,1,1,0.145771791143099,decision_margin,1,v3_hgb_leaves7_l250,hist_gradient_boosting
CH0285,katy perry,1,1,0.18297908117197142,decision_margin,1,v3_hgb_leaves7_l250,hist_gradient_boosting
CH0305,leona lewis,1,1,0.09449546322788727,decision_margin,1,v3_hgb_leaves7_l250,hist_gradient_boosting
CH0307,chris brown,1,1,0.2019119155770577,decision_margin,1,v3_hgb_leaves7_l250,hist_gradient_boosting
CH0308,chris brown,1,1,0.876026466330904,decision_margin,1,v3_hgb_leaves7_l250,hist_gradient_boosting
CH0310,katy perry,1,1,0.8114190071012487,decision_margin,1,v3_hgb_leaves7_l250,hist_gradient_boosting
CH0313,fergie,1,0,-0.3949816029652969,decision_margin,1,v3_hgb_leaves7_l250,hist_gradient_boosting
CH0319,leona lewis,1,1,0.9084865833164496,decision_margin,1,v3_hgb_leaves7_l250,hist_gradient_boosting
CH0320,jonas brothers,1,0,-0.3127662308620061,decision_margin,1,v3_hgb_leaves7_l250,hist_gradient_boosting
CH0321,fergie,1,0,-0.5108593940374138,decision_margin,1,v3_hgb_leaves7_l250,hist_gradient_boosting
CH0331,fergie,1,1,0.12827828415475734,decision_margin,1,v3_hgb_leaves7_l250,hist_gradient_boosting
CH0350,chris brown,1,1,0.39956623307414396,decision_margin,1,v3_hgb_leaves7_l250,hist_gradient_boosting
CH0353,fergie,1,1,0.10950538016701326,decision_margin,1,v3_hgb_leaves7_l250,hist_gradient_boosting
CH0356,chris brown,1,1,0.09022413600237693,decision_margin,1,v3_hgb_leaves7_l250,hist_gradient_boosting
CH0363,chris brown,1,0,-0.06286192418165398,decision_margin,1,v3_hgb_leaves7_l250,hist_gradient_boosting
CH0379,luke combs,0,1,0.26942680333359925,decision_margin,1,v3_hgb_leaves7_l250,hist_gradient_boosting
CH0383,juice wrld,0,1,0.2487585535247438,decision_margin,1,v3_hgb_leaves7_l250,hist_gradient_boosting
CH0387,luke combs,0,1,0.24261545146247135,decision_margin,1,v3_hgb_leaves7_l250,hist_gradient_boosting
CH0389,travis scott,0,0,-0.1700118754334296,decision_margin,1,v3_hgb_leaves7_l250,hist_gradient_boosting
CH0390,jonas brothers,0,0,-0.033924462010330295,decision_margin,1,v3_hgb_leaves7_l250,hist_gradient_boosting
CH0395,dababy,0,0,-0.17428972694593986,decision_margin,1,v3_hgb_leaves7_l250,hist_gradient_boosting
CH0398,dababy,0,1,0.608928493611025,decision_margin,1,v3_hgb_leaves7_l250,hist_gradient_boosting
CH0402,dababy,0,1,0.034419121216284015,decision_margin,1,v3_hgb_leaves7_l250,hist_gradient_boosting
CH0428,juice wrld,0,1,0.41980352866234905,decision_margin,1,v3_hgb_leaves7_l250,hist_gradient_boosting
CH0429,juice wrld,0,1,0.18764745227048582,decision_margin,1,v3_hgb_leaves7_l250,hist_gradient_boosting
CH0430,juice wrld,0,1,0.1705864752373676,decision_margin,1,v3_hgb_leaves7_l250,hist_gradient_boosting
CH0432,juice wrld,0,0,-0.48006286822229305,decision_margin,1,v3_hgb_leaves7_l250,hist_gradient_boosting
CH0433,juice wrld,0,0,-0.027962928398852657,decision_margin,1,v3_hgb_leaves7_l250,hist_gradient_boosting
CH0434,juice wrld,0,0,-0.3227416030466864,decision_margin,1,v3_hgb_leaves7_l250,hist_gradient_boosting
CH0436,juice wrld,0,0,-0.196580420705934,decision_margin,1,v3_hgb_leaves7_l250,hist_gradient_boosting
CH0437,juice wrld,0,1,0.05170338511955059,decision_margin,1,v3_hgb_leaves7_l250,hist_gradient_boosting
CH0438,juice wrld,0,0,-0.26282654884554646,decision_margin,1,v3_hgb_leaves7_l250,hist_gradient_boosting
CH0439,juice wrld,0,0,-0.21962245535884534,decision_margin,1,v3_hgb_leaves7_l250,hist_gradient_boosting
CH0440,juice wrld,0,1,0.0867097714062435,decision_margin,1,v3_hgb_leaves7_l250,hist_gradient_boosting
CH0452,jonas brothers,0,1,0.3285876829341522,decision_margin,1,v3_hgb_leaves7_l250,hist_gradient_boosting
CH0454,jonas brothers,0,1,0.5344962105193697,decision_margin,1,v3_hgb_leaves7_l250,hist_gradient_boosting
CH0457,dababy,0,1,0.04702393370966162,decision_margin,1,v3_hgb_leaves7_l250,hist_gradient_boosting
CH0458,juice wrld,0,0,-0.05783931662870348,decision_margin,1,v3_hgb_leaves7_l250,hist_gradient_boosting
CH0462,katy perry,0,1,0.010198286168888446,decision_margin,1,v3_hgb_leaves7_l250,hist_gradient_boosting
CH0465,jonas brothers,0,1,0.15407956085289912,decision_margin,1,v3_hgb_leaves7_l250,hist_gradient_boosting
CH0472,juice wrld,0,0,-0.22492148149179053,decision_margin,1,v3_hgb_leaves7_l250,hist_gradient_boosting
CH0473,chris brown,0,1,0.11244057704728777,decision_margin,1,v3_hgb_leaves7_l250,hist_gradient_boosting
CH0474,juice wrld,0,0,-0.3610583945923072,decision_margin,1,v3_hgb_leaves7_l250,hist_gradient_boosting
CH0476,katy perry,0,1,0.0016989693851014124,decision_margin,1,v3_hgb_leaves7_l250,hist_gradient_boosting
CH0477,luke combs,0,0,-0.0608460788578891,decision_margin,1,v3_hgb_leaves7_l250,hist_gradient_boosting
CH0482,juice wrld,0,0,-0.1809347505171301,decision_margin,1,v3_hgb_leaves7_l250,hist_gradient_boosting
CH0485,juice wrld,0,1,0.008492752490062852,decision_margin,1,v3_hgb_leaves7_l250,hist_gradient_boosting
CH0492,meghan trainor,0,1,0.619905310057293,decision_margin,1,v3_hgb_leaves7_l250,hist_gradient_boosting
CH0494,chris brown,0,1,0.010665741121144313,decision_margin,1,v3_hgb_leaves7_l250,hist_gradient_boosting
CH0500,luke combs,0,1,0.44043334886006114,decision_margin,1,v3_hgb_leaves7_l250,hist_gradient_boosting
CH0504,chris brown,0,1,0.24547785873969616,decision_margin,1,v3_hgb_leaves7_l250,hist_gradient_boosting
CH0507,travis scott,0,0,-0.14189666411868335,decision_margin,1,v3_hgb_leaves7_l250,hist_gradient_boosting
CH0510,chris brown,0,0,-0.46404808337771586,decision_margin,1,v3_hgb_leaves7_l250,hist_gradient_boosting
CH0514,kendrick lamar,0,1,0.21053172340707135,decision_margin,1,v3_hgb_leaves7_l250,hist_gradient_boosting
CH0525,katy perry,0,1,0.08411021112696615,decision_margin,1,v3_hgb_leaves7_l250,hist_gradient_boosting
CH0529,fergie,0,1,0.5648491012606738,decision_margin,1,v3_hgb_leaves7_l250,hist_gradient_boosting
CH0550,chris brown,0,0,-0.042250933783195464,decision_margin,1,v3_hgb_leaves7_l250,hist_gradient_boosting
CH0564,kendrick lamar,0,1,0.08680998879672507,decision_margin,1,v3_hgb_leaves7_l250,hist_gradient_boosting
CH0569,kendrick lamar,0,1,0.5832998333123738,decision_margin,1,v3_hgb_leaves7_l250,hist_gradient_boosting
CH0571,kendrick lamar,0,1,0.17542460050410053,decision_margin,1,v3_hgb_leaves7_l250,hist_gradient_boosting
CH0575,fergie,0,0,-0.974191378006182,decision_margin,1,v3_hgb_leaves7_l250,hist_gradient_boosting
CH0578,kendrick lamar,0,1,0.21643251311633294,decision_margin,1,v3_hgb_leaves7_l250,hist_gradient_boosting
CH0580,katy perry,0,1,0.2940190159265043,decision_margin,1,v3_hgb_leaves7_l250,hist_gradient_boosting
CH0589,katy perry,0,0,-0.9102341863269768,decision_margin,1,v3_hgb_leaves7_l250,hist_gradient_boosting
CH0610,chris brown,0,1,0.06145913309991813,decision_margin,1,v3_hgb_leaves7_l250,hist_gradient_boosting
CH0616,kendrick lamar,0,0,-0.07905839622180946,decision_margin,1,v3_hgb_leaves7_l250,hist_gradient_boosting
CH0621,chris brown,0,0,-0.3093370414163126,decision_margin,1,v3_hgb_leaves7_l250,hist_gradient_boosting
CH0654,chris brown,0,1,0.15394340547746907,decision_margin,1,v3_hgb_leaves7_l250,hist_gradient_boosting
CH0680,chris brown,0,1,0.7273933096028378,decision_margin,1,v3_hgb_leaves7_l250,hist_gradient_boosting
CH0694,katy perry,0,0,-0.3451376104735508,decision_margin,1,v3_hgb_leaves7_l250,hist_gradient_boosting
CH0702,leona lewis,0,1,0.22789228021560515,decision_margin,1,v3_hgb_leaves7_l250,hist_gradient_boosting
CH0705,jonas brothers,0,1,0.32701729345664576,decision_margin,1,v3_hgb_leaves7_l250,hist_gradient_boosting
CH0706,jonas brothers,0,0,-0.24686854983625306,decision_margin,1,v3_hgb_leaves7_l250,hist_gradient_boosting
CH0708,chris brown,0,0,-0.6199819103115168,decision_margin,1,v3_hgb_leaves7_l250,hist_gradient_boosting
CH0712,jonas brothers,0,1,0.29412054239529034,decision_margin,1,v3_hgb_leaves7_l250,hist_gradient_boosting
CH0713,jonas brothers,0,0,-0.8886318618914864,decision_margin,1,v3_hgb_leaves7_l250,hist_gradient_boosting
CH0721,chris brown,0,1,0.2837173769924497,decision_margin,1,v3_hgb_leaves7_l250,hist_gradient_boosting
CH0726,jonas brothers,0,1,0.1711220259683517,decision_margin,1,v3_hgb_leaves7_l250,hist_gradient_boosting
CH0738,jonas brothers,0,1,0.49975809995257575,decision_margin,1,v3_hgb_leaves7_l250,hist_gradient_boosting
CH0009,luke combs,1,0,0.2702430855061419,uncalibrated_class_1_probability,1,v3_knn15_quantile_pca15,knn
CH0017,luke combs,1,0,0.374386849006726,uncalibrated_class_1_probability,1,v3_knn15_quantile_pca15,knn
CH0031,dababy,1,0,0.3236606884784459,uncalibrated_class_1_probability,1,v3_knn15_quantile_pca15,knn
CH0035,travis scott,1,0,0.4425722270788331,uncalibrated_class_1_probability,1,v3_knn15_quantile_pca15,knn
CH0041,jonas brothers,1,0,0.2751497782069006,uncalibrated_class_1_probability,1,v3_knn15_quantile_pca15,knn
CH0045,luke combs,1,0,0.39273448074628164,uncalibrated_class_1_probability,1,v3_knn15_quantile_pca15,knn
CH0046,juice wrld,1,1,0.5286554175910454,uncalibrated_class_1_probability,1,v3_knn15_quantile_pca15,knn
CH0048,luke combs,1,0,0.37304362828871324,uncalibrated_class_1_probability,1,v3_knn15_quantile_pca15,knn
CH0052,travis scott,1,0,0.4741717829441431,uncalibrated_class_1_probability,1,v3_knn15_quantile_pca15,knn
CH0053,jonas brothers,1,0,0.4445158491790623,uncalibrated_class_1_probability,1,v3_knn15_quantile_pca15,knn
CH0055,dababy,1,0,0.3997649636428493,uncalibrated_class_1_probability,1,v3_knn15_quantile_pca15,knn
CH0061,luke combs,1,0,0.4182500925683402,uncalibrated_class_1_probability,1,v3_knn15_quantile_pca15,knn
CH0062,juice wrld,1,1,0.5937551397189602,uncalibrated_class_1_probability,1,v3_knn15_quantile_pca15,knn
CH0064,luke combs,1,1,0.8113723338455179,uncalibrated_class_1_probability,1,v3_knn15_quantile_pca15,knn
CH0070,juice wrld,1,0,0.28305876771521105,uncalibrated_class_1_probability,1,v3_knn15_quantile_pca15,knn
CH0096,luke combs,1,1,0.5383061231639834,uncalibrated_class_1_probability,1,v3_knn15_quantile_pca15,knn
CH0099,kendrick lamar,1,0,0.3958341962777823,uncalibrated_class_1_probability,1,v3_knn15_quantile_pca15,knn
CH0110,kendrick lamar,1,0,0.38645706455544154,uncalibrated_class_1_probability,1,v3_knn15_quantile_pca15,knn
CH0112,travis scott,1,1,0.760653795671801,uncalibrated_class_1_probability,1,v3_knn15_quantile_pca15,knn
CH0113,luke combs,1,0,0.3236117034698231,uncalibrated_class_1_probability,1,v3_knn15_quantile_pca15,knn
CH0133,meghan trainor,1,0,0.35872522024839,uncalibrated_class_1_probability,1,v3_knn15_quantile_pca15,knn
CH0136,meghan trainor,1,0,0.39201001910295047,uncalibrated_class_1_probability,1,v3_knn15_quantile_pca15,knn
CH0140,travis scott,1,0,0.3841082857355548,uncalibrated_class_1_probability,1,v3_knn15_quantile_pca15,knn
CH0143,chris brown,1,0,0.45863176404552275,uncalibrated_class_1_probability,1,v3_knn15_quantile_pca15,knn
CH0152,meghan trainor,1,0,0.1902978273287714,uncalibrated_class_1_probability,1,v3_knn15_quantile_pca15,knn
CH0154,meghan trainor,1,0,0.4578724259824186,uncalibrated_class_1_probability,1,v3_knn15_quantile_pca15,knn
CH0163,meghan trainor,1,0,0.4001824332097928,uncalibrated_class_1_probability,1,v3_knn15_quantile_pca15,knn
CH0174,katy perry,1,1,0.5387368977649848,uncalibrated_class_1_probability,1,v3_knn15_quantile_pca15,knn
CH0177,katy perry,1,1,0.6133775927907305,uncalibrated_class_1_probability,1,v3_knn15_quantile_pca15,knn
CH0199,kendrick lamar,1,1,0.5312016677474739,uncalibrated_class_1_probability,1,v3_knn15_quantile_pca15,knn
CH0205,katy perry,1,0,0.3369645043085642,uncalibrated_class_1_probability,1,v3_knn15_quantile_pca15,knn
CH0209,katy perry,1,1,0.6533100352628235,uncalibrated_class_1_probability,1,v3_knn15_quantile_pca15,knn
CH0212,katy perry,1,0,0.39924118406606235,uncalibrated_class_1_probability,1,v3_knn15_quantile_pca15,knn
CH0214,chris brown,1,0,0.33818702668883094,uncalibrated_class_1_probability,1,v3_knn15_quantile_pca15,knn
CH0221,chris brown,1,1,0.7283261947895828,uncalibrated_class_1_probability,1,v3_knn15_quantile_pca15,knn
CH0223,katy perry,1,0,0.3045503202050161,uncalibrated_class_1_probability,1,v3_knn15_quantile_pca15,knn
CH0227,katy perry,1,1,0.6714803261729796,uncalibrated_class_1_probability,1,v3_knn15_quantile_pca15,knn
CH0240,chris brown,1,1,0.7395468550708115,uncalibrated_class_1_probability,1,v3_knn15_quantile_pca15,knn
CH0247,katy perry,1,1,0.7264221607321841,uncalibrated_class_1_probability,1,v3_knn15_quantile_pca15,knn
CH0251,chris brown,1,0,0.4551768871524529,uncalibrated_class_1_probability,1,v3_knn15_quantile_pca15,knn
CH0282,katy perry,1,1,0.6141079468195686,uncalibrated_class_1_probability,1,v3_knn15_quantile_pca15,knn
CH0285,katy perry,1,1,0.538888276581703,uncalibrated_class_1_probability,1,v3_knn15_quantile_pca15,knn
CH0305,leona lewis,1,0,0.3915578503394499,uncalibrated_class_1_probability,1,v3_knn15_quantile_pca15,knn
CH0307,chris brown,1,0,0.3978851772630178,uncalibrated_class_1_probability,1,v3_knn15_quantile_pca15,knn
CH0308,chris brown,1,0,0.39800676113642186,uncalibrated_class_1_probability,1,v3_knn15_quantile_pca15,knn
CH0310,katy perry,1,0,0.4640286996075381,uncalibrated_class_1_probability,1,v3_knn15_quantile_pca15,knn
CH0313,fergie,1,0,0.26848938023169566,uncalibrated_class_1_probability,1,v3_knn15_quantile_pca15,knn
CH0319,leona lewis,1,1,0.5551734071231071,uncalibrated_class_1_probability,1,v3_knn15_quantile_pca15,knn
CH0320,jonas brothers,1,0,0.3338579762932113,uncalibrated_class_1_probability,1,v3_knn15_quantile_pca15,knn
CH0321,fergie,1,0,0.3400341140407946,uncalibrated_class_1_probability,1,v3_knn15_quantile_pca15,knn
CH0331,fergie,1,0,0.40607134790533594,uncalibrated_class_1_probability,1,v3_knn15_quantile_pca15,knn
CH0350,chris brown,1,0,0.39949507126338374,uncalibrated_class_1_probability,1,v3_knn15_quantile_pca15,knn
CH0353,fergie,1,0,0.46151956261947447,uncalibrated_class_1_probability,1,v3_knn15_quantile_pca15,knn
CH0356,chris brown,1,0,0.413605030512528,uncalibrated_class_1_probability,1,v3_knn15_quantile_pca15,knn
CH0363,chris brown,1,0,0.49961426670081815,uncalibrated_class_1_probability,1,v3_knn15_quantile_pca15,knn
CH0379,luke combs,0,1,0.60866986510279,uncalibrated_class_1_probability,1,v3_knn15_quantile_pca15,knn
CH0383,juice wrld,0,1,0.5372427359121336,uncalibrated_class_1_probability,1,v3_knn15_quantile_pca15,knn
CH0387,luke combs,0,1,0.8733812955302284,uncalibrated_class_1_probability,1,v3_knn15_quantile_pca15,knn
CH0389,travis scott,0,0,0.4643056690851081,uncalibrated_class_1_probability,1,v3_knn15_quantile_pca15,knn
CH0390,jonas brothers,0,0,0.3991589245373637,uncalibrated_class_1_probability,1,v3_knn15_quantile_pca15,knn
CH0395,dababy,0,0,0.209857229384192,uncalibrated_class_1_probability,1,v3_knn15_quantile_pca15,knn
CH0398,dababy,0,0,0.4645024749198343,uncalibrated_class_1_probability,1,v3_knn15_quantile_pca15,knn
CH0402,dababy,0,0,0.3329997741412118,uncalibrated_class_1_probability,1,v3_knn15_quantile_pca15,knn
CH0428,juice wrld,0,1,0.6038871369274401,uncalibrated_class_1_probability,1,v3_knn15_quantile_pca15,knn
CH0429,juice wrld,0,1,0.6025958894312888,uncalibrated_class_1_probability,1,v3_knn15_quantile_pca15,knn
CH0430,juice wrld,0,0,0.40001755632690833,uncalibrated_class_1_probability,1,v3_knn15_quantile_pca15,knn
CH0432,juice wrld,0,1,0.5187978044076272,uncalibrated_class_1_probability,1,v3_knn15_quantile_pca15,knn
CH0433,juice wrld,0,1,0.5359818925146731,uncalibrated_class_1_probability,1,v3_knn15_quantile_pca15,knn
CH0434,juice wrld,0,0,0.47059296237316445,uncalibrated_class_1_probability,1,v3_knn15_quantile_pca15,knn
CH0436,juice wrld,0,0,0.33715512781442514,uncalibrated_class_1_probability,1,v3_knn15_quantile_pca15,knn
CH0437,juice wrld,0,1,0.5734533007204373,uncalibrated_class_1_probability,1,v3_knn15_quantile_pca15,knn
CH0438,juice wrld,0,1,0.5312824387854543,uncalibrated_class_1_probability,1,v3_knn15_quantile_pca15,knn
CH0439,juice wrld,0,0,0.3898654812584647,uncalibrated_class_1_probability,1,v3_knn15_quantile_pca15,knn
CH0440,juice wrld,0,1,0.6720134982254448,uncalibrated_class_1_probability,1,v3_knn15_quantile_pca15,knn
CH0452,jonas brothers,0,1,0.6047030637685196,uncalibrated_class_1_probability,1,v3_knn15_quantile_pca15,knn
CH0454,jonas brothers,0,1,0.8753544684001794,uncalibrated_class_1_probability,1,v3_knn15_quantile_pca15,knn
CH0457,dababy,0,1,0.5524742755888133,uncalibrated_class_1_probability,1,v3_knn15_quantile_pca15,knn
CH0458,juice wrld,0,0,0.4551427718090319,uncalibrated_class_1_probability,1,v3_knn15_quantile_pca15,knn
CH0462,katy perry,0,1,0.5355382223972271,uncalibrated_class_1_probability,1,v3_knn15_quantile_pca15,knn
CH0465,jonas brothers,0,0,0.2623215188612648,uncalibrated_class_1_probability,1,v3_knn15_quantile_pca15,knn
CH0472,juice wrld,0,1,0.8110432828237325,uncalibrated_class_1_probability,1,v3_knn15_quantile_pca15,knn
CH0473,chris brown,0,0,0.35016166296421986,uncalibrated_class_1_probability,1,v3_knn15_quantile_pca15,knn
CH0474,juice wrld,0,0,0.3334049508577602,uncalibrated_class_1_probability,1,v3_knn15_quantile_pca15,knn
CH0476,katy perry,0,1,0.5755721850561848,uncalibrated_class_1_probability,1,v3_knn15_quantile_pca15,knn
CH0477,luke combs,0,1,0.5475599472871131,uncalibrated_class_1_probability,1,v3_knn15_quantile_pca15,knn
CH0482,juice wrld,0,0,0.34205803957185105,uncalibrated_class_1_probability,1,v3_knn15_quantile_pca15,knn
CH0485,juice wrld,0,0,0.4806987027283678,uncalibrated_class_1_probability,1,v3_knn15_quantile_pca15,knn
CH0492,meghan trainor,0,1,0.6680052901082627,uncalibrated_class_1_probability,1,v3_knn15_quantile_pca15,knn
CH0494,chris brown,0,0,0.33327572968590763,uncalibrated_class_1_probability,1,v3_knn15_quantile_pca15,knn
CH0500,luke combs,0,1,0.6894513643037629,uncalibrated_class_1_probability,1,v3_knn15_quantile_pca15,knn
CH0504,chris brown,0,1,0.5385813579486499,uncalibrated_class_1_probability,1,v3_knn15_quantile_pca15,knn
CH0507,travis scott,0,1,0.7344355820145482,uncalibrated_class_1_probability,1,v3_knn15_quantile_pca15,knn
CH0510,chris brown,0,0,0.3506533605121919,uncalibrated_class_1_probability,1,v3_knn15_quantile_pca15,knn
CH0514,kendrick lamar,0,1,0.52727145649113,uncalibrated_class_1_probability,1,v3_knn15_quantile_pca15,knn
CH0525,katy perry,0,1,0.5928326345378028,uncalibrated_class_1_probability,1,v3_knn15_quantile_pca15,knn
CH0529,fergie,0,1,0.5142886588356772,uncalibrated_class_1_probability,1,v3_knn15_quantile_pca15,knn
CH0550,chris brown,0,0,0.33012596853377846,uncalibrated_class_1_probability,1,v3_knn15_quantile_pca15,knn
CH0564,kendrick lamar,0,0,0.37680906311522333,uncalibrated_class_1_probability,1,v3_knn15_quantile_pca15,knn
CH0569,kendrick lamar,0,0,0.45927946753034654,uncalibrated_class_1_probability,1,v3_knn15_quantile_pca15,knn
CH0571,kendrick lamar,0,1,0.8153401551411055,uncalibrated_class_1_probability,1,v3_knn15_quantile_pca15,knn
CH0575,fergie,0,1,0.501346512563184,uncalibrated_class_1_probability,1,v3_knn15_quantile_pca15,knn
CH0578,kendrick lamar,0,1,0.7455890627106909,uncalibrated_class_1_probability,1,v3_knn15_quantile_pca15,knn
CH0580,katy perry,0,1,0.5961806835175487,uncalibrated_class_1_probability,1,v3_knn15_quantile_pca15,knn
CH0589,katy perry,0,0,0.1847542739957422,uncalibrated_class_1_probability,1,v3_knn15_quantile_pca15,knn
CH0610,chris brown,0,1,0.6782664078491117,uncalibrated_class_1_probability,1,v3_knn15_quantile_pca15,knn
CH0616,kendrick lamar,0,0,0.31789443791094574,uncalibrated_class_1_probability,1,v3_knn15_quantile_pca15,knn
CH0621,chris brown,0,1,0.6079064948840186,uncalibrated_class_1_probability,1,v3_knn15_quantile_pca15,knn
CH0654,chris brown,0,0,0.4983950430276343,uncalibrated_class_1_probability,1,v3_knn15_quantile_pca15,knn
CH0680,chris brown,0,1,0.6103163939911569,uncalibrated_class_1_probability,1,v3_knn15_quantile_pca15,knn
CH0694,katy perry,0,0,0.17321221614098142,uncalibrated_class_1_probability,1,v3_knn15_quantile_pca15,knn
CH0702,leona lewis,0,0,0.2598798367570777,uncalibrated_class_1_probability,1,v3_knn15_quantile_pca15,knn
CH0705,jonas brothers,0,0,0.3626957349721308,uncalibrated_class_1_probability,1,v3_knn15_quantile_pca15,knn
CH0706,jonas brothers,0,0,0.30662715955464037,uncalibrated_class_1_probability,1,v3_knn15_quantile_pca15,knn
CH0708,chris brown,0,0,0.31716151427429257,uncalibrated_class_1_probability,1,v3_knn15_quantile_pca15,knn
CH0712,jonas brothers,0,0,0.34311455356758047,uncalibrated_class_1_probability,1,v3_knn15_quantile_pca15,knn
CH0713,jonas brothers,0,0,0.3733448291290377,uncalibrated_class_1_probability,1,v3_knn15_quantile_pca15,knn
CH0721,chris brown,0,0,0.31097932684566426,uncalibrated_class_1_probability,1,v3_knn15_quantile_pca15,knn
CH0726,jonas brothers,0,1,0.5054074175114796,uncalibrated_class_1_probability,1,v3_knn15_quantile_pca15,knn
CH0738,jonas brothers,0,1,0.7366098528044169,uncalibrated_class_1_probability,1,v3_knn15_quantile_pca15,knn
CH0009,luke combs,1,0,-2.117680205944027,decision_margin,1,v3_lda_quantile_core_statistics,lda
CH0017,luke combs,1,0,-1.1261254933243334,decision_margin,1,v3_lda_quantile_core_statistics,lda
CH0031,dababy,1,1,0.3486895591825061,decision_margin,1,v3_lda_quantile_core_statistics,lda
CH0035,travis scott,1,0,-1.49040987351135,decision_margin,1,v3_lda_quantile_core_statistics,lda
CH0041,jonas brothers,1,1,0.20222916023876136,decision_margin,1,v3_lda_quantile_core_statistics,lda
CH0045,luke combs,1,1,1.1701790987210845,decision_margin,1,v3_lda_quantile_core_statistics,lda
CH0046,juice wrld,1,0,-1.6396590605197245,decision_margin,1,v3_lda_quantile_core_statistics,lda
CH0048,luke combs,1,0,-2.2037405137994304,decision_margin,1,v3_lda_quantile_core_statistics,lda
CH0052,travis scott,1,1,1.0886103768757487,decision_margin,1,v3_lda_quantile_core_statistics,lda
CH0053,jonas brothers,1,1,0.10133161548314629,decision_margin,1,v3_lda_quantile_core_statistics,lda
CH0055,dababy,1,1,0.9645421514629282,decision_margin,1,v3_lda_quantile_core_statistics,lda
CH0061,luke combs,1,0,-1.8738839720070914,decision_margin,1,v3_lda_quantile_core_statistics,lda
CH0062,juice wrld,1,0,-0.46191844512495717,decision_margin,1,v3_lda_quantile_core_statistics,lda
CH0064,luke combs,1,1,1.622347021063401,decision_margin,1,v3_lda_quantile_core_statistics,lda
CH0070,juice wrld,1,0,-1.485878491971121,decision_margin,1,v3_lda_quantile_core_statistics,lda
CH0096,luke combs,1,0,-0.8209859141876831,decision_margin,1,v3_lda_quantile_core_statistics,lda
CH0099,kendrick lamar,1,0,-1.4557222231219955,decision_margin,1,v3_lda_quantile_core_statistics,lda
CH0110,kendrick lamar,1,0,-0.31189278074486904,decision_margin,1,v3_lda_quantile_core_statistics,lda
CH0112,travis scott,1,1,1.0759726054393608,decision_margin,1,v3_lda_quantile_core_statistics,lda
CH0113,luke combs,1,0,-0.9775250909029378,decision_margin,1,v3_lda_quantile_core_statistics,lda
CH0133,meghan trainor,1,0,-0.8891638762221952,decision_margin,1,v3_lda_quantile_core_statistics,lda
CH0136,meghan trainor,1,0,-2.862011801798923,decision_margin,1,v3_lda_quantile_core_statistics,lda
CH0140,travis scott,1,1,0.01779615507832699,decision_margin,1,v3_lda_quantile_core_statistics,lda
CH0143,chris brown,1,0,-1.6955777163452395,decision_margin,1,v3_lda_quantile_core_statistics,lda
CH0152,meghan trainor,1,0,-0.5846130630838189,decision_margin,1,v3_lda_quantile_core_statistics,lda
CH0154,meghan trainor,1,0,-1.7490656085277747,decision_margin,1,v3_lda_quantile_core_statistics,lda
CH0163,meghan trainor,1,1,1.5612133542898228,decision_margin,1,v3_lda_quantile_core_statistics,lda
CH0174,katy perry,1,1,0.5797505375862493,decision_margin,1,v3_lda_quantile_core_statistics,lda
CH0177,katy perry,1,1,0.034464609499489374,decision_margin,1,v3_lda_quantile_core_statistics,lda
CH0199,kendrick lamar,1,1,1.337077161036966,decision_margin,1,v3_lda_quantile_core_statistics,lda
CH0205,katy perry,1,1,0.6233833461695435,decision_margin,1,v3_lda_quantile_core_statistics,lda
CH0209,katy perry,1,1,6.6249039094312066,decision_margin,1,v3_lda_quantile_core_statistics,lda
CH0212,katy perry,1,0,-2.1111144531894377,decision_margin,1,v3_lda_quantile_core_statistics,lda
CH0214,chris brown,1,1,1.4159387853239769,decision_margin,1,v3_lda_quantile_core_statistics,lda
CH0221,chris brown,1,1,2.6234705580318014,decision_margin,1,v3_lda_quantile_core_statistics,lda
CH0223,katy perry,1,1,0.9656027986416924,decision_margin,1,v3_lda_quantile_core_statistics,lda
CH0227,katy perry,1,1,0.7129193841293568,decision_margin,1,v3_lda_quantile_core_statistics,lda
CH0240,chris brown,1,1,1.237085213756226,decision_margin,1,v3_lda_quantile_core_statistics,lda
CH0247,katy perry,1,0,-1.1662330002030634,decision_margin,1,v3_lda_quantile_core_statistics,lda
CH0251,chris brown,1,1,1.5787061313063258,decision_margin,1,v3_lda_quantile_core_statistics,lda
CH0282,katy perry,1,1,1.3242735118611095,decision_margin,1,v3_lda_quantile_core_statistics,lda
CH0285,katy perry,1,0,-0.2288841408572192,decision_margin,1,v3_lda_quantile_core_statistics,lda
CH0305,leona lewis,1,0,-0.41938787618160955,decision_margin,1,v3_lda_quantile_core_statistics,lda
CH0307,chris brown,1,0,-1.1732935453966502,decision_margin,1,v3_lda_quantile_core_statistics,lda
CH0308,chris brown,1,0,-0.05365149522133883,decision_margin,1,v3_lda_quantile_core_statistics,lda
CH0310,katy perry,1,1,1.4990273124504079,decision_margin,1,v3_lda_quantile_core_statistics,lda
CH0313,fergie,1,0,-1.6586474559214626,decision_margin,1,v3_lda_quantile_core_statistics,lda
CH0319,leona lewis,1,1,0.005884899473220129,decision_margin,1,v3_lda_quantile_core_statistics,lda
CH0320,jonas brothers,1,1,0.5934341027943615,decision_margin,1,v3_lda_quantile_core_statistics,lda
CH0321,fergie,1,0,-1.9966174516457762,decision_margin,1,v3_lda_quantile_core_statistics,lda
CH0331,fergie,1,1,1.395944303586631,decision_margin,1,v3_lda_quantile_core_statistics,lda
CH0350,chris brown,1,1,2.9004342741520492,decision_margin,1,v3_lda_quantile_core_statistics,lda
CH0353,fergie,1,1,3.1067918997778365,decision_margin,1,v3_lda_quantile_core_statistics,lda
CH0356,chris brown,1,0,-1.1836303926533438,decision_margin,1,v3_lda_quantile_core_statistics,lda
CH0363,chris brown,1,0,-0.12330497835648158,decision_margin,1,v3_lda_quantile_core_statistics,lda
CH0379,luke combs,0,1,0.8685865657300313,decision_margin,1,v3_lda_quantile_core_statistics,lda
CH0383,juice wrld,0,0,-1.1722084197973641,decision_margin,1,v3_lda_quantile_core_statistics,lda
CH0387,luke combs,0,1,1.822728549822341,decision_margin,1,v3_lda_quantile_core_statistics,lda
CH0389,travis scott,0,1,1.802690857665701,decision_margin,1,v3_lda_quantile_core_statistics,lda
CH0390,jonas brothers,0,0,-1.3156126848011898,decision_margin,1,v3_lda_quantile_core_statistics,lda
CH0395,dababy,0,1,0.9526369157131624,decision_margin,1,v3_lda_quantile_core_statistics,lda
CH0398,dababy,0,0,-1.9752680900275663,decision_margin,1,v3_lda_quantile_core_statistics,lda
CH0402,dababy,0,0,-0.313972776012609,decision_margin,1,v3_lda_quantile_core_statistics,lda
CH0428,juice wrld,0,0,-0.7815557109249236,decision_margin,1,v3_lda_quantile_core_statistics,lda
CH0429,juice wrld,0,1,0.33898903530597213,decision_margin,1,v3_lda_quantile_core_statistics,lda
CH0430,juice wrld,0,0,-1.565479776275407,decision_margin,1,v3_lda_quantile_core_statistics,lda
CH0432,juice wrld,0,0,-1.0204039295009917,decision_margin,1,v3_lda_quantile_core_statistics,lda
CH0433,juice wrld,0,0,-1.4079970019090118,decision_margin,1,v3_lda_quantile_core_statistics,lda
CH0434,juice wrld,0,0,-2.716378826479878,decision_margin,1,v3_lda_quantile_core_statistics,lda
CH0436,juice wrld,0,0,-3.0511044123927675,decision_margin,1,v3_lda_quantile_core_statistics,lda
CH0437,juice wrld,0,0,-0.33773582583413186,decision_margin,1,v3_lda_quantile_core_statistics,lda
CH0438,juice wrld,0,0,-1.8849610891482265,decision_margin,1,v3_lda_quantile_core_statistics,lda
CH0439,juice wrld,0,0,-2.0534006147609967,decision_margin,1,v3_lda_quantile_core_statistics,lda
CH0440,juice wrld,0,0,-1.6152640388432686,decision_margin,1,v3_lda_quantile_core_statistics,lda
CH0452,jonas brothers,0,0,-0.25655967687053105,decision_margin,1,v3_lda_quantile_core_statistics,lda
CH0454,jonas brothers,0,1,0.27833593663997447,decision_margin,1,v3_lda_quantile_core_statistics,lda
CH0457,dababy,0,1,0.7215101347412939,decision_margin,1,v3_lda_quantile_core_statistics,lda
CH0458,juice wrld,0,0,-0.8060009254326091,decision_margin,1,v3_lda_quantile_core_statistics,lda
CH0462,katy perry,0,1,1.948216785328446,decision_margin,1,v3_lda_quantile_core_statistics,lda
CH0465,jonas brothers,0,1,0.9763772328454075,decision_margin,1,v3_lda_quantile_core_statistics,lda
CH0472,juice wrld,0,1,0.45477900947374195,decision_margin,1,v3_lda_quantile_core_statistics,lda
CH0473,chris brown,0,1,1.4570896704524108,decision_margin,1,v3_lda_quantile_core_statistics,lda
CH0474,juice wrld,0,1,1.4674997410673731,decision_margin,1,v3_lda_quantile_core_statistics,lda
CH0476,katy perry,0,0,-1.8128221088350083,decision_margin,1,v3_lda_quantile_core_statistics,lda
CH0477,luke combs,0,0,-0.3580987382505259,decision_margin,1,v3_lda_quantile_core_statistics,lda
CH0482,juice wrld,0,1,0.49203172560425057,decision_margin,1,v3_lda_quantile_core_statistics,lda
CH0485,juice wrld,0,0,-1.486103652247259,decision_margin,1,v3_lda_quantile_core_statistics,lda
CH0492,meghan trainor,0,1,2.244763942299034,decision_margin,1,v3_lda_quantile_core_statistics,lda
CH0494,chris brown,0,1,2.7456633897960785,decision_margin,1,v3_lda_quantile_core_statistics,lda
CH0500,luke combs,0,1,0.9243800953990232,decision_margin,1,v3_lda_quantile_core_statistics,lda
CH0504,chris brown,0,1,1.6346013001512256,decision_margin,1,v3_lda_quantile_core_statistics,lda
CH0507,travis scott,0,0,-0.3996854386385713,decision_margin,1,v3_lda_quantile_core_statistics,lda
CH0510,chris brown,0,0,-1.2262626465106274,decision_margin,1,v3_lda_quantile_core_statistics,lda
CH0514,kendrick lamar,0,1,0.33236808594661427,decision_margin,1,v3_lda_quantile_core_statistics,lda
CH0525,katy perry,0,1,0.04947346418308829,decision_margin,1,v3_lda_quantile_core_statistics,lda
CH0529,fergie,0,1,2.8021357805680696,decision_margin,1,v3_lda_quantile_core_statistics,lda
CH0550,chris brown,0,0,-2.7210829552591287,decision_margin,1,v3_lda_quantile_core_statistics,lda
CH0564,kendrick lamar,0,1,0.4724100604275008,decision_margin,1,v3_lda_quantile_core_statistics,lda
CH0569,kendrick lamar,0,0,-0.1329379927398831,decision_margin,1,v3_lda_quantile_core_statistics,lda
CH0571,kendrick lamar,0,1,0.5713538128027325,decision_margin,1,v3_lda_quantile_core_statistics,lda
CH0575,fergie,0,0,-2.311596917301495,decision_margin,1,v3_lda_quantile_core_statistics,lda
CH0578,kendrick lamar,0,1,0.4191984625933445,decision_margin,1,v3_lda_quantile_core_statistics,lda
CH0580,katy perry,0,0,-0.31023483517026695,decision_margin,1,v3_lda_quantile_core_statistics,lda
CH0589,katy perry,0,0,-1.374876409176747,decision_margin,1,v3_lda_quantile_core_statistics,lda
CH0610,chris brown,0,1,2.522851329758816,decision_margin,1,v3_lda_quantile_core_statistics,lda
CH0616,kendrick lamar,0,1,0.889659106414656,decision_margin,1,v3_lda_quantile_core_statistics,lda
CH0621,chris brown,0,1,0.32548513634169995,decision_margin,1,v3_lda_quantile_core_statistics,lda
CH0654,chris brown,0,0,-0.9601797057034634,decision_margin,1,v3_lda_quantile_core_statistics,lda
CH0680,chris brown,0,1,0.16837221560455218,decision_margin,1,v3_lda_quantile_core_statistics,lda
CH0694,katy perry,0,0,-0.418442824416557,decision_margin,1,v3_lda_quantile_core_statistics,lda
CH0702,leona lewis,0,1,0.18291995852901077,decision_margin,1,v3_lda_quantile_core_statistics,lda
CH0705,jonas brothers,0,1,1.0362705528469027,decision_margin,1,v3_lda_quantile_core_statistics,lda
CH0706,jonas brothers,0,0,-0.7402533820132373,decision_margin,1,v3_lda_quantile_core_statistics,lda
CH0708,chris brown,0,0,-3.7524077562422304,decision_margin,1,v3_lda_quantile_core_statistics,lda
CH0712,jonas brothers,0,1,0.5284607590968132,decision_margin,1,v3_lda_quantile_core_statistics,lda
CH0713,jonas brothers,0,1,0.3390739340278055,decision_margin,1,v3_lda_quantile_core_statistics,lda
CH0721,chris brown,0,1,0.0670548966929091,decision_margin,1,v3_lda_quantile_core_statistics,lda
CH0726,jonas brothers,0,1,0.20335092758707396,decision_margin,1,v3_lda_quantile_core_statistics,lda
CH0738,jonas brothers,0,1,0.057133349705840775,decision_margin,1,v3_lda_quantile_core_statistics,lda
CH0002,olivia rodrigo,1,0,-0.4038928575482297,decision_margin,2,boost_anova,gradient_boosting
CH0003,olivia rodrigo,1,0,-0.4049683939484972,decision_margin,2,boost_anova,gradient_boosting
CH0006,olivia rodrigo,1,0,-0.15332139665175687,decision_margin,2,boost_anova,gradient_boosting
CH0013,olivia rodrigo,1,0,-0.5025415213111405,decision_margin,2,boost_anova,gradient_boosting
CH0016,taylor swift,1,0,-0.14904313287509371,decision_margin,2,boost_anova,gradient_boosting
CH0020,justin bieber,1,0,-0.18732845941772958,decision_margin,2,boost_anova,gradient_boosting
CH0037,justin bieber,1,0,-0.5636179335213264,decision_margin,2,boost_anova,gradient_boosting
CH0060,taylor swift,1,1,0.32775206992346895,decision_margin,2,boost_anova,gradient_boosting
CH0079,taylor swift,1,1,0.33342644355797973,decision_margin,2,boost_anova,gradient_boosting
CH0098,bruno mars,1,0,-0.18882839568699658,decision_margin,2,boost_anova,gradient_boosting
CH0101,bruno mars,1,1,0.029283973037013505,decision_margin,2,boost_anova,gradient_boosting
CH0105,taylor swift,1,0,-0.2292734277501687,decision_margin,2,boost_anova,gradient_boosting
CH0107,the chainsmokers,1,0,-0.20549391599769495,decision_margin,2,boost_anova,gradient_boosting
CH0119,justin bieber,1,0,-0.24697027182615977,decision_margin,2,boost_anova,gradient_boosting
CH0120,justin bieber,1,0,-0.28786963254859127,decision_margin,2,boost_anova,gradient_boosting
CH0128,justin bieber,1,1,0.3029257322610573,decision_margin,2,boost_anova,gradient_boosting
CH0141,taylor swift,1,1,0.4760552981173275,decision_margin,2,boost_anova,gradient_boosting
CH0149,taylor swift,1,1,0.2228024354268041,decision_margin,2,boost_anova,gradient_boosting
CH0151,taylor swift,1,1,0.07012511555227023,decision_margin,2,boost_anova,gradient_boosting
CH0155,taylor swift,1,1,0.14876377865723106,decision_margin,2,boost_anova,gradient_boosting
CH0181,bruno mars,1,0,-0.593730817448896,decision_margin,2,boost_anova,gradient_boosting
CH0182,bruno mars,1,0,-0.5096850333367584,decision_margin,2,boost_anova,gradient_boosting
CH0183,taylor swift,1,0,-0.1280935073625292,decision_margin,2,boost_anova,gradient_boosting
CH0196,taylor swift,1,1,0.02481812827706419,decision_margin,2,boost_anova,gradient_boosting
CH0207,bruno mars,1,0,-0.5266161219374765,decision_margin,2,boost_anova,gradient_boosting
CH0208,justin bieber,1,1,0.1637365926088399,decision_margin,2,boost_anova,gradient_boosting
CH0210,taylor swift,1,1,0.24518736410699385,decision_margin,2,boost_anova,gradient_boosting
CH0219,usher,1,1,0.13222684562346682,decision_margin,2,boost_anova,gradient_boosting
CH0224,bruno mars,1,1,0.3670813777936589,decision_margin,2,boost_anova,gradient_boosting
CH0228,bruno mars,1,1,0.40029047381310023,decision_margin,2,boost_anova,gradient_boosting
CH0233,bruno mars,1,1,0.007722928941142512,decision_margin,2,boost_anova,gradient_boosting
CH0243,usher,1,0,-0.11397340334873461,decision_margin,2,boost_anova,gradient_boosting
CH0246,taylor swift,1,1,0.2136279272891934,decision_margin,2,boost_anova,gradient_boosting
CH0259,taylor swift,1,1,0.21230861925850678,decision_margin,2,boost_anova,gradient_boosting
CH0260,taylor swift,1,1,0.17893786125792757,decision_margin,2,boost_anova,gradient_boosting
CH0269,usher,1,0,-0.42591762035152564,decision_margin,2,boost_anova,gradient_boosting
CH0270,taylor swift,1,1,0.230943795196999,decision_margin,2,boost_anova,gradient_boosting
CH0273,daughtry,1,0,-0.2849840077899623,decision_margin,2,boost_anova,gradient_boosting
CH0276,taylor swift,1,0,-0.10957802903706337,decision_margin,2,boost_anova,gradient_boosting
CH0292,nickelback,1,1,0.0469700469200355,decision_margin,2,boost_anova,gradient_boosting
CH0297,daughtry,1,0,-0.2545583714600693,decision_margin,2,boost_anova,gradient_boosting
CH0298,nickelback,1,1,0.45562462667660225,decision_margin,2,boost_anova,gradient_boosting
CH0300,taylor swift,1,0,-0.11699750368231737,decision_margin,2,boost_anova,gradient_boosting
CH0303,justin bieber,1,1,0.12503992790539675,decision_margin,2,boost_anova,gradient_boosting
CH0315,taylor swift,1,0,-0.15174058521541248,decision_margin,2,boost_anova,gradient_boosting
CH0318,taylor swift,1,0,-0.27544511028580776,decision_margin,2,boost_anova,gradient_boosting
CH0324,daughtry,1,1,0.21447702423087578,decision_margin,2,boost_anova,gradient_boosting
CH0330,daughtry,1,1,0.4782004772613155,decision_margin,2,boost_anova,gradient_boosting
CH0334,daughtry,1,1,0.22818403221828415,decision_margin,2,boost_anova,gradient_boosting
CH0337,nickelback,1,0,-0.16456149314870389,decision_margin,2,boost_anova,gradient_boosting
CH0339,nickelback,1,0,-0.32529888204758295,decision_margin,2,boost_anova,gradient_boosting
CH0346,nickelback,1,0,-0.08737223572994736,decision_margin,2,boost_anova,gradient_boosting
CH0348,sean paul,1,0,-0.4244552463102135,decision_margin,2,boost_anova,gradient_boosting
CH0358,nickelback,1,0,-0.285568439201713,decision_margin,2,boost_anova,gradient_boosting
CH0362,sean paul,1,0,-0.29011568701670803,decision_margin,2,boost_anova,gradient_boosting
CH0368,taylor swift,0,0,-0.20570809255784334,decision_margin,2,boost_anova,gradient_boosting
CH0375,justin bieber,0,0,-0.12380601184980326,decision_margin,2,boost_anova,gradient_boosting
CH0385,taylor swift,0,1,0.10231658487021289,decision_margin,2,boost_anova,gradient_boosting
CH0388,taylor swift,0,1,0.1993992167113939,decision_margin,2,boost_anova,gradient_boosting
CH0396,olivia rodrigo,0,0,-0.4054556850780862,decision_margin,2,boost_anova,gradient_boosting
CH0397,olivia rodrigo,0,0,-0.591818754956615,decision_margin,2,boost_anova,gradient_boosting
CH0400,olivia rodrigo,0,0,-0.07960815370672827,decision_margin,2,boost_anova,gradient_boosting
CH0401,justin bieber,0,0,-0.3691598554092525,decision_margin,2,boost_anova,gradient_boosting
CH0403,justin bieber,0,0,-0.24845781711759699,decision_margin,2,boost_anova,gradient_boosting
CH0405,justin bieber,0,0,-0.1038538361183825,decision_margin,2,boost_anova,gradient_boosting
CH0410,justin bieber,0,0,-0.2898421631041204,decision_margin,2,boost_anova,gradient_boosting
CH0412,taylor swift,0,0,-0.289396853899162,decision_margin,2,boost_anova,gradient_boosting
CH0414,taylor swift,0,0,-0.3890695755032153,decision_margin,2,boost_anova,gradient_boosting
CH0455,taylor swift,0,1,0.041776087706720685,decision_margin,2,boost_anova,gradient_boosting
CH0463,taylor swift,0,0,-0.032765942277704845,decision_margin,2,boost_anova,gradient_boosting
CH0497,taylor swift,0,0,-0.2882613516677761,decision_margin,2,boost_anova,gradient_boosting
CH0501,taylor swift,0,0,-0.09919286339966826,decision_margin,2,boost_anova,gradient_boosting
CH0503,taylor swift,0,0,-0.19294953478072915,decision_margin,2,boost_anova,gradient_boosting
CH0506,bruno mars,0,0,-0.2740015731110028,decision_margin,2,boost_anova,gradient_boosting
CH0534,taylor swift,0,1,0.08621342187790451,decision_margin,2,boost_anova,gradient_boosting
CH0536,justin bieber,0,1,0.20828251804946868,decision_margin,2,boost_anova,gradient_boosting
CH0541,justin bieber,0,0,-0.3502258269187651,decision_margin,2,boost_anova,gradient_boosting
CH0546,justin bieber,0,0,-0.28481070077968756,decision_margin,2,boost_anova,gradient_boosting
CH0547,justin bieber,0,0,-0.3663509936028712,decision_margin,2,boost_anova,gradient_boosting
CH0548,justin bieber,0,0,-0.33078103573421286,decision_margin,2,boost_anova,gradient_boosting
CH0549,justin bieber,0,1,0.18104813585964905,decision_margin,2,boost_anova,gradient_boosting
CH0551,justin bieber,0,1,0.1138308984233724,decision_margin,2,boost_anova,gradient_boosting
CH0554,justin bieber,0,0,-0.06447835338747714,decision_margin,2,boost_anova,gradient_boosting
CH0558,justin bieber,0,0,-0.5428544417863933,decision_margin,2,boost_anova,gradient_boosting
CH0584,usher,0,0,-0.14878805398586345,decision_margin,2,boost_anova,gradient_boosting
CH0585,bruno mars,0,0,-0.21166968534030364,decision_margin,2,boost_anova,gradient_boosting
CH0593,justin bieber,0,0,-0.3736980642013982,decision_margin,2,boost_anova,gradient_boosting
CH0598,daughtry,0,0,-0.03760079407952828,decision_margin,2,boost_anova,gradient_boosting
CH0603,bruno mars,0,0,-0.4775881165867704,decision_margin,2,boost_anova,gradient_boosting
CH0624,taylor swift,0,0,-0.38349103827852327,decision_margin,2,boost_anova,gradient_boosting
CH0629,taylor swift,0,1,0.24488541981653192,decision_margin,2,boost_anova,gradient_boosting
CH0630,taylor swift,0,0,-0.33512422423391797,decision_margin,2,boost_anova,gradient_boosting
CH0633,justin bieber,0,1,0.09551924644485207,decision_margin,2,boost_anova,gradient_boosting
CH0635,nickelback,0,1,0.2712098333971698,decision_margin,2,boost_anova,gradient_boosting
CH0640,taylor swift,0,0,-0.20997965022037704,decision_margin,2,boost_anova,gradient_boosting
CH0641,taylor swift,0,0,-0.17785085993118965,decision_margin,2,boost_anova,gradient_boosting
CH0646,taylor swift,0,0,-0.21687264478561852,decision_margin,2,boost_anova,gradient_boosting
CH0651,taylor swift,0,1,0.2907860322227851,decision_margin,2,boost_anova,gradient_boosting
CH0658,daughtry,0,1,0.06830642657140533,decision_margin,2,boost_anova,gradient_boosting
CH0662,nickelback,0,1,0.44002639728923515,decision_margin,2,boost_anova,gradient_boosting
CH0666,justin bieber,0,1,0.058903636425958895,decision_margin,2,boost_anova,gradient_boosting
CH0670,taylor swift,0,1,0.2546097552812262,decision_margin,2,boost_anova,gradient_boosting
CH0672,taylor swift,0,0,-0.3252292244380885,decision_margin,2,boost_anova,gradient_boosting
CH0676,justin bieber,0,0,-0.21726442239047764,decision_margin,2,boost_anova,gradient_boosting
CH0677,usher,0,0,-0.43021366457154486,decision_margin,2,boost_anova,gradient_boosting
CH0678,nickelback,0,0,-0.35271934422095,decision_margin,2,boost_anova,gradient_boosting
CH0683,justin bieber,0,1,0.06376191658974283,decision_margin,2,boost_anova,gradient_boosting
CH0685,justin bieber,0,1,0.5116237101158686,decision_margin,2,boost_anova,gradient_boosting
CH0688,sean paul,0,0,-0.10275761841816579,decision_margin,2,boost_anova,gradient_boosting
CH0690,daughtry,0,0,-0.1002251192678685,decision_margin,2,boost_anova,gradient_boosting
CH0697,taylor swift,0,1,0.22106626719869782,decision_margin,2,boost_anova,gradient_boosting
CH0699,usher,0,0,-0.2330291989137176,decision_margin,2,boost_anova,gradient_boosting
CH0703,daughtry,0,0,-0.17941031072592026,decision_margin,2,boost_anova,gradient_boosting
CH0704,nickelback,0,0,-0.2558235105534491,decision_margin,2,boost_anova,gradient_boosting
CH0707,taylor swift,0,0,-0.30971540403873393,decision_margin,2,boost_anova,gradient_boosting
CH0711,usher,0,1,0.13375367767562127,decision_margin,2,boost_anova,gradient_boosting
CH0715,taylor swift,0,0,-0.3098339436499295,decision_margin,2,boost_anova,gradient_boosting
CH0719,daughtry,0,1,0.018314445370082085,decision_margin,2,boost_anova,gradient_boosting
CH0740,taylor swift,0,0,-0.33184688035610427,decision_margin,2,boost_anova,gradient_boosting
CH0002,olivia rodrigo,1,0,0.4916317991631799,uncalibrated_class_1_probability,2,control_dummy,dummy
CH0003,olivia rodrigo,1,0,0.4916317991631799,uncalibrated_class_1_probability,2,control_dummy,dummy
CH0006,olivia rodrigo,1,0,0.4916317991631799,uncalibrated_class_1_probability,2,control_dummy,dummy
CH0013,olivia rodrigo,1,0,0.4916317991631799,uncalibrated_class_1_probability,2,control_dummy,dummy
CH0016,taylor swift,1,0,0.4916317991631799,uncalibrated_class_1_probability,2,control_dummy,dummy
CH0020,justin bieber,1,0,0.4916317991631799,uncalibrated_class_1_probability,2,control_dummy,dummy
CH0037,justin bieber,1,0,0.4916317991631799,uncalibrated_class_1_probability,2,control_dummy,dummy
CH0060,taylor swift,1,0,0.4916317991631799,uncalibrated_class_1_probability,2,control_dummy,dummy
CH0079,taylor swift,1,0,0.4916317991631799,uncalibrated_class_1_probability,2,control_dummy,dummy
CH0098,bruno mars,1,0,0.4916317991631799,uncalibrated_class_1_probability,2,control_dummy,dummy
CH0101,bruno mars,1,0,0.4916317991631799,uncalibrated_class_1_probability,2,control_dummy,dummy
CH0105,taylor swift,1,0,0.4916317991631799,uncalibrated_class_1_probability,2,control_dummy,dummy
CH0107,the chainsmokers,1,0,0.4916317991631799,uncalibrated_class_1_probability,2,control_dummy,dummy
CH0119,justin bieber,1,0,0.4916317991631799,uncalibrated_class_1_probability,2,control_dummy,dummy
CH0120,justin bieber,1,0,0.4916317991631799,uncalibrated_class_1_probability,2,control_dummy,dummy
CH0128,justin bieber,1,0,0.4916317991631799,uncalibrated_class_1_probability,2,control_dummy,dummy
CH0141,taylor swift,1,0,0.4916317991631799,uncalibrated_class_1_probability,2,control_dummy,dummy
CH0149,taylor swift,1,0,0.4916317991631799,uncalibrated_class_1_probability,2,control_dummy,dummy
CH0151,taylor swift,1,0,0.4916317991631799,uncalibrated_class_1_probability,2,control_dummy,dummy
CH0155,taylor swift,1,0,0.4916317991631799,uncalibrated_class_1_probability,2,control_dummy,dummy
CH0181,bruno mars,1,0,0.4916317991631799,uncalibrated_class_1_probability,2,control_dummy,dummy
CH0182,bruno mars,1,0,0.4916317991631799,uncalibrated_class_1_probability,2,control_dummy,dummy
CH0183,taylor swift,1,0,0.4916317991631799,uncalibrated_class_1_probability,2,control_dummy,dummy
CH0196,taylor swift,1,0,0.4916317991631799,uncalibrated_class_1_probability,2,control_dummy,dummy
CH0207,bruno mars,1,0,0.4916317991631799,uncalibrated_class_1_probability,2,control_dummy,dummy
CH0208,justin bieber,1,0,0.4916317991631799,uncalibrated_class_1_probability,2,control_dummy,dummy
CH0210,taylor swift,1,0,0.4916317991631799,uncalibrated_class_1_probability,2,control_dummy,dummy
CH0219,usher,1,0,0.4916317991631799,uncalibrated_class_1_probability,2,control_dummy,dummy
CH0224,bruno mars,1,0,0.4916317991631799,uncalibrated_class_1_probability,2,control_dummy,dummy
CH0228,bruno mars,1,0,0.4916317991631799,uncalibrated_class_1_probability,2,control_dummy,dummy
CH0233,bruno mars,1,0,0.4916317991631799,uncalibrated_class_1_probability,2,control_dummy,dummy
CH0243,usher,1,0,0.4916317991631799,uncalibrated_class_1_probability,2,control_dummy,dummy
CH0246,taylor swift,1,0,0.4916317991631799,uncalibrated_class_1_probability,2,control_dummy,dummy
CH0259,taylor swift,1,0,0.4916317991631799,uncalibrated_class_1_probability,2,control_dummy,dummy
CH0260,taylor swift,1,0,0.4916317991631799,uncalibrated_class_1_probability,2,control_dummy,dummy
CH0269,usher,1,0,0.4916317991631799,uncalibrated_class_1_probability,2,control_dummy,dummy
CH0270,taylor swift,1,0,0.4916317991631799,uncalibrated_class_1_probability,2,control_dummy,dummy
CH0273,daughtry,1,0,0.4916317991631799,uncalibrated_class_1_probability,2,control_dummy,dummy
CH0276,taylor swift,1,0,0.4916317991631799,uncalibrated_class_1_probability,2,control_dummy,dummy
CH0292,nickelback,1,0,0.4916317991631799,uncalibrated_class_1_probability,2,control_dummy,dummy
CH0297,daughtry,1,0,0.4916317991631799,uncalibrated_class_1_probability,2,control_dummy,dummy
CH0298,nickelback,1,0,0.4916317991631799,uncalibrated_class_1_probability,2,control_dummy,dummy
CH0300,taylor swift,1,0,0.4916317991631799,uncalibrated_class_1_probability,2,control_dummy,dummy
CH0303,justin bieber,1,0,0.4916317991631799,uncalibrated_class_1_probability,2,control_dummy,dummy
CH0315,taylor swift,1,0,0.4916317991631799,uncalibrated_class_1_probability,2,control_dummy,dummy
CH0318,taylor swift,1,0,0.4916317991631799,uncalibrated_class_1_probability,2,control_dummy,dummy
CH0324,daughtry,1,0,0.4916317991631799,uncalibrated_class_1_probability,2,control_dummy,dummy
CH0330,daughtry,1,0,0.4916317991631799,uncalibrated_class_1_probability,2,control_dummy,dummy
CH0334,daughtry,1,0,0.4916317991631799,uncalibrated_class_1_probability,2,control_dummy,dummy
CH0337,nickelback,1,0,0.4916317991631799,uncalibrated_class_1_probability,2,control_dummy,dummy
CH0339,nickelback,1,0,0.4916317991631799,uncalibrated_class_1_probability,2,control_dummy,dummy
CH0346,nickelback,1,0,0.4916317991631799,uncalibrated_class_1_probability,2,control_dummy,dummy
CH0348,sean paul,1,0,0.4916317991631799,uncalibrated_class_1_probability,2,control_dummy,dummy
CH0358,nickelback,1,0,0.4916317991631799,uncalibrated_class_1_probability,2,control_dummy,dummy
CH0362,sean paul,1,0,0.4916317991631799,uncalibrated_class_1_probability,2,control_dummy,dummy
CH0368,taylor swift,0,0,0.4916317991631799,uncalibrated_class_1_probability,2,control_dummy,dummy
CH0375,justin bieber,0,0,0.4916317991631799,uncalibrated_class_1_probability,2,control_dummy,dummy
CH0385,taylor swift,0,0,0.4916317991631799,uncalibrated_class_1_probability,2,control_dummy,dummy
CH0388,taylor swift,0,0,0.4916317991631799,uncalibrated_class_1_probability,2,control_dummy,dummy
CH0396,olivia rodrigo,0,0,0.4916317991631799,uncalibrated_class_1_probability,2,control_dummy,dummy
CH0397,olivia rodrigo,0,0,0.4916317991631799,uncalibrated_class_1_probability,2,control_dummy,dummy
CH0400,olivia rodrigo,0,0,0.4916317991631799,uncalibrated_class_1_probability,2,control_dummy,dummy
CH0401,justin bieber,0,0,0.4916317991631799,uncalibrated_class_1_probability,2,control_dummy,dummy
CH0403,justin bieber,0,0,0.4916317991631799,uncalibrated_class_1_probability,2,control_dummy,dummy
CH0405,justin bieber,0,0,0.4916317991631799,uncalibrated_class_1_probability,2,control_dummy,dummy
CH0410,justin bieber,0,0,0.4916317991631799,uncalibrated_class_1_probability,2,control_dummy,dummy
CH0412,taylor swift,0,0,0.4916317991631799,uncalibrated_class_1_probability,2,control_dummy,dummy
CH0414,taylor swift,0,0,0.4916317991631799,uncalibrated_class_1_probability,2,control_dummy,dummy
CH0455,taylor swift,0,0,0.4916317991631799,uncalibrated_class_1_probability,2,control_dummy,dummy
CH0463,taylor swift,0,0,0.4916317991631799,uncalibrated_class_1_probability,2,control_dummy,dummy
CH0497,taylor swift,0,0,0.4916317991631799,uncalibrated_class_1_probability,2,control_dummy,dummy
CH0501,taylor swift,0,0,0.4916317991631799,uncalibrated_class_1_probability,2,control_dummy,dummy
CH0503,taylor swift,0,0,0.4916317991631799,uncalibrated_class_1_probability,2,control_dummy,dummy
CH0506,bruno mars,0,0,0.4916317991631799,uncalibrated_class_1_probability,2,control_dummy,dummy
CH0534,taylor swift,0,0,0.4916317991631799,uncalibrated_class_1_probability,2,control_dummy,dummy
CH0536,justin bieber,0,0,0.4916317991631799,uncalibrated_class_1_probability,2,control_dummy,dummy
CH0541,justin bieber,0,0,0.4916317991631799,uncalibrated_class_1_probability,2,control_dummy,dummy
CH0546,justin bieber,0,0,0.4916317991631799,uncalibrated_class_1_probability,2,control_dummy,dummy
CH0547,justin bieber,0,0,0.4916317991631799,uncalibrated_class_1_probability,2,control_dummy,dummy
CH0548,justin bieber,0,0,0.4916317991631799,uncalibrated_class_1_probability,2,control_dummy,dummy
CH0549,justin bieber,0,0,0.4916317991631799,uncalibrated_class_1_probability,2,control_dummy,dummy
CH0551,justin bieber,0,0,0.4916317991631799,uncalibrated_class_1_probability,2,control_dummy,dummy
CH0554,justin bieber,0,0,0.4916317991631799,uncalibrated_class_1_probability,2,control_dummy,dummy
CH0558,justin bieber,0,0,0.4916317991631799,uncalibrated_class_1_probability,2,control_dummy,dummy
CH0584,usher,0,0,0.4916317991631799,uncalibrated_class_1_probability,2,control_dummy,dummy
CH0585,bruno mars,0,0,0.4916317991631799,uncalibrated_class_1_probability,2,control_dummy,dummy
CH0593,justin bieber,0,0,0.4916317991631799,uncalibrated_class_1_probability,2,control_dummy,dummy
CH0598,daughtry,0,0,0.4916317991631799,uncalibrated_class_1_probability,2,control_dummy,dummy
CH0603,bruno mars,0,0,0.4916317991631799,uncalibrated_class_1_probability,2,control_dummy,dummy
CH0624,taylor swift,0,0,0.4916317991631799,uncalibrated_class_1_probability,2,control_dummy,dummy
CH0629,taylor swift,0,0,0.4916317991631799,uncalibrated_class_1_probability,2,control_dummy,dummy
CH0630,taylor swift,0,0,0.4916317991631799,uncalibrated_class_1_probability,2,control_dummy,dummy
CH0633,justin bieber,0,0,0.4916317991631799,uncalibrated_class_1_probability,2,control_dummy,dummy
CH0635,nickelback,0,0,0.4916317991631799,uncalibrated_class_1_probability,2,control_dummy,dummy
CH0640,taylor swift,0,0,0.4916317991631799,uncalibrated_class_1_probability,2,control_dummy,dummy
CH0641,taylor swift,0,0,0.4916317991631799,uncalibrated_class_1_probability,2,control_dummy,dummy
CH0646,taylor swift,0,0,0.4916317991631799,uncalibrated_class_1_probability,2,control_dummy,dummy
CH0651,taylor swift,0,0,0.4916317991631799,uncalibrated_class_1_probability,2,control_dummy,dummy
CH0658,daughtry,0,0,0.4916317991631799,uncalibrated_class_1_probability,2,control_dummy,dummy
CH0662,nickelback,0,0,0.4916317991631799,uncalibrated_class_1_probability,2,control_dummy,dummy
CH0666,justin bieber,0,0,0.4916317991631799,uncalibrated_class_1_probability,2,control_dummy,dummy
CH0670,taylor swift,0,0,0.4916317991631799,uncalibrated_class_1_probability,2,control_dummy,dummy
CH0672,taylor swift,0,0,0.4916317991631799,uncalibrated_class_1_probability,2,control_dummy,dummy
CH0676,justin bieber,0,0,0.4916317991631799,uncalibrated_class_1_probability,2,control_dummy,dummy
CH0677,usher,0,0,0.4916317991631799,uncalibrated_class_1_probability,2,control_dummy,dummy
CH0678,nickelback,0,0,0.4916317991631799,uncalibrated_class_1_probability,2,control_dummy,dummy
CH0683,justin bieber,0,0,0.4916317991631799,uncalibrated_class_1_probability,2,control_dummy,dummy
CH0685,justin bieber,0,0,0.4916317991631799,uncalibrated_class_1_probability,2,control_dummy,dummy
CH0688,sean paul,0,0,0.4916317991631799,uncalibrated_class_1_probability,2,control_dummy,dummy
CH0690,daughtry,0,0,0.4916317991631799,uncalibrated_class_1_probability,2,control_dummy,dummy
CH0697,taylor swift,0,0,0.4916317991631799,uncalibrated_class_1_probability,2,control_dummy,dummy
CH0699,usher,0,0,0.4916317991631799,uncalibrated_class_1_probability,2,control_dummy,dummy
CH0703,daughtry,0,0,0.4916317991631799,uncalibrated_class_1_probability,2,control_dummy,dummy
CH0704,nickelback,0,0,0.4916317991631799,uncalibrated_class_1_probability,2,control_dummy,dummy
CH0707,taylor swift,0,0,0.4916317991631799,uncalibrated_class_1_probability,2,control_dummy,dummy
CH0711,usher,0,0,0.4916317991631799,uncalibrated_class_1_probability,2,control_dummy,dummy
CH0715,taylor swift,0,0,0.4916317991631799,uncalibrated_class_1_probability,2,control_dummy,dummy
CH0719,daughtry,0,0,0.4916317991631799,uncalibrated_class_1_probability,2,control_dummy,dummy
CH0740,taylor swift,0,0,0.4916317991631799,uncalibrated_class_1_probability,2,control_dummy,dummy
CH0002,olivia rodrigo,1,0,-0.2438573391581027,decision_margin,2,control_lda,lda
CH0003,olivia rodrigo,1,0,-1.6563102642464915,decision_margin,2,control_lda,lda
CH0006,olivia rodrigo,1,1,1.7198912148968304,decision_margin,2,control_lda,lda
CH0013,olivia rodrigo,1,0,-2.4266245471350567,decision_margin,2,control_lda,lda
CH0016,taylor swift,1,1,0.26896619663331545,decision_margin,2,control_lda,lda
CH0020,justin bieber,1,0,-1.87868801926551,decision_margin,2,control_lda,lda
CH0037,justin bieber,1,0,-1.6586694241636932,decision_margin,2,control_lda,lda
CH0060,taylor swift,1,1,0.9850198389950446,decision_margin,2,control_lda,lda
CH0079,taylor swift,1,0,-0.10323186598838396,decision_margin,2,control_lda,lda
CH0098,bruno mars,1,0,-1.222600776969557,decision_margin,2,control_lda,lda
CH0101,bruno mars,1,1,0.8010743901327106,decision_margin,2,control_lda,lda
CH0105,taylor swift,1,1,0.9117528595080037,decision_margin,2,control_lda,lda
CH0107,the chainsmokers,1,0,-1.3449530544332189,decision_margin,2,control_lda,lda
CH0119,justin bieber,1,1,0.08035298226498977,decision_margin,2,control_lda,lda
CH0120,justin bieber,1,0,-0.24546227477485505,decision_margin,2,control_lda,lda
CH0128,justin bieber,1,1,1.2360877858955968,decision_margin,2,control_lda,lda
CH0141,taylor swift,1,1,2.1955776413741974,decision_margin,2,control_lda,lda
CH0149,taylor swift,1,1,1.329203505902318,decision_margin,2,control_lda,lda
CH0151,taylor swift,1,0,-0.4563139575213936,decision_margin,2,control_lda,lda
CH0155,taylor swift,1,1,0.9374361194872521,decision_margin,2,control_lda,lda
CH0181,bruno mars,1,0,-4.1195499002620855,decision_margin,2,control_lda,lda
CH0182,bruno mars,1,0,-1.4568812290927093,decision_margin,2,control_lda,lda
CH0183,taylor swift,1,1,0.2314828809323713,decision_margin,2,control_lda,lda
CH0196,taylor swift,1,1,1.7026250729167216,decision_margin,2,control_lda,lda
CH0207,bruno mars,1,0,-1.5852537859912768,decision_margin,2,control_lda,lda
CH0208,justin bieber,1,1,0.022759153987721437,decision_margin,2,control_lda,lda
CH0210,taylor swift,1,1,1.5659539215992901,decision_margin,2,control_lda,lda
CH0219,usher,1,0,-1.8464142827597116,decision_margin,2,control_lda,lda
CH0224,bruno mars,1,1,1.3804437989264327,decision_margin,2,control_lda,lda
CH0228,bruno mars,1,1,2.639478472583595,decision_margin,2,control_lda,lda
CH0233,bruno mars,1,1,0.15980947879144888,decision_margin,2,control_lda,lda
CH0243,usher,1,1,0.11988485073167732,decision_margin,2,control_lda,lda
CH0246,taylor swift,1,1,1.11322012757237,decision_margin,2,control_lda,lda
CH0259,taylor swift,1,0,-1.6816175296119946,decision_margin,2,control_lda,lda
CH0260,taylor swift,1,1,2.2088416594267315,decision_margin,2,control_lda,lda
CH0269,usher,1,0,-1.0242056850557484,decision_margin,2,control_lda,lda
CH0270,taylor swift,1,1,0.6810620138865471,decision_margin,2,control_lda,lda
CH0273,daughtry,1,0,-0.5202187136528358,decision_margin,2,control_lda,lda
CH0276,taylor swift,1,1,0.1915233676454856,decision_margin,2,control_lda,lda
CH0292,nickelback,1,0,-0.8422494650686038,decision_margin,2,control_lda,lda
CH0297,daughtry,1,0,-1.6555615846126435,decision_margin,2,control_lda,lda
CH0298,nickelback,1,1,1.2274431596541862,decision_margin,2,control_lda,lda
CH0300,taylor swift,1,0,-1.1084276162490916,decision_margin,2,control_lda,lda
CH0303,justin bieber,1,0,-0.49377755188211125,decision_margin,2,control_lda,lda
CH0315,taylor swift,1,0,-0.38911567161957805,decision_margin,2,control_lda,lda
CH0318,taylor swift,1,0,-0.6496389766819914,decision_margin,2,control_lda,lda
CH0324,daughtry,1,1,0.8553167333199783,decision_margin,2,control_lda,lda
CH0330,daughtry,1,1,2.3250464588195277,decision_margin,2,control_lda,lda
CH0334,daughtry,1,1,0.609982014327556,decision_margin,2,control_lda,lda
CH0337,nickelback,1,0,-1.2491858964034193,decision_margin,2,control_lda,lda
CH0339,nickelback,1,0,-2.3234822745125783,decision_margin,2,control_lda,lda
CH0346,nickelback,1,0,-0.5640546600931704,decision_margin,2,control_lda,lda
CH0348,sean paul,1,0,-0.6122822042134671,decision_margin,2,control_lda,lda
CH0358,nickelback,1,0,-0.6006445818127745,decision_margin,2,control_lda,lda
CH0362,sean paul,1,1,0.22685093014148244,decision_margin,2,control_lda,lda
CH0368,taylor swift,0,0,-0.7356599498290245,decision_margin,2,control_lda,lda
CH0375,justin bieber,0,0,-0.05265597741355904,decision_margin,2,control_lda,lda
CH0385,taylor swift,0,1,0.5393979546288065,decision_margin,2,control_lda,lda
CH0388,taylor swift,0,1,0.9524626108444374,decision_margin,2,control_lda,lda
CH0396,olivia rodrigo,0,0,-1.129775129593154,decision_margin,2,control_lda,lda
CH0397,olivia rodrigo,0,0,-0.6056344447841475,decision_margin,2,control_lda,lda
CH0400,olivia rodrigo,0,0,-0.16296071833546338,decision_margin,2,control_lda,lda
CH0401,justin bieber,0,0,-1.6522665132750312,decision_margin,2,control_lda,lda
CH0403,justin bieber,0,0,-0.517116536236101,decision_margin,2,control_lda,lda
CH0405,justin bieber,0,0,-0.2658811300068939,decision_margin,2,control_lda,lda
CH0410,justin bieber,0,0,-1.3151267542891618,decision_margin,2,control_lda,lda
CH0412,taylor swift,0,0,-3.4364264515967644,decision_margin,2,control_lda,lda
CH0414,taylor swift,0,0,-1.3662238453710485,decision_margin,2,control_lda,lda
CH0455,taylor swift,0,0,-0.057106597056584024,decision_margin,2,control_lda,lda
CH0463,taylor swift,0,0,-0.7933802760098749,decision_margin,2,control_lda,lda
CH0497,taylor swift,0,0,-0.8960209714583331,decision_margin,2,control_lda,lda
CH0501,taylor swift,0,1,1.0813973796741474,decision_margin,2,control_lda,lda
CH0503,taylor swift,0,0,-0.5192071843348198,decision_margin,2,control_lda,lda
CH0506,bruno mars,0,0,-1.963257316095927,decision_margin,2,control_lda,lda
CH0534,taylor swift,0,1,1.2779533729039867,decision_margin,2,control_lda,lda
CH0536,justin bieber,0,1,0.27537112041054457,decision_margin,2,control_lda,lda
CH0541,justin bieber,0,1,0.5167069144312442,decision_margin,2,control_lda,lda
CH0546,justin bieber,0,0,-2.185968034413915,decision_margin,2,control_lda,lda
CH0547,justin bieber,0,0,-1.7670908661238052,decision_margin,2,control_lda,lda
CH0548,justin bieber,0,0,-1.979188369203596,decision_margin,2,control_lda,lda
CH0549,justin bieber,0,1,0.8268429046006756,decision_margin,2,control_lda,lda
CH0551,justin bieber,0,1,0.5997431842237566,decision_margin,2,control_lda,lda
CH0554,justin bieber,0,1,0.275176332626827,decision_margin,2,control_lda,lda
CH0558,justin bieber,0,0,-1.9828777495736334,decision_margin,2,control_lda,lda
CH0584,usher,0,1,0.7802611872660461,decision_margin,2,control_lda,lda
CH0585,bruno mars,0,0,-1.2269202033638067,decision_margin,2,control_lda,lda
CH0593,justin bieber,0,0,-0.9069884631246719,decision_margin,2,control_lda,lda
CH0598,daughtry,0,0,-0.8783544929588725,decision_margin,2,control_lda,lda
CH0603,bruno mars,0,0,-2.696769542236111,decision_margin,2,control_lda,lda
CH0624,taylor swift,0,0,-0.24481145787848624,decision_margin,2,control_lda,lda
CH0629,taylor swift,0,0,-0.9270122888428622,decision_margin,2,control_lda,lda
CH0630,taylor swift,0,0,-1.784844568214665,decision_margin,2,control_lda,lda
CH0633,justin bieber,0,1,0.3689391414392714,decision_margin,2,control_lda,lda
CH0635,nickelback,0,1,1.7151679350877347,decision_margin,2,control_lda,lda
CH0640,taylor swift,0,0,-1.0597149967423996,decision_margin,2,control_lda,lda
CH0641,taylor swift,0,1,0.030291581138927076,decision_margin,2,control_lda,lda
CH0646,taylor swift,0,1,0.0009058284709277387,decision_margin,2,control_lda,lda
CH0651,taylor swift,0,1,1.0573763748592258,decision_margin,2,control_lda,lda
CH0658,daughtry,0,1,0.9163805208767688,decision_margin,2,control_lda,lda
CH0662,nickelback,0,1,0.7054768198222479,decision_margin,2,control_lda,lda
CH0666,justin bieber,0,1,1.8400248227209788,decision_margin,2,control_lda,lda
CH0670,taylor swift,0,1,1.2775914652022438,decision_margin,2,control_lda,lda
CH0672,taylor swift,0,0,-0.7627314717083364,decision_margin,2,control_lda,lda
CH0676,justin bieber,0,0,-0.06917277443765557,decision_margin,2,control_lda,lda
CH0677,usher,0,0,-0.426309094074639,decision_margin,2,control_lda,lda
CH0678,nickelback,0,0,-4.0421375885606095,decision_margin,2,control_lda,lda
CH0683,justin bieber,0,0,-0.25203797245905035,decision_margin,2,control_lda,lda
CH0685,justin bieber,0,1,1.163863000487484,decision_margin,2,control_lda,lda
CH0688,sean paul,0,1,0.1733075545072078,decision_margin,2,control_lda,lda
CH0690,daughtry,0,0,-0.014568649805131617,decision_margin,2,control_lda,lda
CH0697,taylor swift,0,1,0.9475845124127311,decision_margin,2,control_lda,lda
CH0699,usher,0,0,-0.43187338958771554,decision_margin,2,control_lda,lda
CH0703,daughtry,0,0,-0.9206468846799152,decision_margin,2,control_lda,lda
CH0704,nickelback,0,0,-0.7405586562470069,decision_margin,2,control_lda,lda
CH0707,taylor swift,0,0,-0.7188722273165974,decision_margin,2,control_lda,lda
CH0711,usher,0,1,1.5755277464165358,decision_margin,2,control_lda,lda
CH0715,taylor swift,0,1,0.4162922027472086,decision_margin,2,control_lda,lda
CH0719,daughtry,0,1,0.6890041524113384,decision_margin,2,control_lda,lda
CH0740,taylor swift,0,0,-1.3049102974091489,decision_margin,2,control_lda,lda
CH0002,olivia rodrigo,1,1,0.04851956339559925,decision_margin,2,control_linear_svm,linear_svm
CH0003,olivia rodrigo,1,0,-2.5964530873236047,decision_margin,2,control_linear_svm,linear_svm
CH0006,olivia rodrigo,1,1,2.1829070832960777,decision_margin,2,control_linear_svm,linear_svm
CH0013,olivia rodrigo,1,0,-2.8984365489647756,decision_margin,2,control_linear_svm,linear_svm
CH0016,taylor swift,1,0,-0.3062935187993262,decision_margin,2,control_linear_svm,linear_svm
CH0020,justin bieber,1,0,-3.665511112758613,decision_margin,2,control_linear_svm,linear_svm
CH0037,justin bieber,1,0,-1.2201579847645123,decision_margin,2,control_linear_svm,linear_svm
CH0060,taylor swift,1,1,0.6248154031874631,decision_margin,2,control_linear_svm,linear_svm
CH0079,taylor swift,1,0,-0.5105461699139539,decision_margin,2,control_linear_svm,linear_svm
CH0098,bruno mars,1,0,-1.5699633920535792,decision_margin,2,control_linear_svm,linear_svm
CH0101,bruno mars,1,1,0.9876168971143819,decision_margin,2,control_linear_svm,linear_svm
CH0105,taylor swift,1,1,2.0571501700796473,decision_margin,2,control_linear_svm,linear_svm
CH0107,the chainsmokers,1,0,-1.4160000836744517,decision_margin,2,control_linear_svm,linear_svm
CH0119,justin bieber,1,1,3.1065619222287526,decision_margin,2,control_linear_svm,linear_svm
CH0120,justin bieber,1,0,-1.1088400932433855,decision_margin,2,control_linear_svm,linear_svm
CH0128,justin bieber,1,1,2.2147364441312134,decision_margin,2,control_linear_svm,linear_svm
CH0141,taylor swift,1,1,0.23007383937692294,decision_margin,2,control_linear_svm,linear_svm
CH0149,taylor swift,1,1,1.3820146662524648,decision_margin,2,control_linear_svm,linear_svm
CH0151,taylor swift,1,0,-1.1605699440042299,decision_margin,2,control_linear_svm,linear_svm
CH0155,taylor swift,1,1,0.36178676112398334,decision_margin,2,control_linear_svm,linear_svm
CH0181,bruno mars,1,0,-4.293128752822436,decision_margin,2,control_linear_svm,linear_svm
CH0182,bruno mars,1,1,0.30993534187272115,decision_margin,2,control_linear_svm,linear_svm
CH0183,taylor swift,1,0,-0.0019182272930220734,decision_margin,2,control_linear_svm,linear_svm
CH0196,taylor swift,1,1,1.3209714623047286,decision_margin,2,control_linear_svm,linear_svm
CH0207,bruno mars,1,0,-1.6992077206556098,decision_margin,2,control_linear_svm,linear_svm
CH0208,justin bieber,1,1,0.11499366857317352,decision_margin,2,control_linear_svm,linear_svm
CH0210,taylor swift,1,0,-0.3209876883188956,decision_margin,2,control_linear_svm,linear_svm
CH0219,usher,1,0,-2.5239930605390866,decision_margin,2,control_linear_svm,linear_svm
CH0224,bruno mars,1,1,0.6086844429171157,decision_margin,2,control_linear_svm,linear_svm
CH0228,bruno mars,1,1,0.8398792902244313,decision_margin,2,control_linear_svm,linear_svm
CH0233,bruno mars,1,1,0.8777040331115585,decision_margin,2,control_linear_svm,linear_svm
CH0243,usher,1,1,1.2271177851754256,decision_margin,2,control_linear_svm,linear_svm
CH0246,taylor swift,1,1,1.7794600834325454,decision_margin,2,control_linear_svm,linear_svm
CH0259,taylor swift,1,0,-1.5238276127487305,decision_margin,2,control_linear_svm,linear_svm
CH0260,taylor swift,1,1,1.848536359704884,decision_margin,2,control_linear_svm,linear_svm
CH0269,usher,1,0,-1.5795323439729994,decision_margin,2,control_linear_svm,linear_svm
CH0270,taylor swift,1,1,1.8620338226890354,decision_margin,2,control_linear_svm,linear_svm
CH0273,daughtry,1,1,0.30098937227792116,decision_margin,2,control_linear_svm,linear_svm
CH0276,taylor swift,1,1,0.02874669841256404,decision_margin,2,control_linear_svm,linear_svm
CH0292,nickelback,1,0,-1.3898373546370255,decision_margin,2,control_linear_svm,linear_svm
CH0297,daughtry,1,0,-3.1728332930198,decision_margin,2,control_linear_svm,linear_svm
CH0298,nickelback,1,1,0.6152201246417358,decision_margin,2,control_linear_svm,linear_svm
CH0300,taylor swift,1,1,0.23929508379038972,decision_margin,2,control_linear_svm,linear_svm
CH0303,justin bieber,1,0,-0.568931490582061,decision_margin,2,control_linear_svm,linear_svm
CH0315,taylor swift,1,0,-0.37583891668636904,decision_margin,2,control_linear_svm,linear_svm
CH0318,taylor swift,1,0,-0.13394348675949577,decision_margin,2,control_linear_svm,linear_svm
CH0324,daughtry,1,1,0.8349498968033031,decision_margin,2,control_linear_svm,linear_svm
CH0330,daughtry,1,1,1.5157638063476486,decision_margin,2,control_linear_svm,linear_svm
CH0334,daughtry,1,1,0.09553169126304177,decision_margin,2,control_linear_svm,linear_svm
CH0337,nickelback,1,1,0.15126966393129365,decision_margin,2,control_linear_svm,linear_svm
CH0339,nickelback,1,0,-1.1223684215118326,decision_margin,2,control_linear_svm,linear_svm
CH0346,nickelback,1,0,-0.3666739448240608,decision_margin,2,control_linear_svm,linear_svm
CH0348,sean paul,1,0,-1.9888968268421552,decision_margin,2,control_linear_svm,linear_svm
CH0358,nickelback,1,1,0.26950701207431343,decision_margin,2,control_linear_svm,linear_svm
CH0362,sean paul,1,1,0.945604355271916,decision_margin,2,control_linear_svm,linear_svm
CH0368,taylor swift,0,1,0.2868657887277462,decision_margin,2,control_linear_svm,linear_svm
CH0375,justin bieber,0,1,0.8467390019422101,decision_margin,2,control_linear_svm,linear_svm
CH0385,taylor swift,0,0,-0.7055097771368571,decision_margin,2,control_linear_svm,linear_svm
CH0388,taylor swift,0,1,1.5771810352171916,decision_margin,2,control_linear_svm,linear_svm
CH0396,olivia rodrigo,0,0,-0.5239242909787554,decision_margin,2,control_linear_svm,linear_svm
CH0397,olivia rodrigo,0,0,-0.7231962205416621,decision_margin,2,control_linear_svm,linear_svm
CH0400,olivia rodrigo,0,0,-0.03796046868473747,decision_margin,2,control_linear_svm,linear_svm
CH0401,justin bieber,0,0,-0.1774992243514752,decision_margin,2,control_linear_svm,linear_svm
CH0403,justin bieber,0,1,0.5898219752099682,decision_margin,2,control_linear_svm,linear_svm
CH0405,justin bieber,0,0,-0.8060574610518367,decision_margin,2,control_linear_svm,linear_svm
CH0410,justin bieber,0,0,-1.4754656337189158,decision_margin,2,control_linear_svm,linear_svm
CH0412,taylor swift,0,0,-1.857409908016577,decision_margin,2,control_linear_svm,linear_svm
CH0414,taylor swift,0,1,1.1809087041784032,decision_margin,2,control_linear_svm,linear_svm
CH0455,taylor swift,0,1,0.09253078979759956,decision_margin,2,control_linear_svm,linear_svm
CH0463,taylor swift,0,0,-1.7927675919445385,decision_margin,2,control_linear_svm,linear_svm
CH0497,taylor swift,0,0,-1.2286701584124855,decision_margin,2,control_linear_svm,linear_svm
CH0501,taylor swift,0,1,2.324143892793718,decision_margin,2,control_linear_svm,linear_svm
CH0503,taylor swift,0,0,-0.8247971746085837,decision_margin,2,control_linear_svm,linear_svm
CH0506,bruno mars,0,0,-2.916686804615875,decision_margin,2,control_linear_svm,linear_svm
CH0534,taylor swift,0,1,0.39380070067913125,decision_margin,2,control_linear_svm,linear_svm
CH0536,justin bieber,0,1,0.8182901164792576,decision_margin,2,control_linear_svm,linear_svm
CH0541,justin bieber,0,1,2.667312290326785,decision_margin,2,control_linear_svm,linear_svm
CH0546,justin bieber,0,0,-0.07217702149144335,decision_margin,2,control_linear_svm,linear_svm
CH0547,justin bieber,0,1,0.2619083236334958,decision_margin,2,control_linear_svm,linear_svm
CH0548,justin bieber,0,0,-1.4471771941620666,decision_margin,2,control_linear_svm,linear_svm
CH0549,justin bieber,0,1,0.6294735471434345,decision_margin,2,control_linear_svm,linear_svm
CH0551,justin bieber,0,0,-0.6634198079937813,decision_margin,2,control_linear_svm,linear_svm
CH0554,justin bieber,0,0,-0.5644225099904034,decision_margin,2,control_linear_svm,linear_svm
CH0558,justin bieber,0,0,-1.4315420947061241,decision_margin,2,control_linear_svm,linear_svm
CH0584,usher,0,0,-0.0018421610013395623,decision_margin,2,control_linear_svm,linear_svm
CH0585,bruno mars,0,0,-0.8550724463012239,decision_margin,2,control_linear_svm,linear_svm
CH0593,justin bieber,0,1,0.443991346639085,decision_margin,2,control_linear_svm,linear_svm
CH0598,daughtry,0,0,-0.9280381384359639,decision_margin,2,control_linear_svm,linear_svm
CH0603,bruno mars,0,0,-2.6969582455275596,decision_margin,2,control_linear_svm,linear_svm
CH0624,taylor swift,0,1,0.6886374868625139,decision_margin,2,control_linear_svm,linear_svm
CH0629,taylor swift,0,0,-2.066524756051671,decision_margin,2,control_linear_svm,linear_svm
CH0630,taylor swift,0,0,-1.0885019569811996,decision_margin,2,control_linear_svm,linear_svm
CH0633,justin bieber,0,0,-0.4139544943604119,decision_margin,2,control_linear_svm,linear_svm
CH0635,nickelback,0,1,0.9497235689773305,decision_margin,2,control_linear_svm,linear_svm
CH0640,taylor swift,0,0,-1.8287014371757857,decision_margin,2,control_linear_svm,linear_svm
CH0641,taylor swift,0,1,0.5612991543336596,decision_margin,2,control_linear_svm,linear_svm
CH0646,taylor swift,0,1,1.1660964809653998,decision_margin,2,control_linear_svm,linear_svm
CH0651,taylor swift,0,1,1.7316211479914896,decision_margin,2,control_linear_svm,linear_svm
CH0658,daughtry,0,1,0.34332254369585624,decision_margin,2,control_linear_svm,linear_svm
CH0662,nickelback,0,1,0.10964837470121407,decision_margin,2,control_linear_svm,linear_svm
CH0666,justin bieber,0,1,3.176330100521421,decision_margin,2,control_linear_svm,linear_svm
CH0670,taylor swift,0,1,1.40056727362935,decision_margin,2,control_linear_svm,linear_svm
CH0672,taylor swift,0,0,-1.107774078669528,decision_margin,2,control_linear_svm,linear_svm
CH0676,justin bieber,0,1,0.20086741105515105,decision_margin,2,control_linear_svm,linear_svm
CH0677,usher,0,1,1.5651307585068013,decision_margin,2,control_linear_svm,linear_svm
CH0678,nickelback,0,0,-5.825296140774834,decision_margin,2,control_linear_svm,linear_svm
CH0683,justin bieber,0,0,-1.981170919857566,decision_margin,2,control_linear_svm,linear_svm
CH0685,justin bieber,0,0,-1.908397708288861,decision_margin,2,control_linear_svm,linear_svm
CH0688,sean paul,0,0,-0.11123939653369824,decision_margin,2,control_linear_svm,linear_svm
CH0690,daughtry,0,1,0.8736885027623379,decision_margin,2,control_linear_svm,linear_svm
CH0697,taylor swift,0,1,1.953756579541126,decision_margin,2,control_linear_svm,linear_svm
CH0699,usher,0,0,-0.4540260773424857,decision_margin,2,control_linear_svm,linear_svm
CH0703,daughtry,0,0,-1.1270249814850142,decision_margin,2,control_linear_svm,linear_svm
CH0704,nickelback,0,0,-0.6431012945971245,decision_margin,2,control_linear_svm,linear_svm
CH0707,taylor swift,0,0,-0.251901979394023,decision_margin,2,control_linear_svm,linear_svm
CH0711,usher,0,1,1.8171003808864343,decision_margin,2,control_linear_svm,linear_svm
CH0715,taylor swift,0,0,-0.31703617055274164,decision_margin,2,control_linear_svm,linear_svm
CH0719,daughtry,0,0,-0.10135734719289013,decision_margin,2,control_linear_svm,linear_svm
CH0740,taylor swift,0,0,-1.8108464686961172,decision_margin,2,control_linear_svm,linear_svm
CH0002,olivia rodrigo,1,0,0.49590060495060473,uncalibrated_class_1_probability,2,control_random_forest,random_forest
CH0003,olivia rodrigo,1,0,0.3505107882313765,uncalibrated_class_1_probability,2,control_random_forest,random_forest
CH0006,olivia rodrigo,1,1,0.5533827081415313,uncalibrated_class_1_probability,2,control_random_forest,random_forest
CH0013,olivia rodrigo,1,0,0.3814746191716783,uncalibrated_class_1_probability,2,control_random_forest,random_forest
CH0016,taylor swift,1,0,0.49060069603599005,uncalibrated_class_1_probability,2,control_random_forest,random_forest
CH0020,justin bieber,1,0,0.44860548340548356,uncalibrated_class_1_probability,2,control_random_forest,random_forest
CH0037,justin bieber,1,0,0.386125740272799,uncalibrated_class_1_probability,2,control_random_forest,random_forest
CH0060,taylor swift,1,1,0.5757621878121876,uncalibrated_class_1_probability,2,control_random_forest,random_forest
CH0079,taylor swift,1,1,0.5266742257742256,uncalibrated_class_1_probability,2,control_random_forest,random_forest
CH0098,bruno mars,1,0,0.48496829836829836,uncalibrated_class_1_probability,2,control_random_forest,random_forest
CH0101,bruno mars,1,1,0.5100911366411368,uncalibrated_class_1_probability,2,control_random_forest,random_forest
CH0105,taylor swift,1,1,0.5449431512931514,uncalibrated_class_1_probability,2,control_random_forest,random_forest
CH0107,the chainsmokers,1,0,0.4181036107683166,uncalibrated_class_1_probability,2,control_random_forest,random_forest
CH0119,justin bieber,1,0,0.45487354116471757,uncalibrated_class_1_probability,2,control_random_forest,random_forest
CH0120,justin bieber,1,0,0.4381914030414031,uncalibrated_class_1_probability,2,control_random_forest,random_forest
CH0128,justin bieber,1,1,0.5281298733945793,uncalibrated_class_1_probability,2,control_random_forest,random_forest
CH0141,taylor swift,1,1,0.6480904340757281,uncalibrated_class_1_probability,2,control_random_forest,random_forest
CH0149,taylor swift,1,1,0.5730455400808342,uncalibrated_class_1_probability,2,control_random_forest,random_forest
CH0151,taylor swift,1,0,0.4854308635808636,uncalibrated_class_1_probability,2,control_random_forest,random_forest
CH0155,taylor swift,1,1,0.5719872010342599,uncalibrated_class_1_probability,2,control_random_forest,random_forest
CH0181,bruno mars,1,0,0.31242918192918206,uncalibrated_class_1_probability,2,control_random_forest,random_forest
CH0182,bruno mars,1,0,0.3984790581967054,uncalibrated_class_1_probability,2,control_random_forest,random_forest
CH0183,taylor swift,1,1,0.5102802984597102,uncalibrated_class_1_probability,2,control_random_forest,random_forest
CH0196,taylor swift,1,1,0.5738976618153089,uncalibrated_class_1_probability,2,control_random_forest,random_forest
CH0207,bruno mars,1,0,0.41474044101753077,uncalibrated_class_1_probability,2,control_random_forest,random_forest
CH0208,justin bieber,1,0,0.483782178777535,uncalibrated_class_1_probability,2,control_random_forest,random_forest
CH0210,taylor swift,1,1,0.604479503829504,uncalibrated_class_1_probability,2,control_random_forest,random_forest
CH0219,usher,1,0,0.40362696812990934,uncalibrated_class_1_probability,2,control_random_forest,random_forest
CH0224,bruno mars,1,1,0.6827369574869576,uncalibrated_class_1_probability,2,control_random_forest,random_forest
CH0228,bruno mars,1,1,0.6430581340228397,uncalibrated_class_1_probability,2,control_random_forest,random_forest
CH0233,bruno mars,1,0,0.49600072933602307,uncalibrated_class_1_probability,2,control_random_forest,random_forest
CH0243,usher,1,0,0.4885340332869744,uncalibrated_class_1_probability,2,control_random_forest,random_forest
CH0246,taylor swift,1,1,0.6229625802302275,uncalibrated_class_1_probability,2,control_random_forest,random_forest
CH0259,taylor swift,1,0,0.37047838501367913,uncalibrated_class_1_probability,2,control_random_forest,random_forest
CH0260,taylor swift,1,1,0.6356007502301619,uncalibrated_class_1_probability,2,control_random_forest,random_forest
CH0269,usher,1,0,0.4451203428150794,uncalibrated_class_1_probability,2,control_random_forest,random_forest
CH0270,taylor swift,1,1,0.5578359418359419,uncalibrated_class_1_probability,2,control_random_forest,random_forest
CH0273,daughtry,1,0,0.41425832109067395,uncalibrated_class_1_probability,2,control_random_forest,random_forest
CH0276,taylor swift,1,1,0.5003208180708179,uncalibrated_class_1_probability,2,control_random_forest,random_forest
CH0292,nickelback,1,0,0.4787063436563436,uncalibrated_class_1_probability,2,control_random_forest,random_forest
CH0297,daughtry,1,0,0.38108963258963274,uncalibrated_class_1_probability,2,control_random_forest,random_forest
CH0298,nickelback,1,1,0.6250800976800979,uncalibrated_class_1_probability,2,control_random_forest,random_forest
CH0300,taylor swift,1,0,0.3727879587732531,uncalibrated_class_1_probability,2,control_random_forest,random_forest
CH0303,justin bieber,1,0,0.4350814851814852,uncalibrated_class_1_probability,2,control_random_forest,random_forest
CH0315,taylor swift,1,0,0.41134824064824044,uncalibrated_class_1_probability,2,control_random_forest,random_forest
CH0318,taylor swift,1,0,0.43436363864893296,uncalibrated_class_1_probability,2,control_random_forest,random_forest
CH0324,daughtry,1,1,0.5711757076257075,uncalibrated_class_1_probability,2,control_random_forest,random_forest
CH0330,daughtry,1,1,0.630111930879578,uncalibrated_class_1_probability,2,control_random_forest,random_forest
CH0334,daughtry,1,0,0.4972295260295261,uncalibrated_class_1_probability,2,control_random_forest,random_forest
CH0337,nickelback,1,0,0.3177079642579644,uncalibrated_class_1_probability,2,control_random_forest,random_forest
CH0339,nickelback,1,0,0.3887072816072818,uncalibrated_class_1_probability,2,control_random_forest,random_forest
CH0346,nickelback,1,0,0.4231716593863653,uncalibrated_class_1_probability,2,control_random_forest,random_forest
CH0348,sean paul,1,0,0.4261859748095041,uncalibrated_class_1_probability,2,control_random_forest,random_forest
CH0358,nickelback,1,0,0.40998667998667987,uncalibrated_class_1_probability,2,control_random_forest,random_forest
CH0362,sean paul,1,0,0.42419250259544367,uncalibrated_class_1_probability,2,control_random_forest,random_forest
CH0368,taylor swift,0,0,0.4254431574960986,uncalibrated_class_1_probability,2,control_random_forest,random_forest
CH0375,justin bieber,0,0,0.44621769644184495,uncalibrated_class_1_probability,2,control_random_forest,random_forest
CH0385,taylor swift,0,1,0.5796631146631146,uncalibrated_class_1_probability,2,control_random_forest,random_forest
CH0388,taylor swift,0,1,0.5191477555124613,uncalibrated_class_1_probability,2,control_random_forest,random_forest
CH0396,olivia rodrigo,0,0,0.437232630767925,uncalibrated_class_1_probability,2,control_random_forest,random_forest
CH0397,olivia rodrigo,0,1,0.5124262237762237,uncalibrated_class_1_probability,2,control_random_forest,random_forest
CH0400,olivia rodrigo,0,1,0.5005167933373817,uncalibrated_class_1_probability,2,control_random_forest,random_forest
CH0401,justin bieber,0,0,0.43907025490849017,uncalibrated_class_1_probability,2,control_random_forest,random_forest
CH0403,justin bieber,0,0,0.4415799422799424,uncalibrated_class_1_probability,2,control_random_forest,random_forest
CH0405,justin bieber,0,1,0.5182692626087361,uncalibrated_class_1_probability,2,control_random_forest,random_forest
CH0410,justin bieber,0,0,0.4011326562326564,uncalibrated_class_1_probability,2,control_random_forest,random_forest
CH0412,taylor swift,0,0,0.3579177557736383,uncalibrated_class_1_probability,2,control_random_forest,random_forest
CH0414,taylor swift,0,0,0.41652043986285464,uncalibrated_class_1_probability,2,control_random_forest,random_forest
CH0455,taylor swift,0,0,0.4943285936285935,uncalibrated_class_1_probability,2,control_random_forest,random_forest
CH0463,taylor swift,0,0,0.44899609540786,uncalibrated_class_1_probability,2,control_random_forest,random_forest
CH0497,taylor swift,0,0,0.4408190365190363,uncalibrated_class_1_probability,2,control_random_forest,random_forest
CH0501,taylor swift,0,1,0.5348152252975781,uncalibrated_class_1_probability,2,control_random_forest,random_forest
CH0503,taylor swift,0,0,0.40337703179173773,uncalibrated_class_1_probability,2,control_random_forest,random_forest
CH0506,bruno mars,0,0,0.37433970016911206,uncalibrated_class_1_probability,2,control_random_forest,random_forest
CH0534,taylor swift,0,1,0.5790850828909653,uncalibrated_class_1_probability,2,control_random_forest,random_forest
CH0536,justin bieber,0,1,0.6042897102897107,uncalibrated_class_1_probability,2,control_random_forest,random_forest
CH0541,justin bieber,0,0,0.40127984792984805,uncalibrated_class_1_probability,2,control_random_forest,random_forest
CH0546,justin bieber,0,0,0.3665117771117773,uncalibrated_class_1_probability,2,control_random_forest,random_forest
CH0547,justin bieber,0,0,0.4181390168654874,uncalibrated_class_1_probability,2,control_random_forest,random_forest
CH0548,justin bieber,0,0,0.38350880981763336,uncalibrated_class_1_probability,2,control_random_forest,random_forest
CH0549,justin bieber,0,1,0.6294063769563771,uncalibrated_class_1_probability,2,control_random_forest,random_forest
CH0551,justin bieber,0,1,0.5213124875124873,uncalibrated_class_1_probability,2,control_random_forest,random_forest
CH0554,justin bieber,0,1,0.5033935930082988,uncalibrated_class_1_probability,2,control_random_forest,random_forest
CH0558,justin bieber,0,0,0.37503006993007,uncalibrated_class_1_probability,2,control_random_forest,random_forest
CH0584,usher,0,1,0.5100060106560107,uncalibrated_class_1_probability,2,control_random_forest,random_forest
CH0585,bruno mars,0,0,0.4746161018719843,uncalibrated_class_1_probability,2,control_random_forest,random_forest
CH0593,justin bieber,0,0,0.46468789380554104,uncalibrated_class_1_probability,2,control_random_forest,random_forest
CH0598,daughtry,0,0,0.44736742701742693,uncalibrated_class_1_probability,2,control_random_forest,random_forest
CH0603,bruno mars,0,0,0.38533307803307787,uncalibrated_class_1_probability,2,control_random_forest,random_forest
CH0624,taylor swift,0,0,0.39907967816497214,uncalibrated_class_1_probability,2,control_random_forest,random_forest
CH0629,taylor swift,0,0,0.4830161116661115,uncalibrated_class_1_probability,2,control_random_forest,random_forest
CH0630,taylor swift,0,0,0.4254645132645134,uncalibrated_class_1_probability,2,control_random_forest,random_forest
CH0633,justin bieber,0,1,0.5912719452202421,uncalibrated_class_1_probability,2,control_random_forest,random_forest
CH0635,nickelback,0,1,0.6430387279387282,uncalibrated_class_1_probability,2,control_random_forest,random_forest
CH0640,taylor swift,0,0,0.40192827727827735,uncalibrated_class_1_probability,2,control_random_forest,random_forest
CH0641,taylor swift,0,0,0.4324527861027863,uncalibrated_class_1_probability,2,control_random_forest,random_forest
CH0646,taylor swift,0,0,0.479796106834342,uncalibrated_class_1_probability,2,control_random_forest,random_forest
CH0651,taylor swift,0,1,0.5244545803869336,uncalibrated_class_1_probability,2,control_random_forest,random_forest
CH0658,daughtry,0,1,0.5515700410700413,uncalibrated_class_1_probability,2,control_random_forest,random_forest
CH0662,nickelback,0,0,0.4746821495497964,uncalibrated_class_1_probability,2,control_random_forest,random_forest
CH0666,justin bieber,0,1,0.5765901941196059,uncalibrated_class_1_probability,2,control_random_forest,random_forest
CH0670,taylor swift,0,1,0.5158658674658673,uncalibrated_class_1_probability,2,control_random_forest,random_forest
CH0672,taylor swift,0,0,0.4381563319033907,uncalibrated_class_1_probability,2,control_random_forest,random_forest
CH0676,justin bieber,0,0,0.49531089875037265,uncalibrated_class_1_probability,2,control_random_forest,random_forest
CH0677,usher,0,0,0.4597318560524443,uncalibrated_class_1_probability,2,control_random_forest,random_forest
CH0678,nickelback,0,0,0.30951195471195486,uncalibrated_class_1_probability,2,control_random_forest,random_forest
CH0683,justin bieber,0,1,0.513647791097791,uncalibrated_class_1_probability,2,control_random_forest,random_forest
CH0685,justin bieber,0,1,0.5890049251402194,uncalibrated_class_1_probability,2,control_random_forest,random_forest
CH0688,sean paul,0,0,0.49290693202566255,uncalibrated_class_1_probability,2,control_random_forest,random_forest
CH0690,daughtry,0,0,0.4099880674880672,uncalibrated_class_1_probability,2,control_random_forest,random_forest
CH0697,taylor swift,0,1,0.5828600732600729,uncalibrated_class_1_probability,2,control_random_forest,random_forest
CH0699,usher,0,1,0.5133756110590476,uncalibrated_class_1_probability,2,control_random_forest,random_forest
CH0703,daughtry,0,0,0.4511543290043291,uncalibrated_class_1_probability,2,control_random_forest,random_forest
CH0704,nickelback,0,0,0.38412084908555505,uncalibrated_class_1_probability,2,control_random_forest,random_forest
CH0707,taylor swift,0,0,0.43814324009324,uncalibrated_class_1_probability,2,control_random_forest,random_forest
CH0711,usher,0,1,0.6031359751359752,uncalibrated_class_1_probability,2,control_random_forest,random_forest
CH0715,taylor swift,0,0,0.46963298466239634,uncalibrated_class_1_probability,2,control_random_forest,random_forest
CH0719,daughtry,0,1,0.5003804306804306,uncalibrated_class_1_probability,2,control_random_forest,random_forest
CH0740,taylor swift,0,0,0.35244898989899004,uncalibrated_class_1_probability,2,control_random_forest,random_forest
CH0002,olivia rodrigo,1,1,0.5148055905639126,uncalibrated_class_1_probability,2,extra_leaf5,extra_trees
CH0003,olivia rodrigo,1,0,0.34246342608581976,uncalibrated_class_1_probability,2,extra_leaf5,extra_trees
CH0006,olivia rodrigo,1,1,0.513424574882669,uncalibrated_class_1_probability,2,extra_leaf5,extra_trees
CH0013,olivia rodrigo,1,0,0.3624891671563382,uncalibrated_class_1_probability,2,extra_leaf5,extra_trees
CH0016,taylor swift,1,1,0.5628408322805322,uncalibrated_class_1_probability,2,extra_leaf5,extra_trees
CH0020,justin bieber,1,0,0.45875751520538727,uncalibrated_class_1_probability,2,extra_leaf5,extra_trees
CH0037,justin bieber,1,0,0.39605918282940483,uncalibrated_class_1_probability,2,extra_leaf5,extra_trees
CH0060,taylor swift,1,1,0.535375508445357,uncalibrated_class_1_probability,2,extra_leaf5,extra_trees
CH0079,taylor swift,1,1,0.5577862654094004,uncalibrated_class_1_probability,2,extra_leaf5,extra_trees
CH0098,bruno mars,1,0,0.4605158667355888,uncalibrated_class_1_probability,2,extra_leaf5,extra_trees
CH0101,bruno mars,1,1,0.5175779641194744,uncalibrated_class_1_probability,2,extra_leaf5,extra_trees
CH0105,taylor swift,1,1,0.5427010609549527,uncalibrated_class_1_probability,2,extra_leaf5,extra_trees
CH0107,the chainsmokers,1,0,0.4589299150262262,uncalibrated_class_1_probability,2,extra_leaf5,extra_trees
CH0119,justin bieber,1,0,0.4773603078966089,uncalibrated_class_1_probability,2,extra_leaf5,extra_trees
CH0120,justin bieber,1,0,0.4298599799032919,uncalibrated_class_1_probability,2,extra_leaf5,extra_trees
CH0128,justin bieber,1,1,0.5097013732685383,uncalibrated_class_1_probability,2,extra_leaf5,extra_trees
CH0141,taylor swift,1,1,0.6536328303834047,uncalibrated_class_1_probability,2,extra_leaf5,extra_trees
CH0149,taylor swift,1,1,0.5525281571768945,uncalibrated_class_1_probability,2,extra_leaf5,extra_trees
CH0151,taylor swift,1,1,0.506932231439041,uncalibrated_class_1_probability,2,extra_leaf5,extra_trees
CH0155,taylor swift,1,1,0.6000468289226615,uncalibrated_class_1_probability,2,extra_leaf5,extra_trees
CH0181,bruno mars,1,0,0.31444580439287784,uncalibrated_class_1_probability,2,extra_leaf5,extra_trees
CH0182,bruno mars,1,0,0.3534977643224292,uncalibrated_class_1_probability,2,extra_leaf5,extra_trees
CH0183,taylor swift,1,1,0.5456927798910755,uncalibrated_class_1_probability,2,extra_leaf5,extra_trees
CH0196,taylor swift,1,1,0.5553480670610228,uncalibrated_class_1_probability,2,extra_leaf5,extra_trees
CH0207,bruno mars,1,0,0.34349495506697375,uncalibrated_class_1_probability,2,extra_leaf5,extra_trees
CH0208,justin bieber,1,0,0.4905100705490926,uncalibrated_class_1_probability,2,extra_leaf5,extra_trees
CH0210,taylor swift,1,1,0.6407798755564994,uncalibrated_class_1_probability,2,extra_leaf5,extra_trees
CH0219,usher,1,0,0.32845464865347396,uncalibrated_class_1_probability,2,extra_leaf5,extra_trees
CH0224,bruno mars,1,1,0.6623895484275855,uncalibrated_class_1_probability,2,extra_leaf5,extra_trees
CH0228,bruno mars,1,1,0.6440934099019049,uncalibrated_class_1_probability,2,extra_leaf5,extra_trees
CH0233,bruno mars,1,1,0.5305654779094575,uncalibrated_class_1_probability,2,extra_leaf5,extra_trees
CH0243,usher,1,1,0.5060025705411612,uncalibrated_class_1_probability,2,extra_leaf5,extra_trees
CH0246,taylor swift,1,1,0.5357454107269971,uncalibrated_class_1_probability,2,extra_leaf5,extra_trees
CH0259,taylor swift,1,0,0.3743614781713721,uncalibrated_class_1_probability,2,extra_leaf5,extra_trees
CH0260,taylor swift,1,1,0.5990252250993678,uncalibrated_class_1_probability,2,extra_leaf5,extra_trees
CH0269,usher,1,0,0.4354368752157253,uncalibrated_class_1_probability,2,extra_leaf5,extra_trees
CH0270,taylor swift,1,1,0.5379569654567269,uncalibrated_class_1_probability,2,extra_leaf5,extra_trees
CH0273,daughtry,1,0,0.48263357868540924,uncalibrated_class_1_probability,2,extra_leaf5,extra_trees
CH0276,taylor swift,1,1,0.5067390638161426,uncalibrated_class_1_probability,2,extra_leaf5,extra_trees
CH0292,nickelback,1,0,0.4876718332302513,uncalibrated_class_1_probability,2,extra_leaf5,extra_trees
CH0297,daughtry,1,0,0.4538716199179735,uncalibrated_class_1_probability,2,extra_leaf5,extra_trees
CH0298,nickelback,1,1,0.62727955965418,uncalibrated_class_1_probability,2,extra_leaf5,extra_trees
CH0300,taylor swift,1,0,0.43601805767997553,uncalibrated_class_1_probability,2,extra_leaf5,extra_trees
CH0303,justin bieber,1,0,0.4196898237093224,uncalibrated_class_1_probability,2,extra_leaf5,extra_trees
CH0315,taylor swift,1,0,0.42379198264586493,uncalibrated_class_1_probability,2,extra_leaf5,extra_trees
CH0318,taylor swift,1,0,0.428581739953757,uncalibrated_class_1_probability,2,extra_leaf5,extra_trees
CH0324,daughtry,1,1,0.5182551279337049,uncalibrated_class_1_probability,2,extra_leaf5,extra_trees
CH0330,daughtry,1,1,0.6207132973893331,uncalibrated_class_1_probability,2,extra_leaf5,extra_trees
CH0334,daughtry,1,1,0.5221349839745738,uncalibrated_class_1_probability,2,extra_leaf5,extra_trees
CH0337,nickelback,1,0,0.3948414428950413,uncalibrated_class_1_probability,2,extra_leaf5,extra_trees
CH0339,nickelback,1,0,0.4330467140523099,uncalibrated_class_1_probability,2,extra_leaf5,extra_trees
CH0346,nickelback,1,0,0.4479151151085602,uncalibrated_class_1_probability,2,extra_leaf5,extra_trees
CH0348,sean paul,1,0,0.43791252699408906,uncalibrated_class_1_probability,2,extra_leaf5,extra_trees
CH0358,nickelback,1,0,0.4549643337782662,uncalibrated_class_1_probability,2,extra_leaf5,extra_trees
CH0362,sean paul,1,0,0.43476724017756596,uncalibrated_class_1_probability,2,extra_leaf5,extra_trees
CH0368,taylor swift,0,0,0.4542475666434681,uncalibrated_class_1_probability,2,extra_leaf5,extra_trees
CH0375,justin bieber,0,0,0.46916344496112583,uncalibrated_class_1_probability,2,extra_leaf5,extra_trees
CH0385,taylor swift,0,1,0.5571781016075131,uncalibrated_class_1_probability,2,extra_leaf5,extra_trees
CH0388,taylor swift,0,0,0.49110973418553816,uncalibrated_class_1_probability,2,extra_leaf5,extra_trees
CH0396,olivia rodrigo,0,0,0.4512959402560274,uncalibrated_class_1_probability,2,extra_leaf5,extra_trees
CH0397,olivia rodrigo,0,0,0.4679651127334628,uncalibrated_class_1_probability,2,extra_leaf5,extra_trees
CH0400,olivia rodrigo,0,1,0.5049824101570962,uncalibrated_class_1_probability,2,extra_leaf5,extra_trees
CH0401,justin bieber,0,0,0.4201727896575457,uncalibrated_class_1_probability,2,extra_leaf5,extra_trees
CH0403,justin bieber,0,0,0.4973258341605323,uncalibrated_class_1_probability,2,extra_leaf5,extra_trees
CH0405,justin bieber,0,0,0.4742742630917483,uncalibrated_class_1_probability,2,extra_leaf5,extra_trees
CH0410,justin bieber,0,0,0.37481656012668774,uncalibrated_class_1_probability,2,extra_leaf5,extra_trees
CH0412,taylor swift,0,0,0.3502745581096579,uncalibrated_class_1_probability,2,extra_leaf5,extra_trees
CH0414,taylor swift,0,0,0.432735343022573,uncalibrated_class_1_probability,2,extra_leaf5,extra_trees
CH0455,taylor swift,0,0,0.4917907895680316,uncalibrated_class_1_probability,2,extra_leaf5,extra_trees
CH0463,taylor swift,0,1,0.5175287410610734,uncalibrated_class_1_probability,2,extra_leaf5,extra_trees
CH0497,taylor swift,0,0,0.4093471482680792,uncalibrated_class_1_probability,2,extra_leaf5,extra_trees
CH0501,taylor swift,0,1,0.5032564253849757,uncalibrated_class_1_probability,2,extra_leaf5,extra_trees
CH0503,taylor swift,0,0,0.44638891470619135,uncalibrated_class_1_probability,2,extra_leaf5,extra_trees
CH0506,bruno mars,0,0,0.40357271268879813,uncalibrated_class_1_probability,2,extra_leaf5,extra_trees
CH0534,taylor swift,0,1,0.6170818813260028,uncalibrated_class_1_probability,2,extra_leaf5,extra_trees
CH0536,justin bieber,0,1,0.5979301388190452,uncalibrated_class_1_probability,2,extra_leaf5,extra_trees
CH0541,justin bieber,0,0,0.4012630667525419,uncalibrated_class_1_probability,2,extra_leaf5,extra_trees
CH0546,justin bieber,0,0,0.3429119102407204,uncalibrated_class_1_probability,2,extra_leaf5,extra_trees
CH0547,justin bieber,0,0,0.34802938780610254,uncalibrated_class_1_probability,2,extra_leaf5,extra_trees
CH0548,justin bieber,0,0,0.36022361492761823,uncalibrated_class_1_probability,2,extra_leaf5,extra_trees
CH0549,justin bieber,0,1,0.6259502803116249,uncalibrated_class_1_probability,2,extra_leaf5,extra_trees
CH0551,justin bieber,0,0,0.4975179778852949,uncalibrated_class_1_probability,2,extra_leaf5,extra_trees
CH0554,justin bieber,0,1,0.5306655109165447,uncalibrated_class_1_probability,2,extra_leaf5,extra_trees
CH0558,justin bieber,0,0,0.3728705141336809,uncalibrated_class_1_probability,2,extra_leaf5,extra_trees
CH0584,usher,0,1,0.5141012227134716,uncalibrated_class_1_probability,2,extra_leaf5,extra_trees
CH0585,bruno mars,0,0,0.44227542582750357,uncalibrated_class_1_probability,2,extra_leaf5,extra_trees
CH0593,justin bieber,0,0,0.49358810572590744,uncalibrated_class_1_probability,2,extra_leaf5,extra_trees
CH0598,daughtry,0,0,0.49522562230374234,uncalibrated_class_1_probability,2,extra_leaf5,extra_trees
CH0603,bruno mars,0,0,0.38955063133847634,uncalibrated_class_1_probability,2,extra_leaf5,extra_trees
CH0624,taylor swift,0,0,0.4044671805711096,uncalibrated_class_1_probability,2,extra_leaf5,extra_trees
CH0629,taylor swift,0,0,0.49062495360461633,uncalibrated_class_1_probability,2,extra_leaf5,extra_trees
CH0630,taylor swift,0,0,0.4705394475504201,uncalibrated_class_1_probability,2,extra_leaf5,extra_trees
CH0633,justin bieber,0,0,0.48699004355523756,uncalibrated_class_1_probability,2,extra_leaf5,extra_trees
CH0635,nickelback,0,1,0.6630924242538252,uncalibrated_class_1_probability,2,extra_leaf5,extra_trees
CH0640,taylor swift,0,0,0.4341357920279029,uncalibrated_class_1_probability,2,extra_leaf5,extra_trees
CH0641,taylor swift,0,0,0.47137277021441354,uncalibrated_class_1_probability,2,extra_leaf5,extra_trees
CH0646,taylor swift,0,0,0.4950770812763325,uncalibrated_class_1_probability,2,extra_leaf5,extra_trees
CH0651,taylor swift,0,1,0.5041928815668485,uncalibrated_class_1_probability,2,extra_leaf5,extra_trees
CH0658,daughtry,0,1,0.557809480934393,uncalibrated_class_1_probability,2,extra_leaf5,extra_trees
CH0662,nickelback,0,1,0.5296059580162532,uncalibrated_class_1_probability,2,extra_leaf5,extra_trees
CH0666,justin bieber,0,1,0.5593197303247271,uncalibrated_class_1_probability,2,extra_leaf5,extra_trees
CH0670,taylor swift,0,1,0.5712482461077375,uncalibrated_class_1_probability,2,extra_leaf5,extra_trees
CH0672,taylor swift,0,0,0.4737951030735018,uncalibrated_class_1_probability,2,extra_leaf5,extra_trees
CH0676,justin bieber,0,0,0.4839564351186096,uncalibrated_class_1_probability,2,extra_leaf5,extra_trees
CH0677,usher,0,0,0.4654440124006081,uncalibrated_class_1_probability,2,extra_leaf5,extra_trees
CH0678,nickelback,0,0,0.31629294348952414,uncalibrated_class_1_probability,2,extra_leaf5,extra_trees
CH0683,justin bieber,0,1,0.5324520846235056,uncalibrated_class_1_probability,2,extra_leaf5,extra_trees
CH0685,justin bieber,0,1,0.5472061954961062,uncalibrated_class_1_probability,2,extra_leaf5,extra_trees
CH0688,sean paul,0,1,0.5417311200978918,uncalibrated_class_1_probability,2,extra_leaf5,extra_trees
CH0690,daughtry,0,0,0.45386219940310396,uncalibrated_class_1_probability,2,extra_leaf5,extra_trees
CH0697,taylor swift,0,1,0.5270189630244959,uncalibrated_class_1_probability,2,extra_leaf5,extra_trees
CH0699,usher,0,0,0.46849497763185044,uncalibrated_class_1_probability,2,extra_leaf5,extra_trees
CH0703,daughtry,0,0,0.45715794149066674,uncalibrated_class_1_probability,2,extra_leaf5,extra_trees
CH0704,nickelback,0,0,0.43983478659367514,uncalibrated_class_1_probability,2,extra_leaf5,extra_trees
CH0707,taylor swift,0,0,0.3980837002750063,uncalibrated_class_1_probability,2,extra_leaf5,extra_trees
CH0711,usher,0,1,0.6115733497778509,uncalibrated_class_1_probability,2,extra_leaf5,extra_trees
CH0715,taylor swift,0,1,0.5283318034831656,uncalibrated_class_1_probability,2,extra_leaf5,extra_trees
CH0719,daughtry,0,1,0.5750909429983085,uncalibrated_class_1_probability,2,extra_leaf5,extra_trees
CH0740,taylor swift,0,0,0.4181656302614103,uncalibrated_class_1_probability,2,extra_leaf5,extra_trees
CH0002,olivia rodrigo,1,1,0.8695582709954356,uncalibrated_class_1_probability,2,mlp_pca30,mlp
CH0003,olivia rodrigo,1,0,0.1501783655963879,uncalibrated_class_1_probability,2,mlp_pca30,mlp
CH0006,olivia rodrigo,1,1,0.6041643969337963,uncalibrated_class_1_probability,2,mlp_pca30,mlp
CH0013,olivia rodrigo,1,1,0.5844900804322363,uncalibrated_class_1_probability,2,mlp_pca30,mlp
CH0016,taylor swift,1,0,0.3288875001692981,uncalibrated_class_1_probability,2,mlp_pca30,mlp
CH0020,justin bieber,1,0,0.39276238047225337,uncalibrated_class_1_probability,2,mlp_pca30,mlp
CH0037,justin bieber,1,0,0.12811774848990012,uncalibrated_class_1_probability,2,mlp_pca30,mlp
CH0060,taylor swift,1,1,0.912671611972139,uncalibrated_class_1_probability,2,mlp_pca30,mlp
CH0079,taylor swift,1,0,0.42051819018582687,uncalibrated_class_1_probability,2,mlp_pca30,mlp
CH0098,bruno mars,1,1,0.5743907524709565,uncalibrated_class_1_probability,2,mlp_pca30,mlp
CH0101,bruno mars,1,0,0.3509953445827028,uncalibrated_class_1_probability,2,mlp_pca30,mlp
CH0105,taylor swift,1,1,0.8849551589537809,uncalibrated_class_1_probability,2,mlp_pca30,mlp
CH0107,the chainsmokers,1,0,0.33606197630637163,uncalibrated_class_1_probability,2,mlp_pca30,mlp
CH0119,justin bieber,1,0,0.4346842426091459,uncalibrated_class_1_probability,2,mlp_pca30,mlp
CH0120,justin bieber,1,0,0.4218588747736466,uncalibrated_class_1_probability,2,mlp_pca30,mlp
CH0128,justin bieber,1,0,0.33248629739749447,uncalibrated_class_1_probability,2,mlp_pca30,mlp
CH0141,taylor swift,1,1,0.6969893181093537,uncalibrated_class_1_probability,2,mlp_pca30,mlp
CH0149,taylor swift,1,1,0.7103109557198602,uncalibrated_class_1_probability,2,mlp_pca30,mlp
CH0151,taylor swift,1,0,0.2596704822670391,uncalibrated_class_1_probability,2,mlp_pca30,mlp
CH0155,taylor swift,1,0,0.41557072651938554,uncalibrated_class_1_probability,2,mlp_pca30,mlp
CH0181,bruno mars,1,0,0.0341619471849252,uncalibrated_class_1_probability,2,mlp_pca30,mlp
CH0182,bruno mars,1,0,0.2691364844556157,uncalibrated_class_1_probability,2,mlp_pca30,mlp
CH0183,taylor swift,1,1,0.8135188326358789,uncalibrated_class_1_probability,2,mlp_pca30,mlp
CH0196,taylor swift,1,0,0.36137878014788677,uncalibrated_class_1_probability,2,mlp_pca30,mlp
CH0207,bruno mars,1,0,0.1736505937845525,uncalibrated_class_1_probability,2,mlp_pca30,mlp
CH0208,justin bieber,1,1,0.8932269242763212,uncalibrated_class_1_probability,2,mlp_pca30,mlp
CH0210,taylor swift,1,1,0.7744973059145229,uncalibrated_class_1_probability,2,mlp_pca30,mlp
CH0219,usher,1,0,0.31449425657090646,uncalibrated_class_1_probability,2,mlp_pca30,mlp
CH0224,bruno mars,1,1,0.7994680438935318,uncalibrated_class_1_probability,2,mlp_pca30,mlp
CH0228,bruno mars,1,1,0.9441261054833511,uncalibrated_class_1_probability,2,mlp_pca30,mlp
CH0233,bruno mars,1,1,0.6870887783453026,uncalibrated_class_1_probability,2,mlp_pca30,mlp
CH0243,usher,1,1,0.8707357590240966,uncalibrated_class_1_probability,2,mlp_pca30,mlp
CH0246,taylor swift,1,1,0.7949424601842084,uncalibrated_class_1_probability,2,mlp_pca30,mlp
CH0259,taylor swift,1,0,0.23392223692843864,uncalibrated_class_1_probability,2,mlp_pca30,mlp
CH0260,taylor swift,1,1,0.91439771790649,uncalibrated_class_1_probability,2,mlp_pca30,mlp
CH0269,usher,1,1,0.717879177396751,uncalibrated_class_1_probability,2,mlp_pca30,mlp
CH0270,taylor swift,1,1,0.5285700527252984,uncalibrated_class_1_probability,2,mlp_pca30,mlp
CH0273,daughtry,1,1,0.6874666206949758,uncalibrated_class_1_probability,2,mlp_pca30,mlp
CH0276,taylor swift,1,1,0.5223792757780366,uncalibrated_class_1_probability,2,mlp_pca30,mlp
CH0292,nickelback,1,1,0.5485555326262367,uncalibrated_class_1_probability,2,mlp_pca30,mlp
CH0297,daughtry,1,0,0.16450210936414028,uncalibrated_class_1_probability,2,mlp_pca30,mlp
CH0298,nickelback,1,1,0.880503348774626,uncalibrated_class_1_probability,2,mlp_pca30,mlp
CH0300,taylor swift,1,1,0.7347079041417667,uncalibrated_class_1_probability,2,mlp_pca30,mlp
CH0303,justin bieber,1,0,0.3394594001727905,uncalibrated_class_1_probability,2,mlp_pca30,mlp
CH0315,taylor swift,1,1,0.5046653937751778,uncalibrated_class_1_probability,2,mlp_pca30,mlp
CH0318,taylor swift,1,0,0.21681743326274805,uncalibrated_class_1_probability,2,mlp_pca30,mlp
CH0324,daughtry,1,1,0.5836531339482327,uncalibrated_class_1_probability,2,mlp_pca30,mlp
CH0330,daughtry,1,1,0.8265102046947643,uncalibrated_class_1_probability,2,mlp_pca30,mlp
CH0334,daughtry,1,1,0.5385826557478393,uncalibrated_class_1_probability,2,mlp_pca30,mlp
CH0337,nickelback,1,0,0.09777348552873283,uncalibrated_class_1_probability,2,mlp_pca30,mlp
CH0339,nickelback,1,0,0.2202482477925387,uncalibrated_class_1_probability,2,mlp_pca30,mlp
CH0346,nickelback,1,0,0.13516228180212564,uncalibrated_class_1_probability,2,mlp_pca30,mlp
CH0348,sean paul,1,0,0.2675468342366934,uncalibrated_class_1_probability,2,mlp_pca30,mlp
CH0358,nickelback,1,0,0.24841201149921402,uncalibrated_class_1_probability,2,mlp_pca30,mlp
CH0362,sean paul,1,1,0.5929403034659726,uncalibrated_class_1_probability,2,mlp_pca30,mlp
CH0368,taylor swift,0,1,0.6411999783389761,uncalibrated_class_1_probability,2,mlp_pca30,mlp
CH0375,justin bieber,0,1,0.7636638996061264,uncalibrated_class_1_probability,2,mlp_pca30,mlp
CH0385,taylor swift,0,0,0.2280689680843399,uncalibrated_class_1_probability,2,mlp_pca30,mlp
CH0388,taylor swift,0,0,0.32957538363789995,uncalibrated_class_1_probability,2,mlp_pca30,mlp
CH0396,olivia rodrigo,0,1,0.7855626408285858,uncalibrated_class_1_probability,2,mlp_pca30,mlp
CH0397,olivia rodrigo,0,0,0.4551640098927263,uncalibrated_class_1_probability,2,mlp_pca30,mlp
CH0400,olivia rodrigo,0,0,0.16767007651875543,uncalibrated_class_1_probability,2,mlp_pca30,mlp
CH0401,justin bieber,0,0,0.363182652094802,uncalibrated_class_1_probability,2,mlp_pca30,mlp
CH0403,justin bieber,0,0,0.290739811261696,uncalibrated_class_1_probability,2,mlp_pca30,mlp
CH0405,justin bieber,0,0,0.13408683530186072,uncalibrated_class_1_probability,2,mlp_pca30,mlp
CH0410,justin bieber,0,0,0.2656615665946427,uncalibrated_class_1_probability,2,mlp_pca30,mlp
CH0412,taylor swift,0,0,0.13957129261110476,uncalibrated_class_1_probability,2,mlp_pca30,mlp
CH0414,taylor swift,0,0,0.34544201522606954,uncalibrated_class_1_probability,2,mlp_pca30,mlp
CH0455,taylor swift,0,0,0.47235428334053314,uncalibrated_class_1_probability,2,mlp_pca30,mlp
CH0463,taylor swift,0,0,0.10623400876332696,uncalibrated_class_1_probability,2,mlp_pca30,mlp
CH0497,taylor swift,0,0,0.2897773519866079,uncalibrated_class_1_probability,2,mlp_pca30,mlp
CH0501,taylor swift,0,0,0.36857075880596546,uncalibrated_class_1_probability,2,mlp_pca30,mlp
CH0503,taylor swift,0,0,0.15817900524966697,uncalibrated_class_1_probability,2,mlp_pca30,mlp
CH0506,bruno mars,0,0,0.22006878046311906,uncalibrated_class_1_probability,2,mlp_pca30,mlp
CH0534,taylor swift,0,1,0.8309885755475684,uncalibrated_class_1_probability,2,mlp_pca30,mlp
CH0536,justin bieber,0,1,0.7823064304150502,uncalibrated_class_1_probability,2,mlp_pca30,mlp
CH0541,justin bieber,0,1,0.7023529305741842,uncalibrated_class_1_probability,2,mlp_pca30,mlp
CH0546,justin bieber,0,0,0.3253406319858416,uncalibrated_class_1_probability,2,mlp_pca30,mlp
CH0547,justin bieber,0,0,0.37557466720743354,uncalibrated_class_1_probability,2,mlp_pca30,mlp
CH0548,justin bieber,0,0,0.11428923890173531,uncalibrated_class_1_probability,2,mlp_pca30,mlp
CH0549,justin bieber,0,1,0.7471985597467027,uncalibrated_class_1_probability,2,mlp_pca30,mlp
CH0551,justin bieber,0,0,0.3731540965686677,uncalibrated_class_1_probability,2,mlp_pca30,mlp
CH0554,justin bieber,0,1,0.6879823713458867,uncalibrated_class_1_probability,2,mlp_pca30,mlp
CH0558,justin bieber,0,0,0.11317041068030945,uncalibrated_class_1_probability,2,mlp_pca30,mlp
CH0584,usher,0,0,0.38545538887011577,uncalibrated_class_1_probability,2,mlp_pca30,mlp
CH0585,bruno mars,0,0,0.27091232409413213,uncalibrated_class_1_probability,2,mlp_pca30,mlp
CH0593,justin bieber,0,1,0.6345775415251516,uncalibrated_class_1_probability,2,mlp_pca30,mlp
CH0598,daughtry,0,0,0.23408106000041234,uncalibrated_class_1_probability,2,mlp_pca30,mlp
CH0603,bruno mars,0,0,0.16855470081570276,uncalibrated_class_1_probability,2,mlp_pca30,mlp
CH0624,taylor swift,0,0,0.43339329359874124,uncalibrated_class_1_probability,2,mlp_pca30,mlp
CH0629,taylor swift,0,0,0.40909880655624,uncalibrated_class_1_probability,2,mlp_pca30,mlp
CH0630,taylor swift,0,0,0.47628597387496274,uncalibrated_class_1_probability,2,mlp_pca30,mlp
CH0633,justin bieber,0,0,0.3600778780372933,uncalibrated_class_1_probability,2,mlp_pca30,mlp
CH0635,nickelback,0,1,0.8957905434787184,uncalibrated_class_1_probability,2,mlp_pca30,mlp
CH0640,taylor swift,0,0,0.04238262826539035,uncalibrated_class_1_probability,2,mlp_pca30,mlp
CH0641,taylor swift,0,1,0.5046870819468768,uncalibrated_class_1_probability,2,mlp_pca30,mlp
CH0646,taylor swift,0,1,0.6392369409913821,uncalibrated_class_1_probability,2,mlp_pca30,mlp
CH0651,taylor swift,0,0,0.44984598638610984,uncalibrated_class_1_probability,2,mlp_pca30,mlp
CH0658,daughtry,0,1,0.8525892583036817,uncalibrated_class_1_probability,2,mlp_pca30,mlp
CH0662,nickelback,0,0,0.4574933263874891,uncalibrated_class_1_probability,2,mlp_pca30,mlp
CH0666,justin bieber,0,1,0.7466574726360435,uncalibrated_class_1_probability,2,mlp_pca30,mlp
CH0670,taylor swift,0,1,0.8742229949141082,uncalibrated_class_1_probability,2,mlp_pca30,mlp
CH0672,taylor swift,0,0,0.44273901516156167,uncalibrated_class_1_probability,2,mlp_pca30,mlp
CH0676,justin bieber,0,0,0.294354928986378,uncalibrated_class_1_probability,2,mlp_pca30,mlp
CH0677,usher,0,0,0.18045194359816144,uncalibrated_class_1_probability,2,mlp_pca30,mlp
CH0678,nickelback,0,0,0.03208511089893454,uncalibrated_class_1_probability,2,mlp_pca30,mlp
CH0683,justin bieber,0,1,0.6688798850033704,uncalibrated_class_1_probability,2,mlp_pca30,mlp
CH0685,justin bieber,0,0,0.4382484421985606,uncalibrated_class_1_probability,2,mlp_pca30,mlp
CH0688,sean paul,0,1,0.6401098764613407,uncalibrated_class_1_probability,2,mlp_pca30,mlp
CH0690,daughtry,0,0,0.10098513131243265,uncalibrated_class_1_probability,2,mlp_pca30,mlp
CH0697,taylor swift,0,1,0.5213929074147859,uncalibrated_class_1_probability,2,mlp_pca30,mlp
CH0699,usher,0,0,0.2624753288651993,uncalibrated_class_1_probability,2,mlp_pca30,mlp
CH0703,daughtry,0,0,0.4611656063356669,uncalibrated_class_1_probability,2,mlp_pca30,mlp
CH0704,nickelback,0,0,0.25298082338726374,uncalibrated_class_1_probability,2,mlp_pca30,mlp
CH0707,taylor swift,0,0,0.33363627036240523,uncalibrated_class_1_probability,2,mlp_pca30,mlp
CH0711,usher,0,1,0.793242985229048,uncalibrated_class_1_probability,2,mlp_pca30,mlp
CH0715,taylor swift,0,1,0.5227890379805252,uncalibrated_class_1_probability,2,mlp_pca30,mlp
CH0719,daughtry,0,1,0.8560654193367289,uncalibrated_class_1_probability,2,mlp_pca30,mlp
CH0740,taylor swift,0,0,0.38577375435361466,uncalibrated_class_1_probability,2,mlp_pca30,mlp
CH0002,olivia rodrigo,1,0,-0.23079065276293392,decision_margin,2,poly_anova,poly_svm
CH0003,olivia rodrigo,1,0,-1.1023323207507703,decision_margin,2,poly_anova,poly_svm
CH0006,olivia rodrigo,1,1,1.2046058919756653,decision_margin,2,poly_anova,poly_svm
CH0013,olivia rodrigo,1,0,-1.2672855057927794,decision_margin,2,poly_anova,poly_svm
CH0016,taylor swift,1,0,-0.6549645722691978,decision_margin,2,poly_anova,poly_svm
CH0020,justin bieber,1,0,-0.2917563382561237,decision_margin,2,poly_anova,poly_svm
CH0037,justin bieber,1,0,-0.21984137392399578,decision_margin,2,poly_anova,poly_svm
CH0060,taylor swift,1,0,-0.31717592027039243,decision_margin,2,poly_anova,poly_svm
CH0079,taylor swift,1,0,-0.4083702097638212,decision_margin,2,poly_anova,poly_svm
CH0098,bruno mars,1,1,0.3144582165400476,decision_margin,2,poly_anova,poly_svm
CH0101,bruno mars,1,0,-0.12479026294909629,decision_margin,2,poly_anova,poly_svm
CH0105,taylor swift,1,0,-0.6456536403404038,decision_margin,2,poly_anova,poly_svm
CH0107,the chainsmokers,1,1,0.4950427776758137,decision_margin,2,poly_anova,poly_svm
CH0119,justin bieber,1,1,0.8286858057153532,decision_margin,2,poly_anova,poly_svm
CH0120,justin bieber,1,0,-0.8100108958909505,decision_margin,2,poly_anova,poly_svm
CH0128,justin bieber,1,1,0.5016567465512389,decision_margin,2,poly_anova,poly_svm
CH0141,taylor swift,1,1,0.42507459319624497,decision_margin,2,poly_anova,poly_svm
CH0149,taylor swift,1,0,-0.0808871586522445,decision_margin,2,poly_anova,poly_svm
CH0151,taylor swift,1,0,-0.1256080721128135,decision_margin,2,poly_anova,poly_svm
CH0155,taylor swift,1,0,-0.3771162139956938,decision_margin,2,poly_anova,poly_svm
CH0181,bruno mars,1,0,-0.8648810954499198,decision_margin,2,poly_anova,poly_svm
CH0182,bruno mars,1,0,-0.3689803981852383,decision_margin,2,poly_anova,poly_svm
CH0183,taylor swift,1,1,0.458639703141798,decision_margin,2,poly_anova,poly_svm
CH0196,taylor swift,1,1,0.29589221974026814,decision_margin,2,poly_anova,poly_svm
CH0207,bruno mars,1,0,-0.5221402910180972,decision_margin,2,poly_anova,poly_svm
CH0208,justin bieber,1,1,0.2956081710255155,decision_margin,2,poly_anova,poly_svm
CH0210,taylor swift,1,1,0.23695977824088588,decision_margin,2,poly_anova,poly_svm
CH0219,usher,1,0,-1.0575465839512148,decision_margin,2,poly_anova,poly_svm
CH0224,bruno mars,1,0,-0.09470376644100331,decision_margin,2,poly_anova,poly_svm
CH0228,bruno mars,1,0,-0.002983074375288941,decision_margin,2,poly_anova,poly_svm
CH0233,bruno mars,1,1,0.3518257169244967,decision_margin,2,poly_anova,poly_svm
CH0243,usher,1,1,0.4649166420784996,decision_margin,2,poly_anova,poly_svm
CH0246,taylor swift,1,1,0.1551913039378523,decision_margin,2,poly_anova,poly_svm
CH0259,taylor swift,1,0,-0.7192034170691197,decision_margin,2,poly_anova,poly_svm
CH0260,taylor swift,1,0,-0.06920098827441357,decision_margin,2,poly_anova,poly_svm
CH0269,usher,1,0,-0.22243576912359186,decision_margin,2,poly_anova,poly_svm
CH0270,taylor swift,1,0,-0.027209950972214347,decision_margin,2,poly_anova,poly_svm
CH0273,daughtry,1,1,0.1615801824830253,decision_margin,2,poly_anova,poly_svm
CH0276,taylor swift,1,0,-0.44862200626942583,decision_margin,2,poly_anova,poly_svm
CH0292,nickelback,1,0,-0.09468903124028083,decision_margin,2,poly_anova,poly_svm
CH0297,daughtry,1,1,0.3630854038687593,decision_margin,2,poly_anova,poly_svm
CH0298,nickelback,1,1,0.9331458071141716,decision_margin,2,poly_anova,poly_svm
CH0300,taylor swift,1,1,0.43157474101619586,decision_margin,2,poly_anova,poly_svm
CH0303,justin bieber,1,0,-0.5713267095295551,decision_margin,2,poly_anova,poly_svm
CH0315,taylor swift,1,0,-0.26666341216908734,decision_margin,2,poly_anova,poly_svm
CH0318,taylor swift,1,0,-0.464102733005062,decision_margin,2,poly_anova,poly_svm
CH0324,daughtry,1,0,-0.11779698674614864,decision_margin,2,poly_anova,poly_svm
CH0330,daughtry,1,1,0.6605349299956635,decision_margin,2,poly_anova,poly_svm
CH0334,daughtry,1,0,-0.4508252277959473,decision_margin,2,poly_anova,poly_svm
CH0337,nickelback,1,0,-0.6832740116256564,decision_margin,2,poly_anova,poly_svm
CH0339,nickelback,1,0,-0.3069147635485642,decision_margin,2,poly_anova,poly_svm
CH0346,nickelback,1,0,-0.7601116143959765,decision_margin,2,poly_anova,poly_svm
CH0348,sean paul,1,0,-0.6878962045497492,decision_margin,2,poly_anova,poly_svm
CH0358,nickelback,1,0,-0.5159106691710434,decision_margin,2,poly_anova,poly_svm
CH0362,sean paul,1,0,-0.16238699081388386,decision_margin,2,poly_anova,poly_svm
CH0368,taylor swift,0,1,0.5526697635838129,decision_margin,2,poly_anova,poly_svm
CH0375,justin bieber,0,1,0.49267302512632327,decision_margin,2,poly_anova,poly_svm
CH0385,taylor swift,0,1,0.47313141927946756,decision_margin,2,poly_anova,poly_svm
CH0388,taylor swift,0,0,-0.868766689898135,decision_margin,2,poly_anova,poly_svm
CH0396,olivia rodrigo,0,1,0.7895965494962205,decision_margin,2,poly_anova,poly_svm
CH0397,olivia rodrigo,0,0,-0.5921479460287612,decision_margin,2,poly_anova,poly_svm
CH0400,olivia rodrigo,0,0,-0.6600170464017002,decision_margin,2,poly_anova,poly_svm
CH0401,justin bieber,0,1,0.236112974895475,decision_margin,2,poly_anova,poly_svm
CH0403,justin bieber,0,0,-0.3826364248629057,decision_margin,2,poly_anova,poly_svm
CH0405,justin bieber,0,0,-0.3592635156001687,decision_margin,2,poly_anova,poly_svm
CH0410,justin bieber,0,0,-0.3858884537359839,decision_margin,2,poly_anova,poly_svm
CH0412,taylor swift,0,0,-0.25271922860317697,decision_margin,2,poly_anova,poly_svm
CH0414,taylor swift,0,0,-0.5218559048374086,decision_margin,2,poly_anova,poly_svm
CH0455,taylor swift,0,0,-0.4742809069500467,decision_margin,2,poly_anova,poly_svm
CH0463,taylor swift,0,0,-0.47969637504068396,decision_margin,2,poly_anova,poly_svm
CH0497,taylor swift,0,1,0.17750719385594493,decision_margin,2,poly_anova,poly_svm
CH0501,taylor swift,0,0,-0.0265641420495471,decision_margin,2,poly_anova,poly_svm
CH0503,taylor swift,0,0,-0.812371919882318,decision_margin,2,poly_anova,poly_svm
CH0506,bruno mars,0,0,-0.49637821603257515,decision_margin,2,poly_anova,poly_svm
CH0534,taylor swift,0,1,0.7029854456075944,decision_margin,2,poly_anova,poly_svm
CH0536,justin bieber,0,1,0.7643488931937601,decision_margin,2,poly_anova,poly_svm
CH0541,justin bieber,0,0,-0.044739061828641735,decision_margin,2,poly_anova,poly_svm
CH0546,justin bieber,0,0,-0.4158375083969903,decision_margin,2,poly_anova,poly_svm
CH0547,justin bieber,0,0,-0.30507782028358255,decision_margin,2,poly_anova,poly_svm
CH0548,justin bieber,0,0,-1.2372757634531308,decision_margin,2,poly_anova,poly_svm
CH0549,justin bieber,0,1,0.07382673954394481,decision_margin,2,poly_anova,poly_svm
CH0551,justin bieber,0,0,-0.028809839846028473,decision_margin,2,poly_anova,poly_svm
CH0554,justin bieber,0,0,-0.0836662803705075,decision_margin,2,poly_anova,poly_svm
CH0558,justin bieber,0,0,-0.46293196662206876,decision_margin,2,poly_anova,poly_svm
CH0584,usher,0,0,-0.1637330656877649,decision_margin,2,poly_anova,poly_svm
CH0585,bruno mars,0,0,-0.6974759551701484,decision_margin,2,poly_anova,poly_svm
CH0593,justin bieber,0,0,-0.5821233953796896,decision_margin,2,poly_anova,poly_svm
CH0598,daughtry,0,1,0.27510843733335566,decision_margin,2,poly_anova,poly_svm
CH0603,bruno mars,0,0,-0.805314923765095,decision_margin,2,poly_anova,poly_svm
CH0624,taylor swift,0,0,-0.39023588526146985,decision_margin,2,poly_anova,poly_svm
CH0629,taylor swift,0,0,-0.2475086689610107,decision_margin,2,poly_anova,poly_svm
CH0630,taylor swift,0,0,-0.5040995745792086,decision_margin,2,poly_anova,poly_svm
CH0633,justin bieber,0,0,-0.4108158633456041,decision_margin,2,poly_anova,poly_svm
CH0635,nickelback,0,1,0.2598269283445893,decision_margin,2,poly_anova,poly_svm
CH0640,taylor swift,0,0,-0.7076408404768633,decision_margin,2,poly_anova,poly_svm
CH0641,taylor swift,0,0,-0.14635257154489,decision_margin,2,poly_anova,poly_svm
CH0646,taylor swift,0,0,-0.6592670637641571,decision_margin,2,poly_anova,poly_svm
CH0651,taylor swift,0,1,1.9108985890359416,decision_margin,2,poly_anova,poly_svm
CH0658,daughtry,0,1,0.1678570713637071,decision_margin,2,poly_anova,poly_svm
CH0662,nickelback,0,0,-0.10140185823878217,decision_margin,2,poly_anova,poly_svm
CH0666,justin bieber,0,1,0.025902624271252117,decision_margin,2,poly_anova,poly_svm
CH0670,taylor swift,0,1,1.2202206928604336,decision_margin,2,poly_anova,poly_svm
CH0672,taylor swift,0,1,0.2819619875260596,decision_margin,2,poly_anova,poly_svm
CH0676,justin bieber,0,0,-0.12815487885339394,decision_margin,2,poly_anova,poly_svm
CH0677,usher,0,0,-0.46202531119073775,decision_margin,2,poly_anova,poly_svm
CH0678,nickelback,0,0,-0.4664544060416731,decision_margin,2,poly_anova,poly_svm
CH0683,justin bieber,0,1,0.1524159878243393,decision_margin,2,poly_anova,poly_svm
CH0685,justin bieber,0,0,-0.13703154708577087,decision_margin,2,poly_anova,poly_svm
CH0688,sean paul,0,0,-0.02037073789982169,decision_margin,2,poly_anova,poly_svm
CH0690,daughtry,0,0,-0.5715805263452626,decision_margin,2,poly_anova,poly_svm
CH0697,taylor swift,0,1,0.1902327984779768,decision_margin,2,poly_anova,poly_svm
CH0699,usher,0,1,0.6548581512239631,decision_margin,2,poly_anova,poly_svm
CH0703,daughtry,0,1,0.01831301753200365,decision_margin,2,poly_anova,poly_svm
CH0704,nickelback,0,0,-0.5366293186643015,decision_margin,2,poly_anova,poly_svm
CH0707,taylor swift,0,0,-0.32257205260651023,decision_margin,2,poly_anova,poly_svm
CH0711,usher,0,1,0.4059687415595231,decision_margin,2,poly_anova,poly_svm
CH0715,taylor swift,0,1,0.17377839499864867,decision_margin,2,poly_anova,poly_svm
CH0719,daughtry,0,1,1.1044156870967854,decision_margin,2,poly_anova,poly_svm
CH0740,taylor swift,0,0,-0.09082963571534869,decision_margin,2,poly_anova,poly_svm
CH0002,olivia rodrigo,1,1,0.2405995037990351,decision_margin,2,rbf_anova_c10,rbf_svm
CH0003,olivia rodrigo,1,0,-1.6442569574851877,decision_margin,2,rbf_anova_c10,rbf_svm
CH0006,olivia rodrigo,1,1,0.6298022453032494,decision_margin,2,rbf_anova_c10,rbf_svm
CH0013,olivia rodrigo,1,1,0.7209059683680171,decision_margin,2,rbf_anova_c10,rbf_svm
CH0016,taylor swift,1,0,-0.1719265985048021,decision_margin,2,rbf_anova_c10,rbf_svm
CH0020,justin bieber,1,0,-0.18640591618478072,decision_margin,2,rbf_anova_c10,rbf_svm
CH0037,justin bieber,1,0,-0.8560862051183291,decision_margin,2,rbf_anova_c10,rbf_svm
CH0060,taylor swift,1,1,0.013273955869734497,decision_margin,2,rbf_anova_c10,rbf_svm
CH0079,taylor swift,1,1,0.026396693507708367,decision_margin,2,rbf_anova_c10,rbf_svm
CH0098,bruno mars,1,1,0.4997544879657508,decision_margin,2,rbf_anova_c10,rbf_svm
CH0101,bruno mars,1,0,-0.5799215029871124,decision_margin,2,rbf_anova_c10,rbf_svm
CH0105,taylor swift,1,0,-0.26660615878885846,decision_margin,2,rbf_anova_c10,rbf_svm
CH0107,the chainsmokers,1,0,-0.7232552440623495,decision_margin,2,rbf_anova_c10,rbf_svm
CH0119,justin bieber,1,1,0.49907291236294854,decision_margin,2,rbf_anova_c10,rbf_svm
CH0120,justin bieber,1,0,-0.6632226394590108,decision_margin,2,rbf_anova_c10,rbf_svm
CH0128,justin bieber,1,1,0.46267209529253867,decision_margin,2,rbf_anova_c10,rbf_svm
CH0141,taylor swift,1,1,0.4750026866777895,decision_margin,2,rbf_anova_c10,rbf_svm
CH0149,taylor swift,1,0,-0.12903726643526597,decision_margin,2,rbf_anova_c10,rbf_svm
CH0151,taylor swift,1,0,-0.7976049500326711,decision_margin,2,rbf_anova_c10,rbf_svm
CH0155,taylor swift,1,1,0.3923204875237495,decision_margin,2,rbf_anova_c10,rbf_svm
CH0181,bruno mars,1,0,-1.4016126242448204,decision_margin,2,rbf_anova_c10,rbf_svm
CH0182,bruno mars,1,0,-0.6129756802798416,decision_margin,2,rbf_anova_c10,rbf_svm
CH0183,taylor swift,1,1,1.0010184356211964,decision_margin,2,rbf_anova_c10,rbf_svm
CH0196,taylor swift,1,1,1.1840609941049718,decision_margin,2,rbf_anova_c10,rbf_svm
CH0207,bruno mars,1,0,-1.7646482198737687,decision_margin,2,rbf_anova_c10,rbf_svm
CH0208,justin bieber,1,0,-0.3458239942525105,decision_margin,2,rbf_anova_c10,rbf_svm
CH0210,taylor swift,1,1,0.7884453858100342,decision_margin,2,rbf_anova_c10,rbf_svm
CH0219,usher,1,0,-0.7400042896024124,decision_margin,2,rbf_anova_c10,rbf_svm
CH0224,bruno mars,1,1,0.4788121546984027,decision_margin,2,rbf_anova_c10,rbf_svm
CH0228,bruno mars,1,1,0.7538757860630287,decision_margin,2,rbf_anova_c10,rbf_svm
CH0233,bruno mars,1,1,0.5510993243683345,decision_margin,2,rbf_anova_c10,rbf_svm
CH0243,usher,1,1,1.5212937766407713,decision_margin,2,rbf_anova_c10,rbf_svm
CH0246,taylor swift,1,1,0.5870869875693917,decision_margin,2,rbf_anova_c10,rbf_svm
CH0259,taylor swift,1,0,-1.1302955477711947,decision_margin,2,rbf_anova_c10,rbf_svm
CH0260,taylor swift,1,1,0.32784205661831217,decision_margin,2,rbf_anova_c10,rbf_svm
CH0269,usher,1,1,0.11805785307041147,decision_margin,2,rbf_anova_c10,rbf_svm
CH0270,taylor swift,1,1,0.5343962359485005,decision_margin,2,rbf_anova_c10,rbf_svm
CH0273,daughtry,1,1,0.801019652167732,decision_margin,2,rbf_anova_c10,rbf_svm
CH0276,taylor swift,1,0,-0.04989561009241986,decision_margin,2,rbf_anova_c10,rbf_svm
CH0292,nickelback,1,1,1.219045989874612,decision_margin,2,rbf_anova_c10,rbf_svm
CH0297,daughtry,1,0,-1.2167077742459236,decision_margin,2,rbf_anova_c10,rbf_svm
CH0298,nickelback,1,1,1.5460422881043494,decision_margin,2,rbf_anova_c10,rbf_svm
CH0300,taylor swift,1,1,0.9675254174750574,decision_margin,2,rbf_anova_c10,rbf_svm
CH0303,justin bieber,1,0,-0.42333570732310377,decision_margin,2,rbf_anova_c10,rbf_svm
CH0315,taylor swift,1,1,0.8519320774214875,decision_margin,2,rbf_anova_c10,rbf_svm
CH0318,taylor swift,1,1,0.1754536398316642,decision_margin,2,rbf_anova_c10,rbf_svm
CH0324,daughtry,1,1,1.1772270225370542,decision_margin,2,rbf_anova_c10,rbf_svm
CH0330,daughtry,1,1,0.8173517011296335,decision_margin,2,rbf_anova_c10,rbf_svm
CH0334,daughtry,1,1,0.963152411073348,decision_margin,2,rbf_anova_c10,rbf_svm
CH0337,nickelback,1,1,0.15983994072977914,decision_margin,2,rbf_anova_c10,rbf_svm
CH0339,nickelback,1,1,0.2983771364834322,decision_margin,2,rbf_anova_c10,rbf_svm
CH0346,nickelback,1,0,-1.1993458585777443,decision_margin,2,rbf_anova_c10,rbf_svm
CH0348,sean paul,1,0,-0.18409989123467838,decision_margin,2,rbf_anova_c10,rbf_svm
CH0358,nickelback,1,0,-1.5730780105380227,decision_margin,2,rbf_anova_c10,rbf_svm
CH0362,sean paul,1,0,-1.0379857718497398,decision_margin,2,rbf_anova_c10,rbf_svm
CH0368,taylor swift,0,1,0.6016413102026174,decision_margin,2,rbf_anova_c10,rbf_svm
CH0375,justin bieber,0,1,0.9197206240801067,decision_margin,2,rbf_anova_c10,rbf_svm
CH0385,taylor swift,0,1,0.8026296511821015,decision_margin,2,rbf_anova_c10,rbf_svm
CH0388,taylor swift,0,0,-0.3658128196580569,decision_margin,2,rbf_anova_c10,rbf_svm
CH0396,olivia rodrigo,0,1,1.1675639887308675,decision_margin,2,rbf_anova_c10,rbf_svm
CH0397,olivia rodrigo,0,0,-1.1329717544405753,decision_margin,2,rbf_anova_c10,rbf_svm
CH0400,olivia rodrigo,0,0,-0.8162403162159866,decision_margin,2,rbf_anova_c10,rbf_svm
CH0401,justin bieber,0,0,-0.008895887957285221,decision_margin,2,rbf_anova_c10,rbf_svm
CH0403,justin bieber,0,0,-0.33245771589456563,decision_margin,2,rbf_anova_c10,rbf_svm
CH0405,justin bieber,0,0,-0.6541916250187787,decision_margin,2,rbf_anova_c10,rbf_svm
CH0410,justin bieber,0,0,-1.1954102712637387,decision_margin,2,rbf_anova_c10,rbf_svm
CH0412,taylor swift,0,0,-0.08840569260015761,decision_margin,2,rbf_anova_c10,rbf_svm
CH0414,taylor swift,0,0,-0.013980578230845652,decision_margin,2,rbf_anova_c10,rbf_svm
CH0455,taylor swift,0,0,-0.2460750009461667,decision_margin,2,rbf_anova_c10,rbf_svm
CH0463,taylor swift,0,0,-0.24074179619810085,decision_margin,2,rbf_anova_c10,rbf_svm
CH0497,taylor swift,0,0,-0.281325207542639,decision_margin,2,rbf_anova_c10,rbf_svm
CH0501,taylor swift,0,1,0.4055213060775235,decision_margin,2,rbf_anova_c10,rbf_svm
CH0503,taylor swift,0,0,-0.050548620074080966,decision_margin,2,rbf_anova_c10,rbf_svm
CH0506,bruno mars,0,1,0.01276051283515664,decision_margin,2,rbf_anova_c10,rbf_svm
CH0534,taylor swift,0,0,-0.2328786664892458,decision_margin,2,rbf_anova_c10,rbf_svm
CH0536,justin bieber,0,0,-0.21547236734696348,decision_margin,2,rbf_anova_c10,rbf_svm
CH0541,justin bieber,0,0,-0.08142883194537906,decision_margin,2,rbf_anova_c10,rbf_svm
CH0546,justin bieber,0,0,-0.1308886483519998,decision_margin,2,rbf_anova_c10,rbf_svm
CH0547,justin bieber,0,0,-0.028490926230538206,decision_margin,2,rbf_anova_c10,rbf_svm
CH0548,justin bieber,0,0,-0.7601084757264049,decision_margin,2,rbf_anova_c10,rbf_svm
CH0549,justin bieber,0,1,0.25289623744425477,decision_margin,2,rbf_anova_c10,rbf_svm
CH0551,justin bieber,0,1,0.06749752066121056,decision_margin,2,rbf_anova_c10,rbf_svm
CH0554,justin bieber,0,0,-0.5355532168222495,decision_margin,2,rbf_anova_c10,rbf_svm
CH0558,justin bieber,0,0,-1.250554879078258,decision_margin,2,rbf_anova_c10,rbf_svm
CH0584,usher,0,1,0.14909340116352018,decision_margin,2,rbf_anova_c10,rbf_svm
CH0585,bruno mars,0,0,-0.5987406571822896,decision_margin,2,rbf_anova_c10,rbf_svm
CH0593,justin bieber,0,0,-1.3673863437672902,decision_margin,2,rbf_anova_c10,rbf_svm
CH0598,daughtry,0,1,1.6106942906403183,decision_margin,2,rbf_anova_c10,rbf_svm
CH0603,bruno mars,0,0,-0.13321931539503157,decision_margin,2,rbf_anova_c10,rbf_svm
CH0624,taylor swift,0,0,-0.9949901266515934,decision_margin,2,rbf_anova_c10,rbf_svm
CH0629,taylor swift,0,0,-0.9426221241393266,decision_margin,2,rbf_anova_c10,rbf_svm
CH0630,taylor swift,0,1,0.5374293360036652,decision_margin,2,rbf_anova_c10,rbf_svm
CH0633,justin bieber,0,0,-0.5852487623638775,decision_margin,2,rbf_anova_c10,rbf_svm
CH0635,nickelback,0,1,0.12164838538140915,decision_margin,2,rbf_anova_c10,rbf_svm
CH0640,taylor swift,0,1,0.7217062789099984,decision_margin,2,rbf_anova_c10,rbf_svm
CH0641,taylor swift,0,1,0.41122303140082483,decision_margin,2,rbf_anova_c10,rbf_svm
CH0646,taylor swift,0,1,0.48145863636712233,decision_margin,2,rbf_anova_c10,rbf_svm
CH0651,taylor swift,0,1,1.7172229673806518,decision_margin,2,rbf_anova_c10,rbf_svm
CH0658,daughtry,0,1,0.8796129848342018,decision_margin,2,rbf_anova_c10,rbf_svm
CH0662,nickelback,0,0,-0.37339443307609216,decision_margin,2,rbf_anova_c10,rbf_svm
CH0666,justin bieber,0,1,0.4260149339285716,decision_margin,2,rbf_anova_c10,rbf_svm
CH0670,taylor swift,0,1,1.35021444867505,decision_margin,2,rbf_anova_c10,rbf_svm
CH0672,taylor swift,0,1,0.4585443719494971,decision_margin,2,rbf_anova_c10,rbf_svm
CH0676,justin bieber,0,0,-0.5258764369930837,decision_margin,2,rbf_anova_c10,rbf_svm
CH0677,usher,0,0,-0.9290678744458065,decision_margin,2,rbf_anova_c10,rbf_svm
CH0678,nickelback,0,0,-0.6692794200952019,decision_margin,2,rbf_anova_c10,rbf_svm
CH0683,justin bieber,0,1,0.05901307135603757,decision_margin,2,rbf_anova_c10,rbf_svm
CH0685,justin bieber,0,1,1.9313967104334915,decision_margin,2,rbf_anova_c10,rbf_svm
CH0688,sean paul,0,1,0.42189180234628354,decision_margin,2,rbf_anova_c10,rbf_svm
CH0690,daughtry,0,1,0.16176483568393837,decision_margin,2,rbf_anova_c10,rbf_svm
CH0697,taylor swift,0,1,2.01398676346028,decision_margin,2,rbf_anova_c10,rbf_svm
CH0699,usher,0,1,1.6237635006725133,decision_margin,2,rbf_anova_c10,rbf_svm
CH0703,daughtry,0,0,-1.5894616613697745,decision_margin,2,rbf_anova_c10,rbf_svm
CH0704,nickelback,0,0,-0.3065277655925903,decision_margin,2,rbf_anova_c10,rbf_svm
CH0707,taylor swift,0,0,-0.8712634014946967,decision_margin,2,rbf_anova_c10,rbf_svm
CH0711,usher,0,1,1.0474911894935373,decision_margin,2,rbf_anova_c10,rbf_svm
CH0715,taylor swift,0,1,0.02791443851724968,decision_margin,2,rbf_anova_c10,rbf_svm
CH0719,daughtry,0,1,1.6297183833970155,decision_margin,2,rbf_anova_c10,rbf_svm
CH0740,taylor swift,0,0,-0.2151689781734697,decision_margin,2,rbf_anova_c10,rbf_svm
CH0002,olivia rodrigo,1,1,0.25021516021962376,decision_margin,2,v3_hgb_leaves7_l210,hist_gradient_boosting
CH0003,olivia rodrigo,1,0,-0.34983045767449983,decision_margin,2,v3_hgb_leaves7_l210,hist_gradient_boosting
CH0006,olivia rodrigo,1,0,-0.31954335315827986,decision_margin,2,v3_hgb_leaves7_l210,hist_gradient_boosting
CH0013,olivia rodrigo,1,0,-0.35221449274592775,decision_margin,2,v3_hgb_leaves7_l210,hist_gradient_boosting
CH0016,taylor swift,1,1,0.5209325392549924,decision_margin,2,v3_hgb_leaves7_l210,hist_gradient_boosting
CH0020,justin bieber,1,0,-0.9746366666432437,decision_margin,2,v3_hgb_leaves7_l210,hist_gradient_boosting
CH0037,justin bieber,1,0,-0.9329603583157314,decision_margin,2,v3_hgb_leaves7_l210,hist_gradient_boosting
CH0060,taylor swift,1,1,0.8921719710979776,decision_margin,2,v3_hgb_leaves7_l210,hist_gradient_boosting
CH0079,taylor swift,1,1,0.16513083111590807,decision_margin,2,v3_hgb_leaves7_l210,hist_gradient_boosting
CH0098,bruno mars,1,1,0.28801220872646704,decision_margin,2,v3_hgb_leaves7_l210,hist_gradient_boosting
CH0101,bruno mars,1,1,0.13274635861518908,decision_margin,2,v3_hgb_leaves7_l210,hist_gradient_boosting
CH0105,taylor swift,1,1,0.5173569284846836,decision_margin,2,v3_hgb_leaves7_l210,hist_gradient_boosting
CH0107,the chainsmokers,1,1,0.32363237549006346,decision_margin,2,v3_hgb_leaves7_l210,hist_gradient_boosting
CH0119,justin bieber,1,1,0.14034901303562847,decision_margin,2,v3_hgb_leaves7_l210,hist_gradient_boosting
CH0120,justin bieber,1,0,-0.03208862482211641,decision_margin,2,v3_hgb_leaves7_l210,hist_gradient_boosting
CH0128,justin bieber,1,0,-0.26182857982374874,decision_margin,2,v3_hgb_leaves7_l210,hist_gradient_boosting
CH0141,taylor swift,1,1,0.3286299197496575,decision_margin,2,v3_hgb_leaves7_l210,hist_gradient_boosting
CH0149,taylor swift,1,1,0.5315551974171018,decision_margin,2,v3_hgb_leaves7_l210,hist_gradient_boosting
CH0151,taylor swift,1,0,-0.5466672294278057,decision_margin,2,v3_hgb_leaves7_l210,hist_gradient_boosting
CH0155,taylor swift,1,1,0.38069605828106057,decision_margin,2,v3_hgb_leaves7_l210,hist_gradient_boosting
CH0181,bruno mars,1,0,-1.25778100098606,decision_margin,2,v3_hgb_leaves7_l210,hist_gradient_boosting
CH0182,bruno mars,1,0,-0.3427602899322323,decision_margin,2,v3_hgb_leaves7_l210,hist_gradient_boosting
CH0183,taylor swift,1,1,0.2089823167960119,decision_margin,2,v3_hgb_leaves7_l210,hist_gradient_boosting
CH0196,taylor swift,1,1,0.015787308136770598,decision_margin,2,v3_hgb_leaves7_l210,hist_gradient_boosting
CH0207,bruno mars,1,0,-0.27129362388115397,decision_margin,2,v3_hgb_leaves7_l210,hist_gradient_boosting
CH0208,justin bieber,1,1,0.36498045060436096,decision_margin,2,v3_hgb_leaves7_l210,hist_gradient_boosting
CH0210,taylor swift,1,1,0.7118648288907624,decision_margin,2,v3_hgb_leaves7_l210,hist_gradient_boosting
CH0219,usher,1,0,-0.7469108491025025,decision_margin,2,v3_hgb_leaves7_l210,hist_gradient_boosting
CH0224,bruno mars,1,1,0.41534514684247287,decision_margin,2,v3_hgb_leaves7_l210,hist_gradient_boosting
CH0228,bruno mars,1,1,0.5702691627976226,decision_margin,2,v3_hgb_leaves7_l210,hist_gradient_boosting
CH0233,bruno mars,1,1,0.7896231644412337,decision_margin,2,v3_hgb_leaves7_l210,hist_gradient_boosting
CH0243,usher,1,0,-0.40701151668406865,decision_margin,2,v3_hgb_leaves7_l210,hist_gradient_boosting
CH0246,taylor swift,1,1,0.5599674008035636,decision_margin,2,v3_hgb_leaves7_l210,hist_gradient_boosting
CH0259,taylor swift,1,0,-0.6506149684878071,decision_margin,2,v3_hgb_leaves7_l210,hist_gradient_boosting
CH0260,taylor swift,1,1,0.7025891844341959,decision_margin,2,v3_hgb_leaves7_l210,hist_gradient_boosting
CH0269,usher,1,0,-0.45351705009972754,decision_margin,2,v3_hgb_leaves7_l210,hist_gradient_boosting
CH0270,taylor swift,1,0,-0.19591345385203196,decision_margin,2,v3_hgb_leaves7_l210,hist_gradient_boosting
CH0273,daughtry,1,0,-0.43425960116877454,decision_margin,2,v3_hgb_leaves7_l210,hist_gradient_boosting
CH0276,taylor swift,1,0,-0.45119780807901544,decision_margin,2,v3_hgb_leaves7_l210,hist_gradient_boosting
CH0292,nickelback,1,0,-0.053931465019016966,decision_margin,2,v3_hgb_leaves7_l210,hist_gradient_boosting
CH0297,daughtry,1,0,-0.59793658900868,decision_margin,2,v3_hgb_leaves7_l210,hist_gradient_boosting
CH0298,nickelback,1,1,0.5035164539837174,decision_margin,2,v3_hgb_leaves7_l210,hist_gradient_boosting
CH0300,taylor swift,1,0,-0.6968289628682935,decision_margin,2,v3_hgb_leaves7_l210,hist_gradient_boosting
CH0303,justin bieber,1,1,0.8385640647093544,decision_margin,2,v3_hgb_leaves7_l210,hist_gradient_boosting
CH0315,taylor swift,1,0,-0.41177820538373355,decision_margin,2,v3_hgb_leaves7_l210,hist_gradient_boosting
CH0318,taylor swift,1,1,0.016910774762987676,decision_margin,2,v3_hgb_leaves7_l210,hist_gradient_boosting
CH0324,daughtry,1,1,0.07465840918633915,decision_margin,2,v3_hgb_leaves7_l210,hist_gradient_boosting
CH0330,daughtry,1,1,0.8873761419762284,decision_margin,2,v3_hgb_leaves7_l210,hist_gradient_boosting
CH0334,daughtry,1,0,-0.27797069474906194,decision_margin,2,v3_hgb_leaves7_l210,hist_gradient_boosting
CH0337,nickelback,1,0,-1.1300644414752035,decision_margin,2,v3_hgb_leaves7_l210,hist_gradient_boosting
CH0339,nickelback,1,0,-0.24572100643771902,decision_margin,2,v3_hgb_leaves7_l210,hist_gradient_boosting
CH0346,nickelback,1,1,0.07414692353627547,decision_margin,2,v3_hgb_leaves7_l210,hist_gradient_boosting
CH0348,sean paul,1,0,-0.35591758520637473,decision_margin,2,v3_hgb_leaves7_l210,hist_gradient_boosting
CH0358,nickelback,1,0,-0.8680505134356262,decision_margin,2,v3_hgb_leaves7_l210,hist_gradient_boosting
CH0362,sean paul,1,0,-0.3852448457981585,decision_margin,2,v3_hgb_leaves7_l210,hist_gradient_boosting
CH0368,taylor swift,0,0,-0.7723492556031678,decision_margin,2,v3_hgb_leaves7_l210,hist_gradient_boosting
CH0375,justin bieber,0,1,0.06230498901275078,decision_margin,2,v3_hgb_leaves7_l210,hist_gradient_boosting
CH0385,taylor swift,0,1,0.2815836282767541,decision_margin,2,v3_hgb_leaves7_l210,hist_gradient_boosting
CH0388,taylor swift,0,1,0.7493297891353827,decision_margin,2,v3_hgb_leaves7_l210,hist_gradient_boosting
CH0396,olivia rodrigo,0,0,-0.3078046979462179,decision_margin,2,v3_hgb_leaves7_l210,hist_gradient_boosting
CH0397,olivia rodrigo,0,0,-0.7699574457797925,decision_margin,2,v3_hgb_leaves7_l210,hist_gradient_boosting
CH0400,olivia rodrigo,0,1,0.23252813530134409,decision_margin,2,v3_hgb_leaves7_l210,hist_gradient_boosting
CH0401,justin bieber,0,1,0.06322769963404581,decision_margin,2,v3_hgb_leaves7_l210,hist_gradient_boosting
CH0403,justin bieber,0,0,-0.5551025204336981,decision_margin,2,v3_hgb_leaves7_l210,hist_gradient_boosting
CH0405,justin bieber,0,1,0.36843226042992405,decision_margin,2,v3_hgb_leaves7_l210,hist_gradient_boosting
CH0410,justin bieber,0,0,-0.34022330387536637,decision_margin,2,v3_hgb_leaves7_l210,hist_gradient_boosting
CH0412,taylor swift,0,0,-0.9603142713958105,decision_margin,2,v3_hgb_leaves7_l210,hist_gradient_boosting
CH0414,taylor swift,0,1,0.05070811992632283,decision_margin,2,v3_hgb_leaves7_l210,hist_gradient_boosting
CH0455,taylor swift,0,1,0.07402552169070223,decision_margin,2,v3_hgb_leaves7_l210,hist_gradient_boosting
CH0463,taylor swift,0,0,-0.20940705121478775,decision_margin,2,v3_hgb_leaves7_l210,hist_gradient_boosting
CH0497,taylor swift,0,0,-0.33132631193394213,decision_margin,2,v3_hgb_leaves7_l210,hist_gradient_boosting
CH0501,taylor swift,0,1,0.9202973485720041,decision_margin,2,v3_hgb_leaves7_l210,hist_gradient_boosting
CH0503,taylor swift,0,0,-0.42054964052578847,decision_margin,2,v3_hgb_leaves7_l210,hist_gradient_boosting
CH0506,bruno mars,0,0,-0.13326936869327435,decision_margin,2,v3_hgb_leaves7_l210,hist_gradient_boosting
CH0534,taylor swift,0,0,-0.10384482702329369,decision_margin,2,v3_hgb_leaves7_l210,hist_gradient_boosting
CH0536,justin bieber,0,0,-0.15809263486505795,decision_margin,2,v3_hgb_leaves7_l210,hist_gradient_boosting
CH0541,justin bieber,0,0,-0.714308633202279,decision_margin,2,v3_hgb_leaves7_l210,hist_gradient_boosting
CH0546,justin bieber,0,0,-0.9205791505365003,decision_margin,2,v3_hgb_leaves7_l210,hist_gradient_boosting
CH0547,justin bieber,0,0,-0.32082028786841227,decision_margin,2,v3_hgb_leaves7_l210,hist_gradient_boosting
CH0548,justin bieber,0,0,-1.4286380888533583,decision_margin,2,v3_hgb_leaves7_l210,hist_gradient_boosting
CH0549,justin bieber,0,1,0.37853480512476656,decision_margin,2,v3_hgb_leaves7_l210,hist_gradient_boosting
CH0551,justin bieber,0,1,0.33697389508583653,decision_margin,2,v3_hgb_leaves7_l210,hist_gradient_boosting
CH0554,justin bieber,0,1,0.5925814016735275,decision_margin,2,v3_hgb_leaves7_l210,hist_gradient_boosting
CH0558,justin bieber,0,0,-1.078460201555872,decision_margin,2,v3_hgb_leaves7_l210,hist_gradient_boosting
CH0584,usher,0,0,-0.42346085509428644,decision_margin,2,v3_hgb_leaves7_l210,hist_gradient_boosting
CH0585,bruno mars,0,1,0.6724440303760821,decision_margin,2,v3_hgb_leaves7_l210,hist_gradient_boosting
CH0593,justin bieber,0,0,-0.6715565109089325,decision_margin,2,v3_hgb_leaves7_l210,hist_gradient_boosting
CH0598,daughtry,0,0,-0.6702763722161353,decision_margin,2,v3_hgb_leaves7_l210,hist_gradient_boosting
CH0603,bruno mars,0,0,-0.8415260771610863,decision_margin,2,v3_hgb_leaves7_l210,hist_gradient_boosting
CH0624,taylor swift,0,0,-0.8457858079040882,decision_margin,2,v3_hgb_leaves7_l210,hist_gradient_boosting
CH0629,taylor swift,0,0,-0.7161322553873894,decision_margin,2,v3_hgb_leaves7_l210,hist_gradient_boosting
CH0630,taylor swift,0,0,-1.0898594080486186,decision_margin,2,v3_hgb_leaves7_l210,hist_gradient_boosting
CH0633,justin bieber,0,1,0.8661726901817308,decision_margin,2,v3_hgb_leaves7_l210,hist_gradient_boosting
CH0635,nickelback,0,1,0.04999817859843722,decision_margin,2,v3_hgb_leaves7_l210,hist_gradient_boosting
CH0640,taylor swift,0,0,-0.9619610265904289,decision_margin,2,v3_hgb_leaves7_l210,hist_gradient_boosting
CH0641,taylor swift,0,1,0.2933174435619508,decision_margin,2,v3_hgb_leaves7_l210,hist_gradient_boosting
CH0646,taylor swift,0,0,-0.31987777533303663,decision_margin,2,v3_hgb_leaves7_l210,hist_gradient_boosting
CH0651,taylor swift,0,1,0.4230195951830812,decision_margin,2,v3_hgb_leaves7_l210,hist_gradient_boosting
CH0658,daughtry,0,1,0.48170797139769167,decision_margin,2,v3_hgb_leaves7_l210,hist_gradient_boosting
CH0662,nickelback,0,0,-0.01985390221522214,decision_margin,2,v3_hgb_leaves7_l210,hist_gradient_boosting
CH0666,justin bieber,0,1,0.14606091406931115,decision_margin,2,v3_hgb_leaves7_l210,hist_gradient_boosting
CH0670,taylor swift,0,0,-0.20838977704483422,decision_margin,2,v3_hgb_leaves7_l210,hist_gradient_boosting
CH0672,taylor swift,0,0,-0.6561747347205333,decision_margin,2,v3_hgb_leaves7_l210,hist_gradient_boosting
CH0676,justin bieber,0,0,-0.009205233147653716,decision_margin,2,v3_hgb_leaves7_l210,hist_gradient_boosting
CH0677,usher,0,0,-0.29401564980488826,decision_margin,2,v3_hgb_leaves7_l210,hist_gradient_boosting
CH0678,nickelback,0,0,-1.771052887786107,decision_margin,2,v3_hgb_leaves7_l210,hist_gradient_boosting
CH0683,justin bieber,0,0,-0.010486657394388591,decision_margin,2,v3_hgb_leaves7_l210,hist_gradient_boosting
CH0685,justin bieber,0,1,0.7062769900550682,decision_margin,2,v3_hgb_leaves7_l210,hist_gradient_boosting
CH0688,sean paul,0,0,-0.14739719832534132,decision_margin,2,v3_hgb_leaves7_l210,hist_gradient_boosting
CH0690,daughtry,0,0,-0.5968946954657521,decision_margin,2,v3_hgb_leaves7_l210,hist_gradient_boosting
CH0697,taylor swift,0,1,0.5362261553831917,decision_margin,2,v3_hgb_leaves7_l210,hist_gradient_boosting
CH0699,usher,0,1,0.21976568004425423,decision_margin,2,v3_hgb_leaves7_l210,hist_gradient_boosting
CH0703,daughtry,0,0,-0.8588091533549322,decision_margin,2,v3_hgb_leaves7_l210,hist_gradient_boosting
CH0704,nickelback,0,0,-1.154761380040114,decision_margin,2,v3_hgb_leaves7_l210,hist_gradient_boosting
CH0707,taylor swift,0,0,-0.6022682594229218,decision_margin,2,v3_hgb_leaves7_l210,hist_gradient_boosting
CH0711,usher,0,1,0.715640348074862,decision_margin,2,v3_hgb_leaves7_l210,hist_gradient_boosting
CH0715,taylor swift,0,0,-0.19015879139796207,decision_margin,2,v3_hgb_leaves7_l210,hist_gradient_boosting
CH0719,daughtry,0,1,0.5169010148822784,decision_margin,2,v3_hgb_leaves7_l210,hist_gradient_boosting
CH0740,taylor swift,0,0,-1.1231626574583398,decision_margin,2,v3_hgb_leaves7_l210,hist_gradient_boosting
CH0002,olivia rodrigo,1,1,0.588752911086289,uncalibrated_class_1_probability,2,v3_knn31_quantile_pca15,knn
CH0003,olivia rodrigo,1,0,0.33432498500047153,uncalibrated_class_1_probability,2,v3_knn31_quantile_pca15,knn
CH0006,olivia rodrigo,1,1,0.520457781770307,uncalibrated_class_1_probability,2,v3_knn31_quantile_pca15,knn
CH0013,olivia rodrigo,1,0,0.3952453205241236,uncalibrated_class_1_probability,2,v3_knn31_quantile_pca15,knn
CH0016,taylor swift,1,1,0.5614615247338707,uncalibrated_class_1_probability,2,v3_knn31_quantile_pca15,knn
CH0020,justin bieber,1,0,0.3929452072865983,uncalibrated_class_1_probability,2,v3_knn31_quantile_pca15,knn
CH0037,justin bieber,1,0,0.4225768193030157,uncalibrated_class_1_probability,2,v3_knn31_quantile_pca15,knn
CH0060,taylor swift,1,1,0.5461821706263301,uncalibrated_class_1_probability,2,v3_knn31_quantile_pca15,knn
CH0079,taylor swift,1,1,0.5649105924718241,uncalibrated_class_1_probability,2,v3_knn31_quantile_pca15,knn
CH0098,bruno mars,1,0,0.46536843635848524,uncalibrated_class_1_probability,2,v3_knn31_quantile_pca15,knn
CH0101,bruno mars,1,0,0.4045361813686544,uncalibrated_class_1_probability,2,v3_knn31_quantile_pca15,knn
CH0105,taylor swift,1,0,0.49631222111069345,uncalibrated_class_1_probability,2,v3_knn31_quantile_pca15,knn
CH0107,the chainsmokers,1,0,0.4527589448167874,uncalibrated_class_1_probability,2,v3_knn31_quantile_pca15,knn
CH0119,justin bieber,1,1,0.5381097610779221,uncalibrated_class_1_probability,2,v3_knn31_quantile_pca15,knn
CH0120,justin bieber,1,0,0.4164537291305092,uncalibrated_class_1_probability,2,v3_knn31_quantile_pca15,knn
CH0128,justin bieber,1,0,0.4650157886059541,uncalibrated_class_1_probability,2,v3_knn31_quantile_pca15,knn
CH0141,taylor swift,1,1,0.676036362998399,uncalibrated_class_1_probability,2,v3_knn31_quantile_pca15,knn
CH0149,taylor swift,1,1,0.5540042745469725,uncalibrated_class_1_probability,2,v3_knn31_quantile_pca15,knn
CH0151,taylor swift,1,1,0.5762202874211209,uncalibrated_class_1_probability,2,v3_knn31_quantile_pca15,knn
CH0155,taylor swift,1,1,0.6477592316835651,uncalibrated_class_1_probability,2,v3_knn31_quantile_pca15,knn
CH0181,bruno mars,1,0,0.37186365217737033,uncalibrated_class_1_probability,2,v3_knn31_quantile_pca15,knn
CH0182,bruno mars,1,0,0.4675592382423445,uncalibrated_class_1_probability,2,v3_knn31_quantile_pca15,knn
CH0183,taylor swift,1,0,0.47084190402997345,uncalibrated_class_1_probability,2,v3_knn31_quantile_pca15,knn
CH0196,taylor swift,1,0,0.35493625777698246,uncalibrated_class_1_probability,2,v3_knn31_quantile_pca15,knn
CH0207,bruno mars,1,0,0.3764177325833484,uncalibrated_class_1_probability,2,v3_knn31_quantile_pca15,knn
CH0208,justin bieber,1,0,0.44338669841669626,uncalibrated_class_1_probability,2,v3_knn31_quantile_pca15,knn
CH0210,taylor swift,1,1,0.6148202227702474,uncalibrated_class_1_probability,2,v3_knn31_quantile_pca15,knn
CH0219,usher,1,0,0.4463105454457884,uncalibrated_class_1_probability,2,v3_knn31_quantile_pca15,knn
CH0224,bruno mars,1,1,0.7056338540272187,uncalibrated_class_1_probability,2,v3_knn31_quantile_pca15,knn
CH0228,bruno mars,1,1,0.8102330980385702,uncalibrated_class_1_probability,2,v3_knn31_quantile_pca15,knn
CH0233,bruno mars,1,1,0.5560183961949654,uncalibrated_class_1_probability,2,v3_knn31_quantile_pca15,knn
CH0243,usher,1,0,0.37219054310217703,uncalibrated_class_1_probability,2,v3_knn31_quantile_pca15,knn
CH0246,taylor swift,1,0,0.48709755230011426,uncalibrated_class_1_probability,2,v3_knn31_quantile_pca15,knn
CH0259,taylor swift,1,0,0.384787504225247,uncalibrated_class_1_probability,2,v3_knn31_quantile_pca15,knn
CH0260,taylor swift,1,1,0.5491634567637493,uncalibrated_class_1_probability,2,v3_knn31_quantile_pca15,knn
CH0269,usher,1,0,0.46031710647565127,uncalibrated_class_1_probability,2,v3_knn31_quantile_pca15,knn
CH0270,taylor swift,1,1,0.5169306921704577,uncalibrated_class_1_probability,2,v3_knn31_quantile_pca15,knn
CH0273,daughtry,1,1,0.5915607086121705,uncalibrated_class_1_probability,2,v3_knn31_quantile_pca15,knn
CH0276,taylor swift,1,1,0.6166936163397589,uncalibrated_class_1_probability,2,v3_knn31_quantile_pca15,knn
CH0292,nickelback,1,0,0.44018007812177956,uncalibrated_class_1_probability,2,v3_knn31_quantile_pca15,knn
CH0297,daughtry,1,1,0.506033870350247,uncalibrated_class_1_probability,2,v3_knn31_quantile_pca15,knn
CH0298,nickelback,1,1,0.6668027124637828,uncalibrated_class_1_probability,2,v3_knn31_quantile_pca15,knn
CH0300,taylor swift,1,1,0.5090811924219538,uncalibrated_class_1_probability,2,v3_knn31_quantile_pca15,knn
CH0303,justin bieber,1,0,0.40549028858871433,uncalibrated_class_1_probability,2,v3_knn31_quantile_pca15,knn
CH0315,taylor swift,1,1,0.53275752991515,uncalibrated_class_1_probability,2,v3_knn31_quantile_pca15,knn
CH0318,taylor swift,1,0,0.3200599189348617,uncalibrated_class_1_probability,2,v3_knn31_quantile_pca15,knn
CH0324,daughtry,1,1,0.5305004600430717,uncalibrated_class_1_probability,2,v3_knn31_quantile_pca15,knn
CH0330,daughtry,1,1,0.6001970624586462,uncalibrated_class_1_probability,2,v3_knn31_quantile_pca15,knn
CH0334,daughtry,1,1,0.5437419212522764,uncalibrated_class_1_probability,2,v3_knn31_quantile_pca15,knn
CH0337,nickelback,1,0,0.30646562307801456,uncalibrated_class_1_probability,2,v3_knn31_quantile_pca15,knn
CH0339,nickelback,1,0,0.3489673810653823,uncalibrated_class_1_probability,2,v3_knn31_quantile_pca15,knn
CH0346,nickelback,1,1,0.5026024093991767,uncalibrated_class_1_probability,2,v3_knn31_quantile_pca15,knn
CH0348,sean paul,1,1,0.5787080394637159,uncalibrated_class_1_probability,2,v3_knn31_quantile_pca15,knn
CH0358,nickelback,1,0,0.479028606686406,uncalibrated_class_1_probability,2,v3_knn31_quantile_pca15,knn
CH0362,sean paul,1,1,0.5099275322421727,uncalibrated_class_1_probability,2,v3_knn31_quantile_pca15,knn
CH0368,taylor swift,0,1,0.6433747354372195,uncalibrated_class_1_probability,2,v3_knn31_quantile_pca15,knn
CH0375,justin bieber,0,0,0.48065388295929445,uncalibrated_class_1_probability,2,v3_knn31_quantile_pca15,knn
CH0385,taylor swift,0,1,0.5321591679049287,uncalibrated_class_1_probability,2,v3_knn31_quantile_pca15,knn
CH0388,taylor swift,0,0,0.4892439451127542,uncalibrated_class_1_probability,2,v3_knn31_quantile_pca15,knn
CH0396,olivia rodrigo,0,0,0.430938653100348,uncalibrated_class_1_probability,2,v3_knn31_quantile_pca15,knn
CH0397,olivia rodrigo,0,0,0.4281423259250052,uncalibrated_class_1_probability,2,v3_knn31_quantile_pca15,knn
CH0400,olivia rodrigo,0,0,0.49048524218755174,uncalibrated_class_1_probability,2,v3_knn31_quantile_pca15,knn
CH0401,justin bieber,0,0,0.43147314048868446,uncalibrated_class_1_probability,2,v3_knn31_quantile_pca15,knn
CH0403,justin bieber,0,0,0.48103840077422827,uncalibrated_class_1_probability,2,v3_knn31_quantile_pca15,knn
CH0405,justin bieber,0,0,0.4505327540238113,uncalibrated_class_1_probability,2,v3_knn31_quantile_pca15,knn
CH0410,justin bieber,0,0,0.39351385346220297,uncalibrated_class_1_probability,2,v3_knn31_quantile_pca15,knn
CH0412,taylor swift,0,0,0.3589681835727797,uncalibrated_class_1_probability,2,v3_knn31_quantile_pca15,knn
CH0414,taylor swift,0,0,0.4470648192252548,uncalibrated_class_1_probability,2,v3_knn31_quantile_pca15,knn
CH0455,taylor swift,0,0,0.4671585645820047,uncalibrated_class_1_probability,2,v3_knn31_quantile_pca15,knn
CH0463,taylor swift,0,1,0.558984132031212,uncalibrated_class_1_probability,2,v3_knn31_quantile_pca15,knn
CH0497,taylor swift,0,0,0.4958835064247346,uncalibrated_class_1_probability,2,v3_knn31_quantile_pca15,knn
CH0501,taylor swift,0,1,0.5262375719047635,uncalibrated_class_1_probability,2,v3_knn31_quantile_pca15,knn
CH0503,taylor swift,0,0,0.3802307401486462,uncalibrated_class_1_probability,2,v3_knn31_quantile_pca15,knn
CH0506,bruno mars,0,0,0.4230542183730269,uncalibrated_class_1_probability,2,v3_knn31_quantile_pca15,knn
CH0534,taylor swift,0,1,0.6791878768561335,uncalibrated_class_1_probability,2,v3_knn31_quantile_pca15,knn
CH0536,justin bieber,0,1,0.53953549221725,uncalibrated_class_1_probability,2,v3_knn31_quantile_pca15,knn
CH0541,justin bieber,0,0,0.47740184947376385,uncalibrated_class_1_probability,2,v3_knn31_quantile_pca15,knn
CH0546,justin bieber,0,0,0.3855195364649977,uncalibrated_class_1_probability,2,v3_knn31_quantile_pca15,knn
CH0547,justin bieber,0,0,0.42960074027758127,uncalibrated_class_1_probability,2,v3_knn31_quantile_pca15,knn
CH0548,justin bieber,0,0,0.37351876360431624,uncalibrated_class_1_probability,2,v3_knn31_quantile_pca15,knn
CH0549,justin bieber,0,1,0.5398673585948877,uncalibrated_class_1_probability,2,v3_knn31_quantile_pca15,knn
CH0551,justin bieber,0,0,0.4516406297532812,uncalibrated_class_1_probability,2,v3_knn31_quantile_pca15,knn
CH0554,justin bieber,0,1,0.6674718333028561,uncalibrated_class_1_probability,2,v3_knn31_quantile_pca15,knn
CH0558,justin bieber,0,1,0.5108990255347764,uncalibrated_class_1_probability,2,v3_knn31_quantile_pca15,knn
CH0584,usher,0,0,0.3852264155699274,uncalibrated_class_1_probability,2,v3_knn31_quantile_pca15,knn
CH0585,bruno mars,0,0,0.3761701273321973,uncalibrated_class_1_probability,2,v3_knn31_quantile_pca15,knn
CH0593,justin bieber,0,0,0.45231274854620923,uncalibrated_class_1_probability,2,v3_knn31_quantile_pca15,knn
CH0598,daughtry,0,0,0.25272979130811596,uncalibrated_class_1_probability,2,v3_knn31_quantile_pca15,knn
CH0603,bruno mars,0,0,0.32231627870244745,uncalibrated_class_1_probability,2,v3_knn31_quantile_pca15,knn
CH0624,taylor swift,0,0,0.46706301144183326,uncalibrated_class_1_probability,2,v3_knn31_quantile_pca15,knn
CH0629,taylor swift,0,1,0.521590214012645,uncalibrated_class_1_probability,2,v3_knn31_quantile_pca15,knn
CH0630,taylor swift,0,0,0.4564314367179048,uncalibrated_class_1_probability,2,v3_knn31_quantile_pca15,knn
CH0633,justin bieber,0,0,0.49153949572767364,uncalibrated_class_1_probability,2,v3_knn31_quantile_pca15,knn
CH0635,nickelback,0,1,0.6933632024943301,uncalibrated_class_1_probability,2,v3_knn31_quantile_pca15,knn
CH0640,taylor swift,0,0,0.4651775448535103,uncalibrated_class_1_probability,2,v3_knn31_quantile_pca15,knn
CH0641,taylor swift,0,0,0.2582109644847004,uncalibrated_class_1_probability,2,v3_knn31_quantile_pca15,knn
CH0646,taylor swift,0,0,0.4580704358132168,uncalibrated_class_1_probability,2,v3_knn31_quantile_pca15,knn
CH0651,taylor swift,0,0,0.36268682461631774,uncalibrated_class_1_probability,2,v3_knn31_quantile_pca15,knn
CH0658,daughtry,0,1,0.6689586414524957,uncalibrated_class_1_probability,2,v3_knn31_quantile_pca15,knn
CH0662,nickelback,0,0,0.40619588239388027,uncalibrated_class_1_probability,2,v3_knn31_quantile_pca15,knn
CH0666,justin bieber,0,0,0.4465450167141072,uncalibrated_class_1_probability,2,v3_knn31_quantile_pca15,knn
CH0670,taylor swift,0,0,0.4874895620378859,uncalibrated_class_1_probability,2,v3_knn31_quantile_pca15,knn
CH0672,taylor swift,0,0,0.4821794088766835,uncalibrated_class_1_probability,2,v3_knn31_quantile_pca15,knn
CH0676,justin bieber,0,1,0.5438328226922631,uncalibrated_class_1_probability,2,v3_knn31_quantile_pca15,knn
CH0677,usher,0,0,0.43908128286436165,uncalibrated_class_1_probability,2,v3_knn31_quantile_pca15,knn
CH0678,nickelback,0,0,0.3843741503403599,uncalibrated_class_1_probability,2,v3_knn31_quantile_pca15,knn
CH0683,justin bieber,0,1,0.5592793953358551,uncalibrated_class_1_probability,2,v3_knn31_quantile_pca15,knn
CH0685,justin bieber,0,0,0.4686857247897621,uncalibrated_class_1_probability,2,v3_knn31_quantile_pca15,knn
CH0688,sean paul,0,0,0.4448256233347648,uncalibrated_class_1_probability,2,v3_knn31_quantile_pca15,knn
CH0690,daughtry,0,0,0.42598940513107586,uncalibrated_class_1_probability,2,v3_knn31_quantile_pca15,knn
CH0697,taylor swift,0,0,0.45922054549481667,uncalibrated_class_1_probability,2,v3_knn31_quantile_pca15,knn
CH0699,usher,0,0,0.4910176842818942,uncalibrated_class_1_probability,2,v3_knn31_quantile_pca15,knn
CH0703,daughtry,0,0,0.4387236207440044,uncalibrated_class_1_probability,2,v3_knn31_quantile_pca15,knn
CH0704,nickelback,0,1,0.5466629284636769,uncalibrated_class_1_probability,2,v3_knn31_quantile_pca15,knn
CH0707,taylor swift,0,0,0.33331617089540333,uncalibrated_class_1_probability,2,v3_knn31_quantile_pca15,knn
CH0711,usher,0,1,0.5284761154868257,uncalibrated_class_1_probability,2,v3_knn31_quantile_pca15,knn
CH0715,taylor swift,0,0,0.42618437377292784,uncalibrated_class_1_probability,2,v3_knn31_quantile_pca15,knn
CH0719,daughtry,0,1,0.5207658084469812,uncalibrated_class_1_probability,2,v3_knn31_quantile_pca15,knn
CH0740,taylor swift,0,0,0.41362530370708367,uncalibrated_class_1_probability,2,v3_knn31_quantile_pca15,knn
CH0002,olivia rodrigo,1,1,0.023163284160149202,decision_margin,2,v4_lr_std74_quantile_0.01,logistic
CH0003,olivia rodrigo,1,0,-0.24593591576709078,decision_margin,2,v4_lr_std74_quantile_0.01,logistic
CH0006,olivia rodrigo,1,1,0.031575865969491794,decision_margin,2,v4_lr_std74_quantile_0.01,logistic
CH0013,olivia rodrigo,1,0,-0.11854926861091032,decision_margin,2,v4_lr_std74_quantile_0.01,logistic
CH0016,taylor swift,1,1,0.1290262841984655,decision_margin,2,v4_lr_std74_quantile_0.01,logistic
CH0020,justin bieber,1,0,-0.3069514632622673,decision_margin,2,v4_lr_std74_quantile_0.01,logistic
CH0037,justin bieber,1,0,-0.6727640459093349,decision_margin,2,v4_lr_std74_quantile_0.01,logistic
CH0060,taylor swift,1,1,0.38346019197647563,decision_margin,2,v4_lr_std74_quantile_0.01,logistic
CH0079,taylor swift,1,1,0.5154276511012834,decision_margin,2,v4_lr_std74_quantile_0.01,logistic
CH0098,bruno mars,1,0,-0.05624046041252082,decision_margin,2,v4_lr_std74_quantile_0.01,logistic
CH0101,bruno mars,1,0,-0.0819514659567422,decision_margin,2,v4_lr_std74_quantile_0.01,logistic
CH0105,taylor swift,1,1,0.10089634611419916,decision_margin,2,v4_lr_std74_quantile_0.01,logistic
CH0107,the chainsmokers,1,0,-0.7580397355355852,decision_margin,2,v4_lr_std74_quantile_0.01,logistic
CH0119,justin bieber,1,0,-0.4099950560721514,decision_margin,2,v4_lr_std74_quantile_0.01,logistic
CH0120,justin bieber,1,1,0.8239986950958,decision_margin,2,v4_lr_std74_quantile_0.01,logistic
CH0128,justin bieber,1,1,0.5160719981824674,decision_margin,2,v4_lr_std74_quantile_0.01,logistic
CH0141,taylor swift,1,1,0.5695732350407379,decision_margin,2,v4_lr_std74_quantile_0.01,logistic
CH0149,taylor swift,1,1,0.24015091814494086,decision_margin,2,v4_lr_std74_quantile_0.01,logistic
CH0151,taylor swift,1,1,0.026721175403914093,decision_margin,2,v4_lr_std74_quantile_0.01,logistic
CH0155,taylor swift,1,1,0.2562530796550083,decision_margin,2,v4_lr_std74_quantile_0.01,logistic
CH0181,bruno mars,1,0,-0.9936127559130425,decision_margin,2,v4_lr_std74_quantile_0.01,logistic
CH0182,bruno mars,1,1,0.1299750884449995,decision_margin,2,v4_lr_std74_quantile_0.01,logistic
CH0183,taylor swift,1,1,0.23663278698043025,decision_margin,2,v4_lr_std74_quantile_0.01,logistic
CH0196,taylor swift,1,1,0.8546227849425625,decision_margin,2,v4_lr_std74_quantile_0.01,logistic
CH0207,bruno mars,1,0,-0.9157666383076675,decision_margin,2,v4_lr_std74_quantile_0.01,logistic
CH0208,justin bieber,1,1,0.5505082471887316,decision_margin,2,v4_lr_std74_quantile_0.01,logistic
CH0210,taylor swift,1,1,0.7608998577032839,decision_margin,2,v4_lr_std74_quantile_0.01,logistic
CH0219,usher,1,0,-0.7863021176327528,decision_margin,2,v4_lr_std74_quantile_0.01,logistic
CH0224,bruno mars,1,1,1.0733250434140418,decision_margin,2,v4_lr_std74_quantile_0.01,logistic
CH0228,bruno mars,1,1,1.0471283061863288,decision_margin,2,v4_lr_std74_quantile_0.01,logistic
CH0233,bruno mars,1,1,0.08208346538157912,decision_margin,2,v4_lr_std74_quantile_0.01,logistic
CH0243,usher,1,0,-0.5014863360359302,decision_margin,2,v4_lr_std74_quantile_0.01,logistic
CH0246,taylor swift,1,1,0.554023324709551,decision_margin,2,v4_lr_std74_quantile_0.01,logistic
CH0259,taylor swift,1,0,-0.7288547594604453,decision_margin,2,v4_lr_std74_quantile_0.01,logistic
CH0260,taylor swift,1,1,0.6442326240114221,decision_margin,2,v4_lr_std74_quantile_0.01,logistic
CH0269,usher,1,0,-0.820164479291212,decision_margin,2,v4_lr_std74_quantile_0.01,logistic
CH0270,taylor swift,1,1,0.17790241835583775,decision_margin,2,v4_lr_std74_quantile_0.01,logistic
CH0273,daughtry,1,1,0.02926724086436477,decision_margin,2,v4_lr_std74_quantile_0.01,logistic
CH0276,taylor swift,1,0,-0.16204450328558684,decision_margin,2,v4_lr_std74_quantile_0.01,logistic
CH0292,nickelback,1,1,0.16048246967836582,decision_margin,2,v4_lr_std74_quantile_0.01,logistic
CH0297,daughtry,1,1,0.02718116323277511,decision_margin,2,v4_lr_std74_quantile_0.01,logistic
CH0298,nickelback,1,1,0.35096659326132734,decision_margin,2,v4_lr_std74_quantile_0.01,logistic
CH0300,taylor swift,1,0,-0.10291281669950403,decision_margin,2,v4_lr_std74_quantile_0.01,logistic
CH0303,justin bieber,1,0,-0.1773718881384748,decision_margin,2,v4_lr_std74_quantile_0.01,logistic
CH0315,taylor swift,1,0,-0.5317488877453596,decision_margin,2,v4_lr_std74_quantile_0.01,logistic
CH0318,taylor swift,1,0,-0.055025366491745616,decision_margin,2,v4_lr_std74_quantile_0.01,logistic
CH0324,daughtry,1,1,0.30562153570349815,decision_margin,2,v4_lr_std74_quantile_0.01,logistic
CH0330,daughtry,1,1,0.29680316285436426,decision_margin,2,v4_lr_std74_quantile_0.01,logistic
CH0334,daughtry,1,1,0.1799020479079524,decision_margin,2,v4_lr_std74_quantile_0.01,logistic
CH0337,nickelback,1,0,-0.14432520444586408,decision_margin,2,v4_lr_std74_quantile_0.01,logistic
CH0339,nickelback,1,0,-0.5553090906126941,decision_margin,2,v4_lr_std74_quantile_0.01,logistic
CH0346,nickelback,1,0,-0.16718782932988424,decision_margin,2,v4_lr_std74_quantile_0.01,logistic
CH0348,sean paul,1,1,0.26585909678444086,decision_margin,2,v4_lr_std74_quantile_0.01,logistic
CH0358,nickelback,1,0,-0.11497040107047685,decision_margin,2,v4_lr_std74_quantile_0.01,logistic
CH0362,sean paul,1,1,0.07976996238609751,decision_margin,2,v4_lr_std74_quantile_0.01,logistic
CH0368,taylor swift,0,0,-0.6100145363802951,decision_margin,2,v4_lr_std74_quantile_0.01,logistic
CH0375,justin bieber,0,0,-0.4575661585697204,decision_margin,2,v4_lr_std74_quantile_0.01,logistic
CH0385,taylor swift,0,1,0.4554596482708656,decision_margin,2,v4_lr_std74_quantile_0.01,logistic
CH0388,taylor swift,0,1,0.09261180513282447,decision_margin,2,v4_lr_std74_quantile_0.01,logistic
CH0396,olivia rodrigo,0,0,-0.3302085128422655,decision_margin,2,v4_lr_std74_quantile_0.01,logistic
CH0397,olivia rodrigo,0,0,-0.24347497708989851,decision_margin,2,v4_lr_std74_quantile_0.01,logistic
CH0400,olivia rodrigo,0,0,-0.08985587013393387,decision_margin,2,v4_lr_std74_quantile_0.01,logistic
CH0401,justin bieber,0,0,-0.8640949570849241,decision_margin,2,v4_lr_std74_quantile_0.01,logistic
CH0403,justin bieber,0,0,-0.3564147007823416,decision_margin,2,v4_lr_std74_quantile_0.01,logistic
CH0405,justin bieber,0,1,0.36107923536461917,decision_margin,2,v4_lr_std74_quantile_0.01,logistic
CH0410,justin bieber,0,0,-0.4537853040785592,decision_margin,2,v4_lr_std74_quantile_0.01,logistic
CH0412,taylor swift,0,0,-0.5815344165379823,decision_margin,2,v4_lr_std74_quantile_0.01,logistic
CH0414,taylor swift,0,1,0.2638981678549851,decision_margin,2,v4_lr_std74_quantile_0.01,logistic
CH0455,taylor swift,0,1,0.058706371187187904,decision_margin,2,v4_lr_std74_quantile_0.01,logistic
CH0463,taylor swift,0,1,0.290598246959651,decision_margin,2,v4_lr_std74_quantile_0.01,logistic
CH0497,taylor swift,0,0,-0.8164769523042563,decision_margin,2,v4_lr_std74_quantile_0.01,logistic
CH0501,taylor swift,0,1,0.5117115042148397,decision_margin,2,v4_lr_std74_quantile_0.01,logistic
CH0503,taylor swift,0,0,-0.3184820957741762,decision_margin,2,v4_lr_std74_quantile_0.01,logistic
CH0506,bruno mars,0,0,-0.6172368506560223,decision_margin,2,v4_lr_std74_quantile_0.01,logistic
CH0534,taylor swift,0,1,0.08720339429733436,decision_margin,2,v4_lr_std74_quantile_0.01,logistic
CH0536,justin bieber,0,1,0.06415262031674018,decision_margin,2,v4_lr_std74_quantile_0.01,logistic
CH0541,justin bieber,0,0,-0.8989646418881693,decision_margin,2,v4_lr_std74_quantile_0.01,logistic
CH0546,justin bieber,0,0,-0.5581666478665266,decision_margin,2,v4_lr_std74_quantile_0.01,logistic
CH0547,justin bieber,0,0,-0.419915981518867,decision_margin,2,v4_lr_std74_quantile_0.01,logistic
CH0548,justin bieber,0,0,-0.5727345182490331,decision_margin,2,v4_lr_std74_quantile_0.01,logistic
CH0549,justin bieber,0,0,-0.10089085491332873,decision_margin,2,v4_lr_std74_quantile_0.01,logistic
CH0551,justin bieber,0,0,-0.16225138804233508,decision_margin,2,v4_lr_std74_quantile_0.01,logistic
CH0554,justin bieber,0,0,-0.3543466769405752,decision_margin,2,v4_lr_std74_quantile_0.01,logistic
CH0558,justin bieber,0,0,-0.3173900440566003,decision_margin,2,v4_lr_std74_quantile_0.01,logistic
CH0584,usher,0,1,0.29727332096315817,decision_margin,2,v4_lr_std74_quantile_0.01,logistic
CH0585,bruno mars,0,0,-0.5916483465070601,decision_margin,2,v4_lr_std74_quantile_0.01,logistic
CH0593,justin bieber,0,0,-0.42648964042681686,decision_margin,2,v4_lr_std74_quantile_0.01,logistic
CH0598,daughtry,0,0,-0.54213905551033,decision_margin,2,v4_lr_std74_quantile_0.01,logistic
CH0603,bruno mars,0,0,-0.37411476423706175,decision_margin,2,v4_lr_std74_quantile_0.01,logistic
CH0624,taylor swift,0,1,0.12414899213683839,decision_margin,2,v4_lr_std74_quantile_0.01,logistic
CH0629,taylor swift,0,1,0.0907772786990963,decision_margin,2,v4_lr_std74_quantile_0.01,logistic
CH0630,taylor swift,0,0,-0.3642000234799848,decision_margin,2,v4_lr_std74_quantile_0.01,logistic
CH0633,justin bieber,0,1,0.09172893807126908,decision_margin,2,v4_lr_std74_quantile_0.01,logistic
CH0635,nickelback,0,1,0.5063143541658996,decision_margin,2,v4_lr_std74_quantile_0.01,logistic
CH0640,taylor swift,0,1,0.09524450091392811,decision_margin,2,v4_lr_std74_quantile_0.01,logistic
CH0641,taylor swift,0,1,0.15390848695100817,decision_margin,2,v4_lr_std74_quantile_0.01,logistic
CH0646,taylor swift,0,1,0.22799145855411052,decision_margin,2,v4_lr_std74_quantile_0.01,logistic
CH0651,taylor swift,0,1,0.6361035853147392,decision_margin,2,v4_lr_std74_quantile_0.01,logistic
CH0658,daughtry,0,1,0.3010402626193497,decision_margin,2,v4_lr_std74_quantile_0.01,logistic
CH0662,nickelback,0,1,0.048339679344089496,decision_margin,2,v4_lr_std74_quantile_0.01,logistic
CH0666,justin bieber,0,1,0.45676150778479213,decision_margin,2,v4_lr_std74_quantile_0.01,logistic
CH0670,taylor swift,0,1,0.13985997965916375,decision_margin,2,v4_lr_std74_quantile_0.01,logistic
CH0672,taylor swift,0,1,0.049793377966845076,decision_margin,2,v4_lr_std74_quantile_0.01,logistic
CH0676,justin bieber,0,1,0.02376290588362714,decision_margin,2,v4_lr_std74_quantile_0.01,logistic
CH0677,usher,0,1,0.18697349651012013,decision_margin,2,v4_lr_std74_quantile_0.01,logistic
CH0678,nickelback,0,0,-0.7741395797391402,decision_margin,2,v4_lr_std74_quantile_0.01,logistic
CH0683,justin bieber,0,0,-0.6132940342046341,decision_margin,2,v4_lr_std74_quantile_0.01,logistic
CH0685,justin bieber,0,1,0.03378901183075494,decision_margin,2,v4_lr_std74_quantile_0.01,logistic
CH0688,sean paul,0,1,0.7754695145196407,decision_margin,2,v4_lr_std74_quantile_0.01,logistic
CH0690,daughtry,0,0,-0.47231766593521707,decision_margin,2,v4_lr_std74_quantile_0.01,logistic
CH0697,taylor swift,0,1,0.4907706293684821,decision_margin,2,v4_lr_std74_quantile_0.01,logistic
CH0699,usher,0,0,-0.34567936805690624,decision_margin,2,v4_lr_std74_quantile_0.01,logistic
CH0703,daughtry,0,0,-0.5912359884334004,decision_margin,2,v4_lr_std74_quantile_0.01,logistic
CH0704,nickelback,0,0,-0.30410535394380345,decision_margin,2,v4_lr_std74_quantile_0.01,logistic
CH0707,taylor swift,0,0,-0.18369503407831395,decision_margin,2,v4_lr_std74_quantile_0.01,logistic
CH0711,usher,0,1,0.5059444186535145,decision_margin,2,v4_lr_std74_quantile_0.01,logistic
CH0715,taylor swift,0,1,0.014943683038356661,decision_margin,2,v4_lr_std74_quantile_0.01,logistic
CH0719,daughtry,0,0,-0.030697215585741167,decision_margin,2,v4_lr_std74_quantile_0.01,logistic
CH0740,taylor swift,0,0,-0.23698116861912244,decision_margin,2,v4_lr_std74_quantile_0.01,logistic
CH0005,bts,1,1,0.37985930299849063,decision_margin,3,boost_anova,gradient_boosting
CH0014,bts,1,0,-0.07979833793506583,decision_margin,3,boost_anova,gradient_boosting
CH0024,post malone,1,1,0.8185413967179849,decision_margin,3,boost_anova,gradient_boosting
CH0034,lil baby,1,0,-0.059623673795199346,decision_margin,3,boost_anova,gradient_boosting
CH0039,lil baby,1,1,0.10375433787601579,decision_margin,3,boost_anova,gradient_boosting
CH0040,lil baby,1,0,-0.225649118756072,decision_margin,3,boost_anova,gradient_boosting
CH0042,lil baby,1,0,-0.44438255085116035,decision_margin,3,boost_anova,gradient_boosting
CH0043,halsey,1,1,0.0809180918875129,decision_margin,3,boost_anova,gradient_boosting
CH0049,halsey,1,0,-0.06716267508206242,decision_margin,3,boost_anova,gradient_boosting
CH0050,post malone,1,0,-0.37246279582013614,decision_margin,3,boost_anova,gradient_boosting
CH0057,post malone,1,0,-0.11362577897817895,decision_margin,3,boost_anova,gradient_boosting
CH0068,lil baby,1,0,-0.1583339136342569,decision_margin,3,boost_anova,gradient_boosting
CH0069,p!nk,1,1,0.21210897534575476,decision_margin,3,boost_anova,gradient_boosting
CH0080,halsey,1,0,-0.1890324728266065,decision_margin,3,boost_anova,gradient_boosting
CH0082,post malone,1,0,-0.5944288616973296,decision_margin,3,boost_anova,gradient_boosting
CH0109,halsey,1,0,-0.6755889155390649,decision_margin,3,boost_anova,gradient_boosting
CH0114,p!nk,1,1,0.05884680512871372,decision_margin,3,boost_anova,gradient_boosting
CH0116,adele,1,1,0.15608492194539192,decision_margin,3,boost_anova,gradient_boosting
CH0122,adele,1,0,-0.037907719668647914,decision_margin,3,boost_anova,gradient_boosting
CH0127,adele,1,1,0.09748812289390461,decision_margin,3,boost_anova,gradient_boosting
CH0130,p!nk,1,0,-0.3624516111096767,decision_margin,3,boost_anova,gradient_boosting
CH0137,post malone,1,0,-0.3941466024937611,decision_margin,3,boost_anova,gradient_boosting
CH0142,adele,1,1,0.3213005978354464,decision_margin,3,boost_anova,gradient_boosting
CH0160,beyonce,1,0,-0.5642430128470038,decision_margin,3,boost_anova,gradient_boosting
CH0161,one direction,1,1,0.05149008201271669,decision_margin,3,boost_anova,gradient_boosting
CH0165,one direction,1,0,-0.037907719668647914,decision_margin,3,boost_anova,gradient_boosting
CH0169,one direction,1,1,0.4399529163410218,decision_margin,3,boost_anova,gradient_boosting
CH0171,nicki minaj,1,0,-0.2309744470686795,decision_margin,3,boost_anova,gradient_boosting
CH0178,beyonce,1,0,-0.6943992458655631,decision_margin,3,boost_anova,gradient_boosting
CH0192,p!nk,1,0,-0.1588980199913905,decision_margin,3,boost_anova,gradient_boosting
CH0197,one direction,1,1,0.3088811962169538,decision_margin,3,boost_anova,gradient_boosting
CH0201,nicki minaj,1,0,-0.45184941279104124,decision_margin,3,boost_anova,gradient_boosting
CH0202,one direction,1,0,-0.4814108637720319,decision_margin,3,boost_anova,gradient_boosting
CH0203,adele,1,0,-0.5486216336622401,decision_margin,3,boost_anova,gradient_boosting
CH0211,p!nk,1,1,0.06466565316973374,decision_margin,3,boost_anova,gradient_boosting
CH0213,adele,1,0,-0.40336043332172733,decision_margin,3,boost_anova,gradient_boosting
CH0215,adele,1,1,0.027790866486992204,decision_margin,3,boost_anova,gradient_boosting
CH0218,adele,1,1,0.2405568302296204,decision_margin,3,boost_anova,gradient_boosting
CH0220,nicki minaj,1,0,-0.04193029324229272,decision_margin,3,boost_anova,gradient_boosting
CH0225,nicki minaj,1,0,-0.040435595765020996,decision_margin,3,boost_anova,gradient_boosting
CH0229,p!nk,1,1,0.3267381193750876,decision_margin,3,boost_anova,gradient_boosting
CH0231,p!nk,1,0,-0.04949013626718792,decision_margin,3,boost_anova,gradient_boosting
CH0232,lil wayne,1,0,-0.4330340515363461,decision_margin,3,boost_anova,gradient_boosting
CH0250,beyonce,1,0,-0.21384979137658355,decision_margin,3,boost_anova,gradient_boosting
CH0265,nicki minaj,1,0,-0.38400320101210617,decision_margin,3,boost_anova,gradient_boosting
CH0271,beyonce,1,0,-0.1421019010197807,decision_margin,3,boost_anova,gradient_boosting
CH0277,beyonce,1,1,0.42325141029209445,decision_margin,3,boost_anova,gradient_boosting
CH0281,beyonce,1,1,0.19961538580385144,decision_margin,3,boost_anova,gradient_boosting
CH0286,p!nk,1,0,-0.015319985026698396,decision_margin,3,boost_anova,gradient_boosting
CH0290,p!nk,1,1,0.25271651303631115,decision_margin,3,boost_anova,gradient_boosting
CH0291,beyonce,1,1,0.01699315706849633,decision_margin,3,boost_anova,gradient_boosting
CH0293,p!nk,1,1,0.27341342184495077,decision_margin,3,boost_anova,gradient_boosting
CH0302,beyonce,1,0,-0.21023138241777833,decision_margin,3,boost_anova,gradient_boosting
CH0316,lil wayne,1,0,-0.424832284580629,decision_margin,3,boost_anova,gradient_boosting
CH0325,beyonce,1,1,0.18826628374213497,decision_margin,3,boost_anova,gradient_boosting
CH0336,p!nk,1,0,-0.4983125166871578,decision_margin,3,boost_anova,gradient_boosting
CH0343,p!nk,1,0,-0.5950847375583567,decision_margin,3,boost_anova,gradient_boosting
CH0357,t.i.,1,0,-0.28512536592418214,decision_margin,3,boost_anova,gradient_boosting
CH0366,p!nk,1,0,-0.005519293742419881,decision_margin,3,boost_anova,gradient_boosting
CH0367,adele,0,0,-0.12621004581607267,decision_margin,3,boost_anova,gradient_boosting
CH0369,adele,0,1,0.12490579755556773,decision_margin,3,boost_anova,gradient_boosting
CH0371,adele,0,0,-0.16922095594444211,decision_margin,3,boost_anova,gradient_boosting
CH0372,adele,0,1,0.12229028270085571,decision_margin,3,boost_anova,gradient_boosting
CH0373,adele,0,0,-0.21554038862183306,decision_margin,3,boost_anova,gradient_boosting
CH0374,adele,0,1,0.319299200922231,decision_margin,3,boost_anova,gradient_boosting
CH0376,adele,0,0,-0.24934471668481004,decision_margin,3,boost_anova,gradient_boosting
CH0378,adele,0,1,0.9003160244198752,decision_margin,3,boost_anova,gradient_boosting
CH0380,adele,0,0,-0.29860493864783766,decision_margin,3,boost_anova,gradient_boosting
CH0381,adele,0,0,-0.21359616314641236,decision_margin,3,boost_anova,gradient_boosting
CH0382,adele,0,0,-0.35994948578468455,decision_margin,3,boost_anova,gradient_boosting
CH0391,bts,0,0,-0.14522621239886702,decision_margin,3,boost_anova,gradient_boosting
CH0392,post malone,0,0,-0.03527325300680777,decision_margin,3,boost_anova,gradient_boosting
CH0416,bts,0,0,-0.12080576747684323,decision_margin,3,boost_anova,gradient_boosting
CH0417,bts,0,0,-0.10085249949673386,decision_margin,3,boost_anova,gradient_boosting
CH0418,bts,0,1,0.04084925219030021,decision_margin,3,boost_anova,gradient_boosting
CH0422,bts,0,0,-0.07979833793506583,decision_margin,3,boost_anova,gradient_boosting
CH0423,bts,0,0,-0.27055168410332014,decision_margin,3,boost_anova,gradient_boosting
CH0424,bts,0,1,0.0497842099290031,decision_margin,3,boost_anova,gradient_boosting
CH0456,halsey,0,0,-0.5056869358769922,decision_margin,3,boost_anova,gradient_boosting
CH0464,halsey,0,0,-0.5788166946678657,decision_margin,3,boost_anova,gradient_boosting
CH0466,beyonce,0,1,0.1845689796422517,decision_margin,3,boost_anova,gradient_boosting
CH0468,nicki minaj,0,0,-0.10877429321320979,decision_margin,3,boost_anova,gradient_boosting
CH0470,lil baby,0,0,-0.35848558568224065,decision_margin,3,boost_anova,gradient_boosting
CH0478,lil wayne,0,0,-0.1583339136342569,decision_margin,3,boost_anova,gradient_boosting
CH0493,p!nk,0,0,-0.3248933784040877,decision_margin,3,boost_anova,gradient_boosting
CH0496,post malone,0,0,-0.43494775987591533,decision_margin,3,boost_anova,gradient_boosting
CH0498,lil baby,0,0,-0.06002811968277633,decision_margin,3,boost_anova,gradient_boosting
CH0505,post malone,0,0,-0.27338687013783886,decision_margin,3,boost_anova,gradient_boosting
CH0516,nicki minaj,0,1,0.16181326188885634,decision_margin,3,boost_anova,gradient_boosting
CH0543,halsey,0,1,0.3373290511008195,decision_margin,3,boost_anova,gradient_boosting
CH0552,one direction,0,0,-0.5129096504206159,decision_margin,3,boost_anova,gradient_boosting
CH0553,one direction,0,1,0.27983959967958727,decision_margin,3,boost_anova,gradient_boosting
CH0555,one direction,0,0,-0.09345111483831248,decision_margin,3,boost_anova,gradient_boosting
CH0557,one direction,0,0,-0.4420966467360567,decision_margin,3,boost_anova,gradient_boosting
CH0559,one direction,0,0,-0.2009724210294327,decision_margin,3,boost_anova,gradient_boosting
CH0561,nicki minaj,0,0,-0.43342971789121343,decision_margin,3,boost_anova,gradient_boosting
CH0576,one direction,0,0,-0.06915750811264937,decision_margin,3,boost_anova,gradient_boosting
CH0581,one direction,0,0,-0.10457148157376207,decision_margin,3,boost_anova,gradient_boosting
CH0582,nicki minaj,0,0,-0.33869859467306174,decision_margin,3,boost_anova,gradient_boosting
CH0590,beyonce,0,1,0.7207002688530555,decision_margin,3,boost_anova,gradient_boosting
CH0600,one direction,0,1,0.616534354659659,decision_margin,3,boost_anova,gradient_boosting
CH0601,one direction,0,0,-0.29962918409914285,decision_margin,3,boost_anova,gradient_boosting
CH0604,one direction,0,1,0.24992450277893394,decision_margin,3,boost_anova,gradient_boosting
CH0612,one direction,0,0,-0.44080413708104793,decision_margin,3,boost_anova,gradient_boosting
CH0618,nicki minaj,0,1,0.052648579569788814,decision_margin,3,boost_anova,gradient_boosting
CH0619,one direction,0,0,-0.16095839177680107,decision_margin,3,boost_anova,gradient_boosting
CH0622,adele,0,1,0.175674031433676,decision_margin,3,boost_anova,gradient_boosting
CH0623,one direction,0,1,1.1151554477342713,decision_margin,3,boost_anova,gradient_boosting
CH0627,beyonce,0,1,0.05995997673649098,decision_margin,3,boost_anova,gradient_boosting
CH0628,one direction,0,0,-0.05138592595556994,decision_margin,3,boost_anova,gradient_boosting
CH0637,lil wayne,0,0,-0.022560976533049892,decision_margin,3,boost_anova,gradient_boosting
CH0638,beyonce,0,1,0.35390528499618534,decision_margin,3,boost_anova,gradient_boosting
CH0639,nicki minaj,0,0,-0.025595786455887098,decision_margin,3,boost_anova,gradient_boosting
CH0653,nicki minaj,0,0,-0.08855954684110687,decision_margin,3,boost_anova,gradient_boosting
CH0655,nicki minaj,0,1,0.21210897534575476,decision_margin,3,boost_anova,gradient_boosting
CH0663,p!nk,0,0,-0.14638470995593916,decision_margin,3,boost_anova,gradient_boosting
CH0681,lil wayne,0,0,-0.36072430003379263,decision_margin,3,boost_anova,gradient_boosting
CH0682,p!nk,0,0,-0.12784266223855908,decision_margin,3,boost_anova,gradient_boosting
CH0687,beyonce,0,0,-0.11403022486575586,decision_margin,3,boost_anova,gradient_boosting
CH0693,lil wayne,0,1,0.09748812289390461,decision_margin,3,boost_anova,gradient_boosting
CH0733,beyonce,0,1,0.09755341820564191,decision_margin,3,boost_anova,gradient_boosting
CH0743,beyonce,0,0,-0.1314890117251677,decision_margin,3,boost_anova,gradient_boosting
CH0744,beyonce,0,1,0.24907958266266164,decision_margin,3,boost_anova,gradient_boosting
CH0005,bts,1,0,0.4873417721518987,uncalibrated_class_1_probability,3,control_dummy,dummy
CH0014,bts,1,0,0.4873417721518987,uncalibrated_class_1_probability,3,control_dummy,dummy
CH0024,post malone,1,0,0.4873417721518987,uncalibrated_class_1_probability,3,control_dummy,dummy
CH0034,lil baby,1,0,0.4873417721518987,uncalibrated_class_1_probability,3,control_dummy,dummy
CH0039,lil baby,1,0,0.4873417721518987,uncalibrated_class_1_probability,3,control_dummy,dummy
CH0040,lil baby,1,0,0.4873417721518987,uncalibrated_class_1_probability,3,control_dummy,dummy
CH0042,lil baby,1,0,0.4873417721518987,uncalibrated_class_1_probability,3,control_dummy,dummy
CH0043,halsey,1,0,0.4873417721518987,uncalibrated_class_1_probability,3,control_dummy,dummy
CH0049,halsey,1,0,0.4873417721518987,uncalibrated_class_1_probability,3,control_dummy,dummy
CH0050,post malone,1,0,0.4873417721518987,uncalibrated_class_1_probability,3,control_dummy,dummy
CH0057,post malone,1,0,0.4873417721518987,uncalibrated_class_1_probability,3,control_dummy,dummy
CH0068,lil baby,1,0,0.4873417721518987,uncalibrated_class_1_probability,3,control_dummy,dummy
CH0069,p!nk,1,0,0.4873417721518987,uncalibrated_class_1_probability,3,control_dummy,dummy
CH0080,halsey,1,0,0.4873417721518987,uncalibrated_class_1_probability,3,control_dummy,dummy
CH0082,post malone,1,0,0.4873417721518987,uncalibrated_class_1_probability,3,control_dummy,dummy
CH0109,halsey,1,0,0.4873417721518987,uncalibrated_class_1_probability,3,control_dummy,dummy
CH0114,p!nk,1,0,0.4873417721518987,uncalibrated_class_1_probability,3,control_dummy,dummy
CH0116,adele,1,0,0.4873417721518987,uncalibrated_class_1_probability,3,control_dummy,dummy
CH0122,adele,1,0,0.4873417721518987,uncalibrated_class_1_probability,3,control_dummy,dummy
CH0127,adele,1,0,0.4873417721518987,uncalibrated_class_1_probability,3,control_dummy,dummy
CH0130,p!nk,1,0,0.4873417721518987,uncalibrated_class_1_probability,3,control_dummy,dummy
CH0137,post malone,1,0,0.4873417721518987,uncalibrated_class_1_probability,3,control_dummy,dummy
CH0142,adele,1,0,0.4873417721518987,uncalibrated_class_1_probability,3,control_dummy,dummy
CH0160,beyonce,1,0,0.4873417721518987,uncalibrated_class_1_probability,3,control_dummy,dummy
CH0161,one direction,1,0,0.4873417721518987,uncalibrated_class_1_probability,3,control_dummy,dummy
CH0165,one direction,1,0,0.4873417721518987,uncalibrated_class_1_probability,3,control_dummy,dummy
CH0169,one direction,1,0,0.4873417721518987,uncalibrated_class_1_probability,3,control_dummy,dummy
CH0171,nicki minaj,1,0,0.4873417721518987,uncalibrated_class_1_probability,3,control_dummy,dummy
CH0178,beyonce,1,0,0.4873417721518987,uncalibrated_class_1_probability,3,control_dummy,dummy
CH0192,p!nk,1,0,0.4873417721518987,uncalibrated_class_1_probability,3,control_dummy,dummy
CH0197,one direction,1,0,0.4873417721518987,uncalibrated_class_1_probability,3,control_dummy,dummy
CH0201,nicki minaj,1,0,0.4873417721518987,uncalibrated_class_1_probability,3,control_dummy,dummy
CH0202,one direction,1,0,0.4873417721518987,uncalibrated_class_1_probability,3,control_dummy,dummy
CH0203,adele,1,0,0.4873417721518987,uncalibrated_class_1_probability,3,control_dummy,dummy
CH0211,p!nk,1,0,0.4873417721518987,uncalibrated_class_1_probability,3,control_dummy,dummy
CH0213,adele,1,0,0.4873417721518987,uncalibrated_class_1_probability,3,control_dummy,dummy
CH0215,adele,1,0,0.4873417721518987,uncalibrated_class_1_probability,3,control_dummy,dummy
CH0218,adele,1,0,0.4873417721518987,uncalibrated_class_1_probability,3,control_dummy,dummy
CH0220,nicki minaj,1,0,0.4873417721518987,uncalibrated_class_1_probability,3,control_dummy,dummy
CH0225,nicki minaj,1,0,0.4873417721518987,uncalibrated_class_1_probability,3,control_dummy,dummy
CH0229,p!nk,1,0,0.4873417721518987,uncalibrated_class_1_probability,3,control_dummy,dummy
CH0231,p!nk,1,0,0.4873417721518987,uncalibrated_class_1_probability,3,control_dummy,dummy
CH0232,lil wayne,1,0,0.4873417721518987,uncalibrated_class_1_probability,3,control_dummy,dummy
CH0250,beyonce,1,0,0.4873417721518987,uncalibrated_class_1_probability,3,control_dummy,dummy
CH0265,nicki minaj,1,0,0.4873417721518987,uncalibrated_class_1_probability,3,control_dummy,dummy
CH0271,beyonce,1,0,0.4873417721518987,uncalibrated_class_1_probability,3,control_dummy,dummy
CH0277,beyonce,1,0,0.4873417721518987,uncalibrated_class_1_probability,3,control_dummy,dummy
CH0281,beyonce,1,0,0.4873417721518987,uncalibrated_class_1_probability,3,control_dummy,dummy
CH0286,p!nk,1,0,0.4873417721518987,uncalibrated_class_1_probability,3,control_dummy,dummy
CH0290,p!nk,1,0,0.4873417721518987,uncalibrated_class_1_probability,3,control_dummy,dummy
CH0291,beyonce,1,0,0.4873417721518987,uncalibrated_class_1_probability,3,control_dummy,dummy
CH0293,p!nk,1,0,0.4873417721518987,uncalibrated_class_1_probability,3,control_dummy,dummy
CH0302,beyonce,1,0,0.4873417721518987,uncalibrated_class_1_probability,3,control_dummy,dummy
CH0316,lil wayne,1,0,0.4873417721518987,uncalibrated_class_1_probability,3,control_dummy,dummy
CH0325,beyonce,1,0,0.4873417721518987,uncalibrated_class_1_probability,3,control_dummy,dummy
CH0336,p!nk,1,0,0.4873417721518987,uncalibrated_class_1_probability,3,control_dummy,dummy
CH0343,p!nk,1,0,0.4873417721518987,uncalibrated_class_1_probability,3,control_dummy,dummy
CH0357,t.i.,1,0,0.4873417721518987,uncalibrated_class_1_probability,3,control_dummy,dummy
CH0366,p!nk,1,0,0.4873417721518987,uncalibrated_class_1_probability,3,control_dummy,dummy
CH0367,adele,0,0,0.4873417721518987,uncalibrated_class_1_probability,3,control_dummy,dummy
CH0369,adele,0,0,0.4873417721518987,uncalibrated_class_1_probability,3,control_dummy,dummy
CH0371,adele,0,0,0.4873417721518987,uncalibrated_class_1_probability,3,control_dummy,dummy
CH0372,adele,0,0,0.4873417721518987,uncalibrated_class_1_probability,3,control_dummy,dummy
CH0373,adele,0,0,0.4873417721518987,uncalibrated_class_1_probability,3,control_dummy,dummy
CH0374,adele,0,0,0.4873417721518987,uncalibrated_class_1_probability,3,control_dummy,dummy
CH0376,adele,0,0,0.4873417721518987,uncalibrated_class_1_probability,3,control_dummy,dummy
CH0378,adele,0,0,0.4873417721518987,uncalibrated_class_1_probability,3,control_dummy,dummy
CH0380,adele,0,0,0.4873417721518987,uncalibrated_class_1_probability,3,control_dummy,dummy
CH0381,adele,0,0,0.4873417721518987,uncalibrated_class_1_probability,3,control_dummy,dummy
CH0382,adele,0,0,0.4873417721518987,uncalibrated_class_1_probability,3,control_dummy,dummy
CH0391,bts,0,0,0.4873417721518987,uncalibrated_class_1_probability,3,control_dummy,dummy
CH0392,post malone,0,0,0.4873417721518987,uncalibrated_class_1_probability,3,control_dummy,dummy
CH0416,bts,0,0,0.4873417721518987,uncalibrated_class_1_probability,3,control_dummy,dummy
CH0417,bts,0,0,0.4873417721518987,uncalibrated_class_1_probability,3,control_dummy,dummy
CH0418,bts,0,0,0.4873417721518987,uncalibrated_class_1_probability,3,control_dummy,dummy
CH0422,bts,0,0,0.4873417721518987,uncalibrated_class_1_probability,3,control_dummy,dummy
CH0423,bts,0,0,0.4873417721518987,uncalibrated_class_1_probability,3,control_dummy,dummy
CH0424,bts,0,0,0.4873417721518987,uncalibrated_class_1_probability,3,control_dummy,dummy
CH0456,halsey,0,0,0.4873417721518987,uncalibrated_class_1_probability,3,control_dummy,dummy
CH0464,halsey,0,0,0.4873417721518987,uncalibrated_class_1_probability,3,control_dummy,dummy
CH0466,beyonce,0,0,0.4873417721518987,uncalibrated_class_1_probability,3,control_dummy,dummy
CH0468,nicki minaj,0,0,0.4873417721518987,uncalibrated_class_1_probability,3,control_dummy,dummy
CH0470,lil baby,0,0,0.4873417721518987,uncalibrated_class_1_probability,3,control_dummy,dummy
CH0478,lil wayne,0,0,0.4873417721518987,uncalibrated_class_1_probability,3,control_dummy,dummy
CH0493,p!nk,0,0,0.4873417721518987,uncalibrated_class_1_probability,3,control_dummy,dummy
CH0496,post malone,0,0,0.4873417721518987,uncalibrated_class_1_probability,3,control_dummy,dummy
CH0498,lil baby,0,0,0.4873417721518987,uncalibrated_class_1_probability,3,control_dummy,dummy
CH0505,post malone,0,0,0.4873417721518987,uncalibrated_class_1_probability,3,control_dummy,dummy
CH0516,nicki minaj,0,0,0.4873417721518987,uncalibrated_class_1_probability,3,control_dummy,dummy
CH0543,halsey,0,0,0.4873417721518987,uncalibrated_class_1_probability,3,control_dummy,dummy
CH0552,one direction,0,0,0.4873417721518987,uncalibrated_class_1_probability,3,control_dummy,dummy
CH0553,one direction,0,0,0.4873417721518987,uncalibrated_class_1_probability,3,control_dummy,dummy
CH0555,one direction,0,0,0.4873417721518987,uncalibrated_class_1_probability,3,control_dummy,dummy
CH0557,one direction,0,0,0.4873417721518987,uncalibrated_class_1_probability,3,control_dummy,dummy
CH0559,one direction,0,0,0.4873417721518987,uncalibrated_class_1_probability,3,control_dummy,dummy
CH0561,nicki minaj,0,0,0.4873417721518987,uncalibrated_class_1_probability,3,control_dummy,dummy
CH0576,one direction,0,0,0.4873417721518987,uncalibrated_class_1_probability,3,control_dummy,dummy
CH0581,one direction,0,0,0.4873417721518987,uncalibrated_class_1_probability,3,control_dummy,dummy
CH0582,nicki minaj,0,0,0.4873417721518987,uncalibrated_class_1_probability,3,control_dummy,dummy
CH0590,beyonce,0,0,0.4873417721518987,uncalibrated_class_1_probability,3,control_dummy,dummy
CH0600,one direction,0,0,0.4873417721518987,uncalibrated_class_1_probability,3,control_dummy,dummy
CH0601,one direction,0,0,0.4873417721518987,uncalibrated_class_1_probability,3,control_dummy,dummy
CH0604,one direction,0,0,0.4873417721518987,uncalibrated_class_1_probability,3,control_dummy,dummy
CH0612,one direction,0,0,0.4873417721518987,uncalibrated_class_1_probability,3,control_dummy,dummy
CH0618,nicki minaj,0,0,0.4873417721518987,uncalibrated_class_1_probability,3,control_dummy,dummy
CH0619,one direction,0,0,0.4873417721518987,uncalibrated_class_1_probability,3,control_dummy,dummy
CH0622,adele,0,0,0.4873417721518987,uncalibrated_class_1_probability,3,control_dummy,dummy
CH0623,one direction,0,0,0.4873417721518987,uncalibrated_class_1_probability,3,control_dummy,dummy
CH0627,beyonce,0,0,0.4873417721518987,uncalibrated_class_1_probability,3,control_dummy,dummy
CH0628,one direction,0,0,0.4873417721518987,uncalibrated_class_1_probability,3,control_dummy,dummy
CH0637,lil wayne,0,0,0.4873417721518987,uncalibrated_class_1_probability,3,control_dummy,dummy
CH0638,beyonce,0,0,0.4873417721518987,uncalibrated_class_1_probability,3,control_dummy,dummy
CH0639,nicki minaj,0,0,0.4873417721518987,uncalibrated_class_1_probability,3,control_dummy,dummy
CH0653,nicki minaj,0,0,0.4873417721518987,uncalibrated_class_1_probability,3,control_dummy,dummy
CH0655,nicki minaj,0,0,0.4873417721518987,uncalibrated_class_1_probability,3,control_dummy,dummy
CH0663,p!nk,0,0,0.4873417721518987,uncalibrated_class_1_probability,3,control_dummy,dummy
CH0681,lil wayne,0,0,0.4873417721518987,uncalibrated_class_1_probability,3,control_dummy,dummy
CH0682,p!nk,0,0,0.4873417721518987,uncalibrated_class_1_probability,3,control_dummy,dummy
CH0687,beyonce,0,0,0.4873417721518987,uncalibrated_class_1_probability,3,control_dummy,dummy
CH0693,lil wayne,0,0,0.4873417721518987,uncalibrated_class_1_probability,3,control_dummy,dummy
CH0733,beyonce,0,0,0.4873417721518987,uncalibrated_class_1_probability,3,control_dummy,dummy
CH0743,beyonce,0,0,0.4873417721518987,uncalibrated_class_1_probability,3,control_dummy,dummy
CH0744,beyonce,0,0,0.4873417721518987,uncalibrated_class_1_probability,3,control_dummy,dummy
CH0005,bts,1,0,0.08635184128445136,uncalibrated_class_1_probability,3,control_mlp,mlp
CH0014,bts,1,0,0.4471724536266053,uncalibrated_class_1_probability,3,control_mlp,mlp
CH0024,post malone,1,0,0.49565991424164974,uncalibrated_class_1_probability,3,control_mlp,mlp
CH0034,lil baby,1,1,0.8238316685260634,uncalibrated_class_1_probability,3,control_mlp,mlp
CH0039,lil baby,1,0,0.012886106170642906,uncalibrated_class_1_probability,3,control_mlp,mlp
CH0040,lil baby,1,0,0.49988961407361127,uncalibrated_class_1_probability,3,control_mlp,mlp
CH0042,lil baby,1,0,0.0047632250211960174,uncalibrated_class_1_probability,3,control_mlp,mlp
CH0043,halsey,1,1,0.9985599423564679,uncalibrated_class_1_probability,3,control_mlp,mlp
CH0049,halsey,1,1,0.6778673183282439,uncalibrated_class_1_probability,3,control_mlp,mlp
CH0050,post malone,1,0,0.4131772014362356,uncalibrated_class_1_probability,3,control_mlp,mlp
CH0057,post malone,1,0,0.030477174169494324,uncalibrated_class_1_probability,3,control_mlp,mlp
CH0068,lil baby,1,1,0.5980969054115737,uncalibrated_class_1_probability,3,control_mlp,mlp
CH0069,p!nk,1,1,0.891656528398559,uncalibrated_class_1_probability,3,control_mlp,mlp
CH0080,halsey,1,0,0.3215051369944533,uncalibrated_class_1_probability,3,control_mlp,mlp
CH0082,post malone,1,0,0.2727845270534233,uncalibrated_class_1_probability,3,control_mlp,mlp
CH0109,halsey,1,0,0.03021144562567234,uncalibrated_class_1_probability,3,control_mlp,mlp
CH0114,p!nk,1,1,0.7471707193682079,uncalibrated_class_1_probability,3,control_mlp,mlp
CH0116,adele,1,0,0.2535252940911767,uncalibrated_class_1_probability,3,control_mlp,mlp
CH0122,adele,1,1,0.9256577014409624,uncalibrated_class_1_probability,3,control_mlp,mlp
CH0127,adele,1,1,0.6847178963485987,uncalibrated_class_1_probability,3,control_mlp,mlp
CH0130,p!nk,1,1,0.5245668837691367,uncalibrated_class_1_probability,3,control_mlp,mlp
CH0137,post malone,1,1,0.979568066191952,uncalibrated_class_1_probability,3,control_mlp,mlp
CH0142,adele,1,1,0.9969078957559204,uncalibrated_class_1_probability,3,control_mlp,mlp
CH0160,beyonce,1,0,0.3203944015570393,uncalibrated_class_1_probability,3,control_mlp,mlp
CH0161,one direction,1,0,0.3372259101604511,uncalibrated_class_1_probability,3,control_mlp,mlp
CH0165,one direction,1,1,0.5898538077201,uncalibrated_class_1_probability,3,control_mlp,mlp
CH0169,one direction,1,1,0.9717317359186176,uncalibrated_class_1_probability,3,control_mlp,mlp
CH0171,nicki minaj,1,0,0.17714804985024268,uncalibrated_class_1_probability,3,control_mlp,mlp
CH0178,beyonce,1,0,0.1477149111214779,uncalibrated_class_1_probability,3,control_mlp,mlp
CH0192,p!nk,1,1,0.9913806786873197,uncalibrated_class_1_probability,3,control_mlp,mlp
CH0197,one direction,1,1,0.9720663392619818,uncalibrated_class_1_probability,3,control_mlp,mlp
CH0201,nicki minaj,1,1,0.9952653141789153,uncalibrated_class_1_probability,3,control_mlp,mlp
CH0202,one direction,1,1,0.9711797108281185,uncalibrated_class_1_probability,3,control_mlp,mlp
CH0203,adele,1,0,0.003240590505587494,uncalibrated_class_1_probability,3,control_mlp,mlp
CH0211,p!nk,1,1,0.8245002093110929,uncalibrated_class_1_probability,3,control_mlp,mlp
CH0213,adele,1,0,0.08623315362488827,uncalibrated_class_1_probability,3,control_mlp,mlp
CH0215,adele,1,0,0.12765187901025546,uncalibrated_class_1_probability,3,control_mlp,mlp
CH0218,adele,1,1,0.9772633134949189,uncalibrated_class_1_probability,3,control_mlp,mlp
CH0220,nicki minaj,1,1,0.9752887209486506,uncalibrated_class_1_probability,3,control_mlp,mlp
CH0225,nicki minaj,1,0,0.010322828320632353,uncalibrated_class_1_probability,3,control_mlp,mlp
CH0229,p!nk,1,1,0.9832555591333068,uncalibrated_class_1_probability,3,control_mlp,mlp
CH0231,p!nk,1,0,0.19053347676574198,uncalibrated_class_1_probability,3,control_mlp,mlp
CH0232,lil wayne,1,1,0.6200333914897803,uncalibrated_class_1_probability,3,control_mlp,mlp
CH0250,beyonce,1,0,0.005710598909186946,uncalibrated_class_1_probability,3,control_mlp,mlp
CH0265,nicki minaj,1,1,0.5424298483614763,uncalibrated_class_1_probability,3,control_mlp,mlp
CH0271,beyonce,1,1,0.9888703977796337,uncalibrated_class_1_probability,3,control_mlp,mlp
CH0277,beyonce,1,0,0.16882107040743316,uncalibrated_class_1_probability,3,control_mlp,mlp
CH0281,beyonce,1,1,0.7296033793424151,uncalibrated_class_1_probability,3,control_mlp,mlp
CH0286,p!nk,1,1,0.910189353553542,uncalibrated_class_1_probability,3,control_mlp,mlp
CH0290,p!nk,1,1,0.9435842330064925,uncalibrated_class_1_probability,3,control_mlp,mlp
CH0291,beyonce,1,1,0.9568930752223646,uncalibrated_class_1_probability,3,control_mlp,mlp
CH0293,p!nk,1,1,0.8650321207472155,uncalibrated_class_1_probability,3,control_mlp,mlp
CH0302,beyonce,1,1,0.9881431031633123,uncalibrated_class_1_probability,3,control_mlp,mlp
CH0316,lil wayne,1,1,0.7536640329204368,uncalibrated_class_1_probability,3,control_mlp,mlp
CH0325,beyonce,1,1,0.9881154522584965,uncalibrated_class_1_probability,3,control_mlp,mlp
CH0336,p!nk,1,1,0.7169300795509155,uncalibrated_class_1_probability,3,control_mlp,mlp
CH0343,p!nk,1,1,0.9158980887158544,uncalibrated_class_1_probability,3,control_mlp,mlp
CH0357,t.i.,1,0,0.09075154505052788,uncalibrated_class_1_probability,3,control_mlp,mlp
CH0366,p!nk,1,0,0.037056083118007406,uncalibrated_class_1_probability,3,control_mlp,mlp
CH0367,adele,0,1,0.8323035076566421,uncalibrated_class_1_probability,3,control_mlp,mlp
CH0369,adele,0,1,0.9826817685339165,uncalibrated_class_1_probability,3,control_mlp,mlp
CH0371,adele,0,1,0.9931926080508834,uncalibrated_class_1_probability,3,control_mlp,mlp
CH0372,adele,0,0,0.00048060647354140006,uncalibrated_class_1_probability,3,control_mlp,mlp
CH0373,adele,0,1,0.5590363414659767,uncalibrated_class_1_probability,3,control_mlp,mlp
CH0374,adele,0,1,0.8589220842166899,uncalibrated_class_1_probability,3,control_mlp,mlp
CH0376,adele,0,0,0.4295042856097282,uncalibrated_class_1_probability,3,control_mlp,mlp
CH0378,adele,0,1,0.9962872912146997,uncalibrated_class_1_probability,3,control_mlp,mlp
CH0380,adele,0,0,0.013348106115161884,uncalibrated_class_1_probability,3,control_mlp,mlp
CH0381,adele,0,0,0.01818944430580162,uncalibrated_class_1_probability,3,control_mlp,mlp
CH0382,adele,0,0,0.06801806896662276,uncalibrated_class_1_probability,3,control_mlp,mlp
CH0391,bts,0,0,0.012154979912856939,uncalibrated_class_1_probability,3,control_mlp,mlp
CH0392,post malone,0,1,0.9535374489319195,uncalibrated_class_1_probability,3,control_mlp,mlp
CH0416,bts,0,1,0.8637793971639092,uncalibrated_class_1_probability,3,control_mlp,mlp
CH0417,bts,0,0,0.02226740859354432,uncalibrated_class_1_probability,3,control_mlp,mlp
CH0418,bts,0,1,0.9790077330211819,uncalibrated_class_1_probability,3,control_mlp,mlp
CH0422,bts,0,1,0.9614672521733854,uncalibrated_class_1_probability,3,control_mlp,mlp
CH0423,bts,0,0,0.19488426193794778,uncalibrated_class_1_probability,3,control_mlp,mlp
CH0424,bts,0,0,0.26287759658737003,uncalibrated_class_1_probability,3,control_mlp,mlp
CH0456,halsey,0,1,0.7703547605042744,uncalibrated_class_1_probability,3,control_mlp,mlp
CH0464,halsey,0,0,0.08767877498512892,uncalibrated_class_1_probability,3,control_mlp,mlp
CH0466,beyonce,0,1,0.8553410999536519,uncalibrated_class_1_probability,3,control_mlp,mlp
CH0468,nicki minaj,0,1,0.8880147078355035,uncalibrated_class_1_probability,3,control_mlp,mlp
CH0470,lil baby,0,0,0.3874037116489181,uncalibrated_class_1_probability,3,control_mlp,mlp
CH0478,lil wayne,0,0,0.02962540478526743,uncalibrated_class_1_probability,3,control_mlp,mlp
CH0493,p!nk,0,0,1.7091710680454632e-06,uncalibrated_class_1_probability,3,control_mlp,mlp
CH0496,post malone,0,0,0.2803600274692312,uncalibrated_class_1_probability,3,control_mlp,mlp
CH0498,lil baby,0,0,0.49478415395350134,uncalibrated_class_1_probability,3,control_mlp,mlp
CH0505,post malone,0,0,0.44628771043185633,uncalibrated_class_1_probability,3,control_mlp,mlp
CH0516,nicki minaj,0,1,0.9881744434658495,uncalibrated_class_1_probability,3,control_mlp,mlp
CH0543,halsey,0,1,0.9907642386259613,uncalibrated_class_1_probability,3,control_mlp,mlp
CH0552,one direction,0,1,0.899967346682028,uncalibrated_class_1_probability,3,control_mlp,mlp
CH0553,one direction,0,0,0.019300963819279527,uncalibrated_class_1_probability,3,control_mlp,mlp
CH0555,one direction,0,1,0.8508957949794137,uncalibrated_class_1_probability,3,control_mlp,mlp
CH0557,one direction,0,1,0.953619308511431,uncalibrated_class_1_probability,3,control_mlp,mlp
CH0559,one direction,0,1,0.8370225388288041,uncalibrated_class_1_probability,3,control_mlp,mlp
CH0561,nicki minaj,0,1,0.8608125872189795,uncalibrated_class_1_probability,3,control_mlp,mlp
CH0576,one direction,0,0,0.14196744112235538,uncalibrated_class_1_probability,3,control_mlp,mlp
CH0581,one direction,0,1,0.9960512855533358,uncalibrated_class_1_probability,3,control_mlp,mlp
CH0582,nicki minaj,0,0,0.012850428500869043,uncalibrated_class_1_probability,3,control_mlp,mlp
CH0590,beyonce,0,0,0.16287074935055906,uncalibrated_class_1_probability,3,control_mlp,mlp
CH0600,one direction,0,1,0.9703624333364088,uncalibrated_class_1_probability,3,control_mlp,mlp
CH0601,one direction,0,0,0.2834787400117123,uncalibrated_class_1_probability,3,control_mlp,mlp
CH0604,one direction,0,0,0.3549904234458064,uncalibrated_class_1_probability,3,control_mlp,mlp
CH0612,one direction,0,0,0.014316660130316773,uncalibrated_class_1_probability,3,control_mlp,mlp
CH0618,nicki minaj,0,1,0.9317371380533523,uncalibrated_class_1_probability,3,control_mlp,mlp
CH0619,one direction,0,1,0.9580932040526932,uncalibrated_class_1_probability,3,control_mlp,mlp
CH0622,adele,0,0,0.488781450804265,uncalibrated_class_1_probability,3,control_mlp,mlp
CH0623,one direction,0,1,0.8955157506017443,uncalibrated_class_1_probability,3,control_mlp,mlp
CH0627,beyonce,0,1,0.8435709625652061,uncalibrated_class_1_probability,3,control_mlp,mlp
CH0628,one direction,0,1,0.7737368749394344,uncalibrated_class_1_probability,3,control_mlp,mlp
CH0637,lil wayne,0,0,0.14984982043505893,uncalibrated_class_1_probability,3,control_mlp,mlp
CH0638,beyonce,0,1,0.9138024933088722,uncalibrated_class_1_probability,3,control_mlp,mlp
CH0639,nicki minaj,0,1,0.7047392902476493,uncalibrated_class_1_probability,3,control_mlp,mlp
CH0653,nicki minaj,0,1,0.7901285470135446,uncalibrated_class_1_probability,3,control_mlp,mlp
CH0655,nicki minaj,0,1,0.8362852396988869,uncalibrated_class_1_probability,3,control_mlp,mlp
CH0663,p!nk,0,1,0.9772246619190352,uncalibrated_class_1_probability,3,control_mlp,mlp
CH0681,lil wayne,0,1,0.9660681898423557,uncalibrated_class_1_probability,3,control_mlp,mlp
CH0682,p!nk,0,1,0.7076181362086198,uncalibrated_class_1_probability,3,control_mlp,mlp
CH0687,beyonce,0,0,0.3272215181861542,uncalibrated_class_1_probability,3,control_mlp,mlp
CH0693,lil wayne,0,0,0.1367745126379479,uncalibrated_class_1_probability,3,control_mlp,mlp
CH0733,beyonce,0,1,0.9979783535365974,uncalibrated_class_1_probability,3,control_mlp,mlp
CH0743,beyonce,0,1,0.9947239545447938,uncalibrated_class_1_probability,3,control_mlp,mlp
CH0744,beyonce,0,1,0.7597349652203873,uncalibrated_class_1_probability,3,control_mlp,mlp
CH0005,bts,1,1,0.5620988160446365,uncalibrated_class_1_probability,3,control_random_forest,random_forest
CH0014,bts,1,1,0.5001075852252325,uncalibrated_class_1_probability,3,control_random_forest,random_forest
CH0024,post malone,1,0,0.4495411532911531,uncalibrated_class_1_probability,3,control_random_forest,random_forest
CH0034,lil baby,1,0,0.4543379342879343,uncalibrated_class_1_probability,3,control_random_forest,random_forest
CH0039,lil baby,1,0,0.3940973065118575,uncalibrated_class_1_probability,3,control_random_forest,random_forest
CH0040,lil baby,1,0,0.49176125804020554,uncalibrated_class_1_probability,3,control_random_forest,random_forest
CH0042,lil baby,1,0,0.36240190920190907,uncalibrated_class_1_probability,3,control_random_forest,random_forest
CH0043,halsey,1,0,0.3853806582306581,uncalibrated_class_1_probability,3,control_random_forest,random_forest
CH0049,halsey,1,1,0.518812596880244,uncalibrated_class_1_probability,3,control_random_forest,random_forest
CH0050,post malone,1,0,0.458120359379183,uncalibrated_class_1_probability,3,control_random_forest,random_forest
CH0057,post malone,1,0,0.4382070949518319,uncalibrated_class_1_probability,3,control_random_forest,random_forest
CH0068,lil baby,1,0,0.44561334221334215,uncalibrated_class_1_probability,3,control_random_forest,random_forest
CH0069,p!nk,1,1,0.5658493506493505,uncalibrated_class_1_probability,3,control_random_forest,random_forest
CH0080,halsey,1,0,0.4467069042069041,uncalibrated_class_1_probability,3,control_random_forest,random_forest
CH0082,post malone,1,0,0.40075510926981517,uncalibrated_class_1_probability,3,control_random_forest,random_forest
CH0109,halsey,1,0,0.2945107356695591,uncalibrated_class_1_probability,3,control_random_forest,random_forest
CH0114,p!nk,1,0,0.4905610334110335,uncalibrated_class_1_probability,3,control_random_forest,random_forest
CH0116,adele,1,1,0.5714331098725836,uncalibrated_class_1_probability,3,control_random_forest,random_forest
CH0122,adele,1,1,0.5625888724794298,uncalibrated_class_1_probability,3,control_random_forest,random_forest
CH0127,adele,1,1,0.6021744644244647,uncalibrated_class_1_probability,3,control_random_forest,random_forest
CH0130,p!nk,1,0,0.45606534021534006,uncalibrated_class_1_probability,3,control_random_forest,random_forest
CH0137,post malone,1,0,0.4183218892218893,uncalibrated_class_1_probability,3,control_random_forest,random_forest
CH0142,adele,1,1,0.6198465292877059,uncalibrated_class_1_probability,3,control_random_forest,random_forest
CH0160,beyonce,1,0,0.39561189366189353,uncalibrated_class_1_probability,3,control_random_forest,random_forest
CH0161,one direction,1,0,0.4867983090353058,uncalibrated_class_1_probability,3,control_random_forest,random_forest
CH0165,one direction,1,1,0.5636488093777566,uncalibrated_class_1_probability,3,control_random_forest,random_forest
CH0169,one direction,1,1,0.598472804800978,uncalibrated_class_1_probability,3,control_random_forest,random_forest
CH0171,nicki minaj,1,0,0.36419610944610953,uncalibrated_class_1_probability,3,control_random_forest,random_forest
CH0178,beyonce,1,0,0.4047942632530869,uncalibrated_class_1_probability,3,control_random_forest,random_forest
CH0192,p!nk,1,1,0.5122693845370315,uncalibrated_class_1_probability,3,control_random_forest,random_forest
CH0197,one direction,1,1,0.6179763292263296,uncalibrated_class_1_probability,3,control_random_forest,random_forest
CH0201,nicki minaj,1,0,0.4922911421911421,uncalibrated_class_1_probability,3,control_random_forest,random_forest
CH0202,one direction,1,0,0.3679287059345885,uncalibrated_class_1_probability,3,control_random_forest,random_forest
CH0203,adele,1,0,0.4446975393028027,uncalibrated_class_1_probability,3,control_random_forest,random_forest
CH0211,p!nk,1,0,0.44575235875235875,uncalibrated_class_1_probability,3,control_random_forest,random_forest
CH0213,adele,1,0,0.4857408868908871,uncalibrated_class_1_probability,3,control_random_forest,random_forest
CH0215,adele,1,1,0.5436790035214184,uncalibrated_class_1_probability,3,control_random_forest,random_forest
CH0218,adele,1,1,0.5466510045510045,uncalibrated_class_1_probability,3,control_random_forest,random_forest
CH0220,nicki minaj,1,0,0.47399181929181916,uncalibrated_class_1_probability,3,control_random_forest,random_forest
CH0225,nicki minaj,1,0,0.3836076756576757,uncalibrated_class_1_probability,3,control_random_forest,random_forest
CH0229,p!nk,1,1,0.5698887779575089,uncalibrated_class_1_probability,3,control_random_forest,random_forest
CH0231,p!nk,1,0,0.44859041350806056,uncalibrated_class_1_probability,3,control_random_forest,random_forest
CH0232,lil wayne,1,0,0.40424165834165826,uncalibrated_class_1_probability,3,control_random_forest,random_forest
CH0250,beyonce,1,1,0.5168886779886778,uncalibrated_class_1_probability,3,control_random_forest,random_forest
CH0265,nicki minaj,1,1,0.5530304134462032,uncalibrated_class_1_probability,3,control_random_forest,random_forest
CH0271,beyonce,1,1,0.5639044941986118,uncalibrated_class_1_probability,3,control_random_forest,random_forest
CH0277,beyonce,1,0,0.48368448153154064,uncalibrated_class_1_probability,3,control_random_forest,random_forest
CH0281,beyonce,1,0,0.4757567134619767,uncalibrated_class_1_probability,3,control_random_forest,random_forest
CH0286,p!nk,1,1,0.5423256547546024,uncalibrated_class_1_probability,3,control_random_forest,random_forest
CH0290,p!nk,1,1,0.539464940529027,uncalibrated_class_1_probability,3,control_random_forest,random_forest
CH0291,beyonce,1,1,0.6451247115457643,uncalibrated_class_1_probability,3,control_random_forest,random_forest
CH0293,p!nk,1,1,0.5643704795204795,uncalibrated_class_1_probability,3,control_random_forest,random_forest
CH0302,beyonce,1,0,0.4873475540799072,uncalibrated_class_1_probability,3,control_random_forest,random_forest
CH0316,lil wayne,1,1,0.5186530414030415,uncalibrated_class_1_probability,3,control_random_forest,random_forest
CH0325,beyonce,1,1,0.5769172993672996,uncalibrated_class_1_probability,3,control_random_forest,random_forest
CH0336,p!nk,1,0,0.30868833388833394,uncalibrated_class_1_probability,3,control_random_forest,random_forest
CH0343,p!nk,1,0,0.3837172716172717,uncalibrated_class_1_probability,3,control_random_forest,random_forest
CH0357,t.i.,1,0,0.4270576301063917,uncalibrated_class_1_probability,3,control_random_forest,random_forest
CH0366,p!nk,1,0,0.46272673992674007,uncalibrated_class_1_probability,3,control_random_forest,random_forest
CH0367,adele,0,0,0.4688009072798549,uncalibrated_class_1_probability,3,control_random_forest,random_forest
CH0369,adele,0,1,0.5996241634182806,uncalibrated_class_1_probability,3,control_random_forest,random_forest
CH0371,adele,0,0,0.475320906870907,uncalibrated_class_1_probability,3,control_random_forest,random_forest
CH0372,adele,0,0,0.4471453768453769,uncalibrated_class_1_probability,3,control_random_forest,random_forest
CH0373,adele,0,0,0.49137572690467407,uncalibrated_class_1_probability,3,control_random_forest,random_forest
CH0374,adele,0,1,0.5543820845820846,uncalibrated_class_1_probability,3,control_random_forest,random_forest
CH0376,adele,0,0,0.452554412254412,uncalibrated_class_1_probability,3,control_random_forest,random_forest
CH0378,adele,0,1,0.613979538590065,uncalibrated_class_1_probability,3,control_random_forest,random_forest
CH0380,adele,0,0,0.4211606282606283,uncalibrated_class_1_probability,3,control_random_forest,random_forest
CH0381,adele,0,0,0.3984783216783215,uncalibrated_class_1_probability,3,control_random_forest,random_forest
CH0382,adele,0,0,0.49795012055368093,uncalibrated_class_1_probability,3,control_random_forest,random_forest
CH0391,bts,0,0,0.484761532911533,uncalibrated_class_1_probability,3,control_random_forest,random_forest
CH0392,post malone,0,0,0.458673482073482,uncalibrated_class_1_probability,3,control_random_forest,random_forest
CH0416,bts,0,1,0.5021517982017984,uncalibrated_class_1_probability,3,control_random_forest,random_forest
CH0417,bts,0,0,0.418053675564202,uncalibrated_class_1_probability,3,control_random_forest,random_forest
CH0418,bts,0,1,0.6002390942390946,uncalibrated_class_1_probability,3,control_random_forest,random_forest
CH0422,bts,0,1,0.5354843483314071,uncalibrated_class_1_probability,3,control_random_forest,random_forest
CH0423,bts,0,1,0.5740182964094729,uncalibrated_class_1_probability,3,control_random_forest,random_forest
CH0424,bts,0,0,0.46446550671550674,uncalibrated_class_1_probability,3,control_random_forest,random_forest
CH0456,halsey,0,0,0.38303317956553257,uncalibrated_class_1_probability,3,control_random_forest,random_forest
CH0464,halsey,0,0,0.37864398028871715,uncalibrated_class_1_probability,3,control_random_forest,random_forest
CH0466,beyonce,0,1,0.5468580716668949,uncalibrated_class_1_probability,3,control_random_forest,random_forest
CH0468,nicki minaj,0,1,0.5118868061419145,uncalibrated_class_1_probability,3,control_random_forest,random_forest
CH0470,lil baby,0,0,0.4327767454767453,uncalibrated_class_1_probability,3,control_random_forest,random_forest
CH0478,lil wayne,0,1,0.5119108950732791,uncalibrated_class_1_probability,3,control_random_forest,random_forest
CH0493,p!nk,0,0,0.46694858825385155,uncalibrated_class_1_probability,3,control_random_forest,random_forest
CH0496,post malone,0,0,0.3893049212225682,uncalibrated_class_1_probability,3,control_random_forest,random_forest
CH0498,lil baby,0,1,0.5350163362952839,uncalibrated_class_1_probability,3,control_random_forest,random_forest
CH0505,post malone,0,0,0.47170314334788016,uncalibrated_class_1_probability,3,control_random_forest,random_forest
CH0516,nicki minaj,0,0,0.49488619452442995,uncalibrated_class_1_probability,3,control_random_forest,random_forest
CH0543,halsey,0,1,0.5880211233211232,uncalibrated_class_1_probability,3,control_random_forest,random_forest
CH0552,one direction,0,1,0.5117340326340327,uncalibrated_class_1_probability,3,control_random_forest,random_forest
CH0553,one direction,0,0,0.4892665390165391,uncalibrated_class_1_probability,3,control_random_forest,random_forest
CH0555,one direction,0,1,0.5463099955599954,uncalibrated_class_1_probability,3,control_random_forest,random_forest
CH0557,one direction,0,0,0.46405170940170937,uncalibrated_class_1_probability,3,control_random_forest,random_forest
CH0559,one direction,0,0,0.40642393358275714,uncalibrated_class_1_probability,3,control_random_forest,random_forest
CH0561,nicki minaj,0,0,0.3644036241536241,uncalibrated_class_1_probability,3,control_random_forest,random_forest
CH0576,one direction,0,1,0.5332997668997669,uncalibrated_class_1_probability,3,control_random_forest,random_forest
CH0581,one direction,0,1,0.5946360411518308,uncalibrated_class_1_probability,3,control_random_forest,random_forest
CH0582,nicki minaj,0,0,0.4242950000292105,uncalibrated_class_1_probability,3,control_random_forest,random_forest
CH0590,beyonce,0,1,0.545889454405244,uncalibrated_class_1_probability,3,control_random_forest,random_forest
CH0600,one direction,0,0,0.4286886613386614,uncalibrated_class_1_probability,3,control_random_forest,random_forest
CH0601,one direction,0,0,0.42826917135152426,uncalibrated_class_1_probability,3,control_random_forest,random_forest
CH0604,one direction,0,0,0.4666747579905475,uncalibrated_class_1_probability,3,control_random_forest,random_forest
CH0612,one direction,0,0,0.4154200133200133,uncalibrated_class_1_probability,3,control_random_forest,random_forest
CH0618,nicki minaj,0,1,0.6016495726495729,uncalibrated_class_1_probability,3,control_random_forest,random_forest
CH0619,one direction,0,0,0.44203983761336707,uncalibrated_class_1_probability,3,control_random_forest,random_forest
CH0622,adele,0,1,0.5046034860564275,uncalibrated_class_1_probability,3,control_random_forest,random_forest
CH0623,one direction,0,1,0.6268232676680044,uncalibrated_class_1_probability,3,control_random_forest,random_forest
CH0627,beyonce,0,0,0.45184964943896855,uncalibrated_class_1_probability,3,control_random_forest,random_forest
CH0628,one direction,0,0,0.4977183346065698,uncalibrated_class_1_probability,3,control_random_forest,random_forest
CH0637,lil wayne,0,0,0.448556265956266,uncalibrated_class_1_probability,3,control_random_forest,random_forest
CH0638,beyonce,0,1,0.6618482849451892,uncalibrated_class_1_probability,3,control_random_forest,random_forest
CH0639,nicki minaj,0,0,0.47747957010309966,uncalibrated_class_1_probability,3,control_random_forest,random_forest
CH0653,nicki minaj,0,1,0.511324876585403,uncalibrated_class_1_probability,3,control_random_forest,random_forest
CH0655,nicki minaj,0,1,0.5926806894859528,uncalibrated_class_1_probability,3,control_random_forest,random_forest
CH0663,p!nk,0,0,0.4832615294062664,uncalibrated_class_1_probability,3,control_random_forest,random_forest
CH0681,lil wayne,0,0,0.44590468159291674,uncalibrated_class_1_probability,3,control_random_forest,random_forest
CH0682,p!nk,0,1,0.5165407703407702,uncalibrated_class_1_probability,3,control_random_forest,random_forest
CH0687,beyonce,0,1,0.5769579561133741,uncalibrated_class_1_probability,3,control_random_forest,random_forest
CH0693,lil wayne,0,0,0.408327455877456,uncalibrated_class_1_probability,3,control_random_forest,random_forest
CH0733,beyonce,0,1,0.5948922930011166,uncalibrated_class_1_probability,3,control_random_forest,random_forest
CH0743,beyonce,0,0,0.4745153235653236,uncalibrated_class_1_probability,3,control_random_forest,random_forest
CH0744,beyonce,0,1,0.51055236985237,uncalibrated_class_1_probability,3,control_random_forest,random_forest
CH0005,bts,1,1,0.08466721853641052,decision_margin,3,control_rbf_svm,rbf_svm
CH0014,bts,1,0,-0.17004932516045296,decision_margin,3,control_rbf_svm,rbf_svm
CH0024,post malone,1,0,-0.345915274622347,decision_margin,3,control_rbf_svm,rbf_svm
CH0034,lil baby,1,0,-0.262697612349365,decision_margin,3,control_rbf_svm,rbf_svm
CH0039,lil baby,1,0,-0.9355180444377176,decision_margin,3,control_rbf_svm,rbf_svm
CH0040,lil baby,1,0,-0.11794852320710497,decision_margin,3,control_rbf_svm,rbf_svm
CH0042,lil baby,1,0,-1.2800976589121202,decision_margin,3,control_rbf_svm,rbf_svm
CH0043,halsey,1,0,-0.48391984712661557,decision_margin,3,control_rbf_svm,rbf_svm
CH0049,halsey,1,0,-0.16089000351176302,decision_margin,3,control_rbf_svm,rbf_svm
CH0050,post malone,1,0,-0.09987698747632323,decision_margin,3,control_rbf_svm,rbf_svm
CH0057,post malone,1,0,-0.6897371947926483,decision_margin,3,control_rbf_svm,rbf_svm
CH0068,lil baby,1,0,-0.17963976472293747,decision_margin,3,control_rbf_svm,rbf_svm
CH0069,p!nk,1,1,0.7627707672574378,decision_margin,3,control_rbf_svm,rbf_svm
CH0080,halsey,1,0,-0.5830187573266659,decision_margin,3,control_rbf_svm,rbf_svm
CH0082,post malone,1,0,-0.5408820955776172,decision_margin,3,control_rbf_svm,rbf_svm
CH0109,halsey,1,0,-1.2635491283784503,decision_margin,3,control_rbf_svm,rbf_svm
CH0114,p!nk,1,1,0.3132877360522813,decision_margin,3,control_rbf_svm,rbf_svm
CH0116,adele,1,1,0.28500267029815335,decision_margin,3,control_rbf_svm,rbf_svm
CH0122,adele,1,1,0.7345844128047062,decision_margin,3,control_rbf_svm,rbf_svm
CH0127,adele,1,1,0.20220947854908194,decision_margin,3,control_rbf_svm,rbf_svm
CH0130,p!nk,1,0,-0.5460370156828638,decision_margin,3,control_rbf_svm,rbf_svm
CH0137,post malone,1,0,-0.49902652881944326,decision_margin,3,control_rbf_svm,rbf_svm
CH0142,adele,1,1,0.37019370577501826,decision_margin,3,control_rbf_svm,rbf_svm
CH0160,beyonce,1,0,-0.7715711761722652,decision_margin,3,control_rbf_svm,rbf_svm
CH0161,one direction,1,0,-0.1027857121894073,decision_margin,3,control_rbf_svm,rbf_svm
CH0165,one direction,1,1,0.28690615241120815,decision_margin,3,control_rbf_svm,rbf_svm
CH0169,one direction,1,1,0.6133694679524739,decision_margin,3,control_rbf_svm,rbf_svm
CH0171,nicki minaj,1,0,-0.6917482253856906,decision_margin,3,control_rbf_svm,rbf_svm
CH0178,beyonce,1,0,-1.0653831713440947,decision_margin,3,control_rbf_svm,rbf_svm
CH0192,p!nk,1,1,0.12616271643409444,decision_margin,3,control_rbf_svm,rbf_svm
CH0197,one direction,1,1,0.830081288082752,decision_margin,3,control_rbf_svm,rbf_svm
CH0201,nicki minaj,1,1,0.17454375278470396,decision_margin,3,control_rbf_svm,rbf_svm
CH0202,one direction,1,0,-0.3647621379500075,decision_margin,3,control_rbf_svm,rbf_svm
CH0203,adele,1,0,-0.4901175780242632,decision_margin,3,control_rbf_svm,rbf_svm
CH0211,p!nk,1,0,-0.13796393509236543,decision_margin,3,control_rbf_svm,rbf_svm
CH0213,adele,1,0,-0.05780818048328756,decision_margin,3,control_rbf_svm,rbf_svm
CH0215,adele,1,1,0.058265165330027985,decision_margin,3,control_rbf_svm,rbf_svm
CH0218,adele,1,1,0.9620508877416671,decision_margin,3,control_rbf_svm,rbf_svm
CH0220,nicki minaj,1,1,0.06115869786185013,decision_margin,3,control_rbf_svm,rbf_svm
CH0225,nicki minaj,1,0,-0.8135201440275726,decision_margin,3,control_rbf_svm,rbf_svm
CH0229,p!nk,1,1,0.5408428780441493,decision_margin,3,control_rbf_svm,rbf_svm
CH0231,p!nk,1,0,-0.45969676338009596,decision_margin,3,control_rbf_svm,rbf_svm
CH0232,lil wayne,1,0,-0.493304634918414,decision_margin,3,control_rbf_svm,rbf_svm
CH0250,beyonce,1,1,0.36873333135254976,decision_margin,3,control_rbf_svm,rbf_svm
CH0265,nicki minaj,1,1,0.27413123962329594,decision_margin,3,control_rbf_svm,rbf_svm
CH0271,beyonce,1,1,0.6214535913668191,decision_margin,3,control_rbf_svm,rbf_svm
CH0277,beyonce,1,1,0.130492131223567,decision_margin,3,control_rbf_svm,rbf_svm
CH0281,beyonce,1,0,-0.07833917819986541,decision_margin,3,control_rbf_svm,rbf_svm
CH0286,p!nk,1,1,0.6669231585350295,decision_margin,3,control_rbf_svm,rbf_svm
CH0290,p!nk,1,1,0.21076561831832313,decision_margin,3,control_rbf_svm,rbf_svm
CH0291,beyonce,1,1,0.7153674495721281,decision_margin,3,control_rbf_svm,rbf_svm
CH0293,p!nk,1,1,0.9719119640072316,decision_margin,3,control_rbf_svm,rbf_svm
CH0302,beyonce,1,1,0.579758765203779,decision_margin,3,control_rbf_svm,rbf_svm
CH0316,lil wayne,1,0,-0.00828046943341365,decision_margin,3,control_rbf_svm,rbf_svm
CH0325,beyonce,1,1,0.6121310507516374,decision_margin,3,control_rbf_svm,rbf_svm
CH0336,p!nk,1,0,-0.8211143092178679,decision_margin,3,control_rbf_svm,rbf_svm
CH0343,p!nk,1,0,-0.3471642415404122,decision_margin,3,control_rbf_svm,rbf_svm
CH0357,t.i.,1,0,-0.4497329271823714,decision_margin,3,control_rbf_svm,rbf_svm
CH0366,p!nk,1,0,-0.4710279114377715,decision_margin,3,control_rbf_svm,rbf_svm
CH0367,adele,0,0,-0.15096879672123037,decision_margin,3,control_rbf_svm,rbf_svm
CH0369,adele,0,1,0.8735140880217842,decision_margin,3,control_rbf_svm,rbf_svm
CH0371,adele,0,1,0.0662437742105616,decision_margin,3,control_rbf_svm,rbf_svm
CH0372,adele,0,0,-0.4668563577425791,decision_margin,3,control_rbf_svm,rbf_svm
CH0373,adele,0,0,-0.025549394919841928,decision_margin,3,control_rbf_svm,rbf_svm
CH0374,adele,0,1,0.39416586728224456,decision_margin,3,control_rbf_svm,rbf_svm
CH0376,adele,0,0,-0.013222440691934179,decision_margin,3,control_rbf_svm,rbf_svm
CH0378,adele,0,1,0.5234058426655244,decision_margin,3,control_rbf_svm,rbf_svm
CH0380,adele,0,0,-0.9192703796237085,decision_margin,3,control_rbf_svm,rbf_svm
CH0381,adele,0,0,-1.0434712132066992,decision_margin,3,control_rbf_svm,rbf_svm
CH0382,adele,0,1,0.028830042983566007,decision_margin,3,control_rbf_svm,rbf_svm
CH0391,bts,0,0,-0.5499298471860097,decision_margin,3,control_rbf_svm,rbf_svm
CH0392,post malone,0,0,-0.5275771428099245,decision_margin,3,control_rbf_svm,rbf_svm
CH0416,bts,0,0,-0.11561413671272869,decision_margin,3,control_rbf_svm,rbf_svm
CH0417,bts,0,1,0.15922103097392387,decision_margin,3,control_rbf_svm,rbf_svm
CH0418,bts,0,1,0.41813150967180207,decision_margin,3,control_rbf_svm,rbf_svm
CH0422,bts,0,1,0.1201547532565303,decision_margin,3,control_rbf_svm,rbf_svm
CH0423,bts,0,1,0.343644216989399,decision_margin,3,control_rbf_svm,rbf_svm
CH0424,bts,0,0,-0.2068797851339625,decision_margin,3,control_rbf_svm,rbf_svm
CH0456,halsey,0,0,-0.6990917517790125,decision_margin,3,control_rbf_svm,rbf_svm
CH0464,halsey,0,0,-1.0725426453049518,decision_margin,3,control_rbf_svm,rbf_svm
CH0466,beyonce,0,1,0.14578187724483155,decision_margin,3,control_rbf_svm,rbf_svm
CH0468,nicki minaj,0,0,-0.14080792621792892,decision_margin,3,control_rbf_svm,rbf_svm
CH0470,lil baby,0,0,-0.5540072067736082,decision_margin,3,control_rbf_svm,rbf_svm
CH0478,lil wayne,0,0,-0.09960793797259543,decision_margin,3,control_rbf_svm,rbf_svm
CH0493,p!nk,0,1,0.2976367090378266,decision_margin,3,control_rbf_svm,rbf_svm
CH0496,post malone,0,0,-0.7396020129206751,decision_margin,3,control_rbf_svm,rbf_svm
CH0498,lil baby,0,1,0.3354565208854003,decision_margin,3,control_rbf_svm,rbf_svm
CH0505,post malone,0,1,0.29090634902394014,decision_margin,3,control_rbf_svm,rbf_svm
CH0516,nicki minaj,0,1,0.229121856373462,decision_margin,3,control_rbf_svm,rbf_svm
CH0543,halsey,0,1,0.8608028784931425,decision_margin,3,control_rbf_svm,rbf_svm
CH0552,one direction,0,0,-0.2864172100513987,decision_margin,3,control_rbf_svm,rbf_svm
CH0553,one direction,0,0,-0.3897384221038425,decision_margin,3,control_rbf_svm,rbf_svm
CH0555,one direction,0,1,0.18677605707160022,decision_margin,3,control_rbf_svm,rbf_svm
CH0557,one direction,0,0,-0.030924510651127723,decision_margin,3,control_rbf_svm,rbf_svm
CH0559,one direction,0,0,-1.127526631321726,decision_margin,3,control_rbf_svm,rbf_svm
CH0561,nicki minaj,0,0,-0.5182096556428664,decision_margin,3,control_rbf_svm,rbf_svm
CH0576,one direction,0,1,0.09160922897794493,decision_margin,3,control_rbf_svm,rbf_svm
CH0581,one direction,0,1,0.29590305105970766,decision_margin,3,control_rbf_svm,rbf_svm
CH0582,nicki minaj,0,0,-0.628509092028009,decision_margin,3,control_rbf_svm,rbf_svm
CH0590,beyonce,0,1,0.1159566563552406,decision_margin,3,control_rbf_svm,rbf_svm
CH0600,one direction,0,0,-0.10024930297889939,decision_margin,3,control_rbf_svm,rbf_svm
CH0601,one direction,0,0,-0.3861920916821497,decision_margin,3,control_rbf_svm,rbf_svm
CH0604,one direction,0,0,-0.38444934598473873,decision_margin,3,control_rbf_svm,rbf_svm
CH0612,one direction,0,0,-0.621546533728752,decision_margin,3,control_rbf_svm,rbf_svm
CH0618,nicki minaj,0,1,0.6734589557271102,decision_margin,3,control_rbf_svm,rbf_svm
CH0619,one direction,0,0,-0.5100388362864725,decision_margin,3,control_rbf_svm,rbf_svm
CH0622,adele,0,1,0.15599664782058587,decision_margin,3,control_rbf_svm,rbf_svm
CH0623,one direction,0,1,0.3958185493672401,decision_margin,3,control_rbf_svm,rbf_svm
CH0627,beyonce,0,1,0.016679281136283752,decision_margin,3,control_rbf_svm,rbf_svm
CH0628,one direction,0,0,-0.4264002081401536,decision_margin,3,control_rbf_svm,rbf_svm
CH0637,lil wayne,0,0,-0.6981345128574468,decision_margin,3,control_rbf_svm,rbf_svm
CH0638,beyonce,0,1,0.8423987576413856,decision_margin,3,control_rbf_svm,rbf_svm
CH0639,nicki minaj,0,0,-0.15127567102772288,decision_margin,3,control_rbf_svm,rbf_svm
CH0653,nicki minaj,0,0,-0.20579824182046597,decision_margin,3,control_rbf_svm,rbf_svm
CH0655,nicki minaj,0,1,0.8023084323942704,decision_margin,3,control_rbf_svm,rbf_svm
CH0663,p!nk,0,1,0.027501309973461452,decision_margin,3,control_rbf_svm,rbf_svm
CH0681,lil wayne,0,0,-0.021840865999942782,decision_margin,3,control_rbf_svm,rbf_svm
CH0682,p!nk,0,0,-0.13490972329089473,decision_margin,3,control_rbf_svm,rbf_svm
CH0687,beyonce,0,1,0.039230045318288165,decision_margin,3,control_rbf_svm,rbf_svm
CH0693,lil wayne,0,0,-0.7457679107267894,decision_margin,3,control_rbf_svm,rbf_svm
CH0733,beyonce,0,1,0.5947036770574319,decision_margin,3,control_rbf_svm,rbf_svm
CH0743,beyonce,0,1,0.030296097692036283,decision_margin,3,control_rbf_svm,rbf_svm
CH0744,beyonce,0,1,0.4017237533395796,decision_margin,3,control_rbf_svm,rbf_svm
CH0005,bts,1,1,0.5205047293969961,uncalibrated_class_1_probability,3,extra_leaf2,extra_trees
CH0014,bts,1,1,0.5121570611906375,uncalibrated_class_1_probability,3,extra_leaf2,extra_trees
CH0024,post malone,1,0,0.4775357845948929,uncalibrated_class_1_probability,3,extra_leaf2,extra_trees
CH0034,lil baby,1,0,0.4787659240912008,uncalibrated_class_1_probability,3,extra_leaf2,extra_trees
CH0039,lil baby,1,0,0.41372157668352855,uncalibrated_class_1_probability,3,extra_leaf2,extra_trees
CH0040,lil baby,1,0,0.46495044821598214,uncalibrated_class_1_probability,3,extra_leaf2,extra_trees
CH0042,lil baby,1,0,0.36413112314867935,uncalibrated_class_1_probability,3,extra_leaf2,extra_trees
CH0043,halsey,1,0,0.46775979589973954,uncalibrated_class_1_probability,3,extra_leaf2,extra_trees
CH0049,halsey,1,0,0.44940858073015,uncalibrated_class_1_probability,3,extra_leaf2,extra_trees
CH0050,post malone,1,1,0.5107209427016014,uncalibrated_class_1_probability,3,extra_leaf2,extra_trees
CH0057,post malone,1,0,0.46368084633093964,uncalibrated_class_1_probability,3,extra_leaf2,extra_trees
CH0068,lil baby,1,0,0.4886140253570235,uncalibrated_class_1_probability,3,extra_leaf2,extra_trees
CH0069,p!nk,1,1,0.5228908489565668,uncalibrated_class_1_probability,3,extra_leaf2,extra_trees
CH0080,halsey,1,0,0.4684022952264296,uncalibrated_class_1_probability,3,extra_leaf2,extra_trees
CH0082,post malone,1,0,0.3626837593122434,uncalibrated_class_1_probability,3,extra_leaf2,extra_trees
CH0109,halsey,1,0,0.31231344309882597,uncalibrated_class_1_probability,3,extra_leaf2,extra_trees
CH0114,p!nk,1,1,0.5300366194992829,uncalibrated_class_1_probability,3,extra_leaf2,extra_trees
CH0116,adele,1,1,0.5830865436040061,uncalibrated_class_1_probability,3,extra_leaf2,extra_trees
CH0122,adele,1,1,0.5524845177015735,uncalibrated_class_1_probability,3,extra_leaf2,extra_trees
CH0127,adele,1,1,0.5613444982967232,uncalibrated_class_1_probability,3,extra_leaf2,extra_trees
CH0130,p!nk,1,0,0.4339151419810752,uncalibrated_class_1_probability,3,extra_leaf2,extra_trees
CH0137,post malone,1,0,0.4326050590090005,uncalibrated_class_1_probability,3,extra_leaf2,extra_trees
CH0142,adele,1,1,0.564838873256578,uncalibrated_class_1_probability,3,extra_leaf2,extra_trees
CH0160,beyonce,1,0,0.3757148145101402,uncalibrated_class_1_probability,3,extra_leaf2,extra_trees
CH0161,one direction,1,1,0.5320737280638986,uncalibrated_class_1_probability,3,extra_leaf2,extra_trees
CH0165,one direction,1,1,0.5093433299489413,uncalibrated_class_1_probability,3,extra_leaf2,extra_trees
CH0169,one direction,1,1,0.6169977663011449,uncalibrated_class_1_probability,3,extra_leaf2,extra_trees
CH0171,nicki minaj,1,0,0.458161544364649,uncalibrated_class_1_probability,3,extra_leaf2,extra_trees
CH0178,beyonce,1,0,0.3428311748724091,uncalibrated_class_1_probability,3,extra_leaf2,extra_trees
CH0192,p!nk,1,1,0.5365047293969961,uncalibrated_class_1_probability,3,extra_leaf2,extra_trees
CH0197,one direction,1,1,0.5866566281311735,uncalibrated_class_1_probability,3,extra_leaf2,extra_trees
CH0201,nicki minaj,1,0,0.4139004492865168,uncalibrated_class_1_probability,3,extra_leaf2,extra_trees
CH0202,one direction,1,0,0.40769664967709296,uncalibrated_class_1_probability,3,extra_leaf2,extra_trees
CH0203,adele,1,0,0.4427186637022245,uncalibrated_class_1_probability,3,extra_leaf2,extra_trees
CH0211,p!nk,1,0,0.4727828209603938,uncalibrated_class_1_probability,3,extra_leaf2,extra_trees
CH0213,adele,1,0,0.4882897840562449,uncalibrated_class_1_probability,3,extra_leaf2,extra_trees
CH0215,adele,1,0,0.490486721876208,uncalibrated_class_1_probability,3,extra_leaf2,extra_trees
CH0218,adele,1,1,0.6010958169137725,uncalibrated_class_1_probability,3,extra_leaf2,extra_trees
CH0220,nicki minaj,1,0,0.4999205613658672,uncalibrated_class_1_probability,3,extra_leaf2,extra_trees
CH0225,nicki minaj,1,0,0.417880237591094,uncalibrated_class_1_probability,3,extra_leaf2,extra_trees
CH0229,p!nk,1,1,0.6685476639242198,uncalibrated_class_1_probability,3,extra_leaf2,extra_trees
CH0231,p!nk,1,0,0.4491846690413757,uncalibrated_class_1_probability,3,extra_leaf2,extra_trees
CH0232,lil wayne,1,0,0.40049254783881577,uncalibrated_class_1_probability,3,extra_leaf2,extra_trees
CH0250,beyonce,1,1,0.5619454883723028,uncalibrated_class_1_probability,3,extra_leaf2,extra_trees
CH0265,nicki minaj,1,1,0.6232566819959727,uncalibrated_class_1_probability,3,extra_leaf2,extra_trees
CH0271,beyonce,1,1,0.5729718282591867,uncalibrated_class_1_probability,3,extra_leaf2,extra_trees
CH0277,beyonce,1,1,0.5030573655605602,uncalibrated_class_1_probability,3,extra_leaf2,extra_trees
CH0281,beyonce,1,0,0.43753899980504996,uncalibrated_class_1_probability,3,extra_leaf2,extra_trees
CH0286,p!nk,1,0,0.4954018185567616,uncalibrated_class_1_probability,3,extra_leaf2,extra_trees
CH0290,p!nk,1,1,0.5664079467482228,uncalibrated_class_1_probability,3,extra_leaf2,extra_trees
CH0291,beyonce,1,1,0.5979792244145022,uncalibrated_class_1_probability,3,extra_leaf2,extra_trees
CH0293,p!nk,1,1,0.5066791188259729,uncalibrated_class_1_probability,3,extra_leaf2,extra_trees
CH0302,beyonce,1,1,0.5078192955430824,uncalibrated_class_1_probability,3,extra_leaf2,extra_trees
CH0316,lil wayne,1,1,0.5415537172909388,uncalibrated_class_1_probability,3,extra_leaf2,extra_trees
CH0325,beyonce,1,1,0.507516608726323,uncalibrated_class_1_probability,3,extra_leaf2,extra_trees
CH0336,p!nk,1,0,0.3283428532792731,uncalibrated_class_1_probability,3,extra_leaf2,extra_trees
CH0343,p!nk,1,0,0.41977220959492106,uncalibrated_class_1_probability,3,extra_leaf2,extra_trees
CH0357,t.i.,1,0,0.4467062500070431,uncalibrated_class_1_probability,3,extra_leaf2,extra_trees
CH0366,p!nk,1,0,0.47160435020233105,uncalibrated_class_1_probability,3,extra_leaf2,extra_trees
CH0367,adele,0,0,0.4753816068613387,uncalibrated_class_1_probability,3,extra_leaf2,extra_trees
CH0369,adele,0,1,0.6083143793096067,uncalibrated_class_1_probability,3,extra_leaf2,extra_trees
CH0371,adele,0,1,0.5436842359819116,uncalibrated_class_1_probability,3,extra_leaf2,extra_trees
CH0372,adele,0,0,0.45971914037189276,uncalibrated_class_1_probability,3,extra_leaf2,extra_trees
CH0373,adele,0,1,0.533589732332515,uncalibrated_class_1_probability,3,extra_leaf2,extra_trees
CH0374,adele,0,1,0.5752702063427494,uncalibrated_class_1_probability,3,extra_leaf2,extra_trees
CH0376,adele,0,0,0.48648350666605067,uncalibrated_class_1_probability,3,extra_leaf2,extra_trees
CH0378,adele,0,1,0.7125780103154473,uncalibrated_class_1_probability,3,extra_leaf2,extra_trees
CH0380,adele,0,0,0.3666725139648437,uncalibrated_class_1_probability,3,extra_leaf2,extra_trees
CH0381,adele,0,0,0.37315093299917623,uncalibrated_class_1_probability,3,extra_leaf2,extra_trees
CH0382,adele,0,0,0.4780602785418642,uncalibrated_class_1_probability,3,extra_leaf2,extra_trees
CH0391,bts,0,0,0.4012634441693609,uncalibrated_class_1_probability,3,extra_leaf2,extra_trees
CH0392,post malone,0,0,0.4704024525386886,uncalibrated_class_1_probability,3,extra_leaf2,extra_trees
CH0416,bts,0,0,0.4522121772760414,uncalibrated_class_1_probability,3,extra_leaf2,extra_trees
CH0417,bts,0,0,0.4231237269933639,uncalibrated_class_1_probability,3,extra_leaf2,extra_trees
CH0418,bts,0,1,0.5901615443646491,uncalibrated_class_1_probability,3,extra_leaf2,extra_trees
CH0422,bts,0,1,0.5183709954958661,uncalibrated_class_1_probability,3,extra_leaf2,extra_trees
CH0423,bts,0,1,0.5445024503976192,uncalibrated_class_1_probability,3,extra_leaf2,extra_trees
CH0424,bts,0,0,0.4521086324538798,uncalibrated_class_1_probability,3,extra_leaf2,extra_trees
CH0456,halsey,0,0,0.4368728414357786,uncalibrated_class_1_probability,3,extra_leaf2,extra_trees
CH0464,halsey,0,0,0.358577853003188,uncalibrated_class_1_probability,3,extra_leaf2,extra_trees
CH0466,beyonce,0,1,0.5267096973542017,uncalibrated_class_1_probability,3,extra_leaf2,extra_trees
CH0468,nicki minaj,0,1,0.5361986529292647,uncalibrated_class_1_probability,3,extra_leaf2,extra_trees
CH0470,lil baby,0,0,0.48159986702831975,uncalibrated_class_1_probability,3,extra_leaf2,extra_trees
CH0478,lil wayne,0,1,0.531358884029538,uncalibrated_class_1_probability,3,extra_leaf2,extra_trees
CH0493,p!nk,0,0,0.4405956860831616,uncalibrated_class_1_probability,3,extra_leaf2,extra_trees
CH0496,post malone,0,0,0.42691222899977116,uncalibrated_class_1_probability,3,extra_leaf2,extra_trees
CH0498,lil baby,0,1,0.5178070391601599,uncalibrated_class_1_probability,3,extra_leaf2,extra_trees
CH0505,post malone,0,1,0.5039657748924677,uncalibrated_class_1_probability,3,extra_leaf2,extra_trees
CH0516,nicki minaj,0,0,0.4928593170890021,uncalibrated_class_1_probability,3,extra_leaf2,extra_trees
CH0543,halsey,0,1,0.5992814516901492,uncalibrated_class_1_probability,3,extra_leaf2,extra_trees
CH0552,one direction,0,1,0.5477744885942979,uncalibrated_class_1_probability,3,extra_leaf2,extra_trees
CH0553,one direction,0,1,0.5071102026465873,uncalibrated_class_1_probability,3,extra_leaf2,extra_trees
CH0555,one direction,0,1,0.5021186098374254,uncalibrated_class_1_probability,3,extra_leaf2,extra_trees
CH0557,one direction,0,0,0.4967027030438122,uncalibrated_class_1_probability,3,extra_leaf2,extra_trees
CH0559,one direction,0,0,0.4628614387761199,uncalibrated_class_1_probability,3,extra_leaf2,extra_trees
CH0561,nicki minaj,0,0,0.4086916898334134,uncalibrated_class_1_probability,3,extra_leaf2,extra_trees
CH0576,one direction,0,1,0.503144170825788,uncalibrated_class_1_probability,3,extra_leaf2,extra_trees
CH0581,one direction,0,1,0.5856021460276967,uncalibrated_class_1_probability,3,extra_leaf2,extra_trees
CH0582,nicki minaj,0,0,0.46795657640744354,uncalibrated_class_1_probability,3,extra_leaf2,extra_trees
CH0590,beyonce,0,1,0.5133759553395456,uncalibrated_class_1_probability,3,extra_leaf2,extra_trees
CH0600,one direction,0,1,0.5008177253503749,uncalibrated_class_1_probability,3,extra_leaf2,extra_trees
CH0601,one direction,0,0,0.4309898357799749,uncalibrated_class_1_probability,3,extra_leaf2,extra_trees
CH0604,one direction,0,1,0.5114704589889422,uncalibrated_class_1_probability,3,extra_leaf2,extra_trees
CH0612,one direction,0,0,0.41175176576249706,uncalibrated_class_1_probability,3,extra_leaf2,extra_trees
CH0618,nicki minaj,0,1,0.6006723566525848,uncalibrated_class_1_probability,3,extra_leaf2,extra_trees
CH0619,one direction,0,0,0.4190596445599371,uncalibrated_class_1_probability,3,extra_leaf2,extra_trees
CH0622,adele,0,1,0.5380478648466829,uncalibrated_class_1_probability,3,extra_leaf2,extra_trees
CH0623,one direction,0,1,0.6481334021480564,uncalibrated_class_1_probability,3,extra_leaf2,extra_trees
CH0627,beyonce,0,1,0.5278273256803249,uncalibrated_class_1_probability,3,extra_leaf2,extra_trees
CH0628,one direction,0,0,0.4336595411124772,uncalibrated_class_1_probability,3,extra_leaf2,extra_trees
CH0637,lil wayne,0,0,0.4484011845748344,uncalibrated_class_1_probability,3,extra_leaf2,extra_trees
CH0638,beyonce,0,1,0.6113489814707346,uncalibrated_class_1_probability,3,extra_leaf2,extra_trees
CH0639,nicki minaj,0,0,0.4818924191492744,uncalibrated_class_1_probability,3,extra_leaf2,extra_trees
CH0653,nicki minaj,0,0,0.4712036127729442,uncalibrated_class_1_probability,3,extra_leaf2,extra_trees
CH0655,nicki minaj,0,1,0.6086229917050466,uncalibrated_class_1_probability,3,extra_leaf2,extra_trees
CH0663,p!nk,0,1,0.5131102774713295,uncalibrated_class_1_probability,3,extra_leaf2,extra_trees
CH0681,lil wayne,0,1,0.5173309739499465,uncalibrated_class_1_probability,3,extra_leaf2,extra_trees
CH0682,p!nk,0,0,0.49034158531541894,uncalibrated_class_1_probability,3,extra_leaf2,extra_trees
CH0687,beyonce,0,1,0.5534322397727314,uncalibrated_class_1_probability,3,extra_leaf2,extra_trees
CH0693,lil wayne,0,0,0.38492795752118264,uncalibrated_class_1_probability,3,extra_leaf2,extra_trees
CH0733,beyonce,0,1,0.5707411543970242,uncalibrated_class_1_probability,3,extra_leaf2,extra_trees
CH0743,beyonce,0,0,0.47877716943860044,uncalibrated_class_1_probability,3,extra_leaf2,extra_trees
CH0744,beyonce,0,1,0.5271811220781447,uncalibrated_class_1_probability,3,extra_leaf2,extra_trees
CH0005,bts,1,1,0.7866722937595919,decision_margin,3,linear_anova_c0p1,linear_svm
CH0014,bts,1,0,-0.5904627049454936,decision_margin,3,linear_anova_c0p1,linear_svm
CH0024,post malone,1,0,-0.8913460805012836,decision_margin,3,linear_anova_c0p1,linear_svm
CH0034,lil baby,1,1,0.1323020737744921,decision_margin,3,linear_anova_c0p1,linear_svm
CH0039,lil baby,1,0,-0.299727066188977,decision_margin,3,linear_anova_c0p1,linear_svm
CH0040,lil baby,1,1,0.12204731804865508,decision_margin,3,linear_anova_c0p1,linear_svm
CH0042,lil baby,1,0,-3.4381729036081095,decision_margin,3,linear_anova_c0p1,linear_svm
CH0043,halsey,1,0,-0.25540100386481385,decision_margin,3,linear_anova_c0p1,linear_svm
CH0049,halsey,1,1,0.6640606601566884,decision_margin,3,linear_anova_c0p1,linear_svm
CH0050,post malone,1,0,-0.2971095462933153,decision_margin,3,linear_anova_c0p1,linear_svm
CH0057,post malone,1,1,0.11965465425783799,decision_margin,3,linear_anova_c0p1,linear_svm
CH0068,lil baby,1,0,-1.0211846757485363,decision_margin,3,linear_anova_c0p1,linear_svm
CH0069,p!nk,1,1,0.40807067245927636,decision_margin,3,linear_anova_c0p1,linear_svm
CH0080,halsey,1,0,-1.752402102317891,decision_margin,3,linear_anova_c0p1,linear_svm
CH0082,post malone,1,0,-1.1681322485896721,decision_margin,3,linear_anova_c0p1,linear_svm
CH0109,halsey,1,0,-2.2332679059123057,decision_margin,3,linear_anova_c0p1,linear_svm
CH0114,p!nk,1,1,1.687603281380929,decision_margin,3,linear_anova_c0p1,linear_svm
CH0116,adele,1,1,1.0621528775470777,decision_margin,3,linear_anova_c0p1,linear_svm
CH0122,adele,1,1,0.40597002181329284,decision_margin,3,linear_anova_c0p1,linear_svm
CH0127,adele,1,0,-0.46305636395433847,decision_margin,3,linear_anova_c0p1,linear_svm
CH0130,p!nk,1,1,1.055701932987687,decision_margin,3,linear_anova_c0p1,linear_svm
CH0137,post malone,1,0,-0.631590742006654,decision_margin,3,linear_anova_c0p1,linear_svm
CH0142,adele,1,1,1.0156962285301672,decision_margin,3,linear_anova_c0p1,linear_svm
CH0160,beyonce,1,0,-1.8229946690905314,decision_margin,3,linear_anova_c0p1,linear_svm
CH0161,one direction,1,0,-0.4415829690971406,decision_margin,3,linear_anova_c0p1,linear_svm
CH0165,one direction,1,0,-0.28016426620691987,decision_margin,3,linear_anova_c0p1,linear_svm
CH0169,one direction,1,1,2.600486627611634,decision_margin,3,linear_anova_c0p1,linear_svm
CH0171,nicki minaj,1,1,1.493096056978501,decision_margin,3,linear_anova_c0p1,linear_svm
CH0178,beyonce,1,0,-1.7649943340301557,decision_margin,3,linear_anova_c0p1,linear_svm
CH0192,p!nk,1,0,-0.3713942269237542,decision_margin,3,linear_anova_c0p1,linear_svm
CH0197,one direction,1,1,0.8866660721386844,decision_margin,3,linear_anova_c0p1,linear_svm
CH0201,nicki minaj,1,1,0.982590889248582,decision_margin,3,linear_anova_c0p1,linear_svm
CH0202,one direction,1,1,0.4552506683814442,decision_margin,3,linear_anova_c0p1,linear_svm
CH0203,adele,1,0,-0.3433363073673432,decision_margin,3,linear_anova_c0p1,linear_svm
CH0211,p!nk,1,1,1.0174031535454444,decision_margin,3,linear_anova_c0p1,linear_svm
CH0213,adele,1,0,-1.265566942163427,decision_margin,3,linear_anova_c0p1,linear_svm
CH0215,adele,1,1,0.7491837882050512,decision_margin,3,linear_anova_c0p1,linear_svm
CH0218,adele,1,1,0.304556984771265,decision_margin,3,linear_anova_c0p1,linear_svm
CH0220,nicki minaj,1,1,0.06744861959990146,decision_margin,3,linear_anova_c0p1,linear_svm
CH0225,nicki minaj,1,1,0.24807793164699038,decision_margin,3,linear_anova_c0p1,linear_svm
CH0229,p!nk,1,0,-0.04165120173194317,decision_margin,3,linear_anova_c0p1,linear_svm
CH0231,p!nk,1,0,-0.4584357544596587,decision_margin,3,linear_anova_c0p1,linear_svm
CH0232,lil wayne,1,1,0.49335803769179737,decision_margin,3,linear_anova_c0p1,linear_svm
CH0250,beyonce,1,0,-0.051307449900314904,decision_margin,3,linear_anova_c0p1,linear_svm
CH0265,nicki minaj,1,1,0.09386851174912565,decision_margin,3,linear_anova_c0p1,linear_svm
CH0271,beyonce,1,1,0.3772136896686791,decision_margin,3,linear_anova_c0p1,linear_svm
CH0277,beyonce,1,1,1.8683743975378466,decision_margin,3,linear_anova_c0p1,linear_svm
CH0281,beyonce,1,1,0.7815413080387563,decision_margin,3,linear_anova_c0p1,linear_svm
CH0286,p!nk,1,1,1.9660255197119703,decision_margin,3,linear_anova_c0p1,linear_svm
CH0290,p!nk,1,1,0.16004564010439298,decision_margin,3,linear_anova_c0p1,linear_svm
CH0291,beyonce,1,1,0.378294791591438,decision_margin,3,linear_anova_c0p1,linear_svm
CH0293,p!nk,1,1,0.9736557859587542,decision_margin,3,linear_anova_c0p1,linear_svm
CH0302,beyonce,1,0,-0.7361091357658012,decision_margin,3,linear_anova_c0p1,linear_svm
CH0316,lil wayne,1,0,-0.9785459318980025,decision_margin,3,linear_anova_c0p1,linear_svm
CH0325,beyonce,1,0,-0.24341680294197265,decision_margin,3,linear_anova_c0p1,linear_svm
CH0336,p!nk,1,0,-0.7169682586434338,decision_margin,3,linear_anova_c0p1,linear_svm
CH0343,p!nk,1,0,-1.029662385341789,decision_margin,3,linear_anova_c0p1,linear_svm
CH0357,t.i.,1,0,-0.8644066402926596,decision_margin,3,linear_anova_c0p1,linear_svm
CH0366,p!nk,1,0,-1.097645124182728,decision_margin,3,linear_anova_c0p1,linear_svm
CH0367,adele,0,1,0.42963946639455247,decision_margin,3,linear_anova_c0p1,linear_svm
CH0369,adele,0,1,0.20060970850336246,decision_margin,3,linear_anova_c0p1,linear_svm
CH0371,adele,0,1,0.7421750274677587,decision_margin,3,linear_anova_c0p1,linear_svm
CH0372,adele,0,0,-0.6150405706793691,decision_margin,3,linear_anova_c0p1,linear_svm
CH0373,adele,0,0,-0.24990966468005804,decision_margin,3,linear_anova_c0p1,linear_svm
CH0374,adele,0,1,0.4961318243920357,decision_margin,3,linear_anova_c0p1,linear_svm
CH0376,adele,0,1,0.22789412511270796,decision_margin,3,linear_anova_c0p1,linear_svm
CH0378,adele,0,1,0.4159807318731515,decision_margin,3,linear_anova_c0p1,linear_svm
CH0380,adele,0,0,-1.68688091591883,decision_margin,3,linear_anova_c0p1,linear_svm
CH0381,adele,0,0,-1.5405512689517642,decision_margin,3,linear_anova_c0p1,linear_svm
CH0382,adele,0,0,-0.02834193708117437,decision_margin,3,linear_anova_c0p1,linear_svm
CH0391,bts,0,0,-1.585993152650215,decision_margin,3,linear_anova_c0p1,linear_svm
CH0392,post malone,0,0,-0.8745274618719473,decision_margin,3,linear_anova_c0p1,linear_svm
CH0416,bts,0,0,-1.375809354267935,decision_margin,3,linear_anova_c0p1,linear_svm
CH0417,bts,0,1,0.8841107328644856,decision_margin,3,linear_anova_c0p1,linear_svm
CH0418,bts,0,0,-0.351502570208959,decision_margin,3,linear_anova_c0p1,linear_svm
CH0422,bts,0,0,-0.2966903183895841,decision_margin,3,linear_anova_c0p1,linear_svm
CH0423,bts,0,1,0.7274576381109198,decision_margin,3,linear_anova_c0p1,linear_svm
CH0424,bts,0,1,0.9253850849740264,decision_margin,3,linear_anova_c0p1,linear_svm
CH0456,halsey,0,1,0.019862664107611686,decision_margin,3,linear_anova_c0p1,linear_svm
CH0464,halsey,0,0,-1.302925276033565,decision_margin,3,linear_anova_c0p1,linear_svm
CH0466,beyonce,0,1,0.5429542519342392,decision_margin,3,linear_anova_c0p1,linear_svm
CH0468,nicki minaj,0,0,-0.59595408215267,decision_margin,3,linear_anova_c0p1,linear_svm
CH0470,lil baby,0,0,-0.13601870593776563,decision_margin,3,linear_anova_c0p1,linear_svm
CH0478,lil wayne,0,0,-0.6629212920950668,decision_margin,3,linear_anova_c0p1,linear_svm
CH0493,p!nk,0,0,-0.6489357631357753,decision_margin,3,linear_anova_c0p1,linear_svm
CH0496,post malone,0,0,-0.8457419997048928,decision_margin,3,linear_anova_c0p1,linear_svm
CH0498,lil baby,0,0,-1.9585527709259292,decision_margin,3,linear_anova_c0p1,linear_svm
CH0505,post malone,0,1,2.005928793395654,decision_margin,3,linear_anova_c0p1,linear_svm
CH0516,nicki minaj,0,0,-0.013927125161779366,decision_margin,3,linear_anova_c0p1,linear_svm
CH0543,halsey,0,1,1.6787510869790996,decision_margin,3,linear_anova_c0p1,linear_svm
CH0552,one direction,0,0,-1.4749152858794319,decision_margin,3,linear_anova_c0p1,linear_svm
CH0553,one direction,0,1,1.0129925437678593,decision_margin,3,linear_anova_c0p1,linear_svm
CH0555,one direction,0,1,0.19665155467623574,decision_margin,3,linear_anova_c0p1,linear_svm
CH0557,one direction,0,0,-0.4626916608241828,decision_margin,3,linear_anova_c0p1,linear_svm
CH0559,one direction,0,0,-0.9061086470865416,decision_margin,3,linear_anova_c0p1,linear_svm
CH0561,nicki minaj,0,0,-1.1642265634162206,decision_margin,3,linear_anova_c0p1,linear_svm
CH0576,one direction,0,1,0.47881040642877687,decision_margin,3,linear_anova_c0p1,linear_svm
CH0581,one direction,0,1,0.6618889308111755,decision_margin,3,linear_anova_c0p1,linear_svm
CH0582,nicki minaj,0,0,-1.405917366439224,decision_margin,3,linear_anova_c0p1,linear_svm
CH0590,beyonce,0,1,0.7558502285152139,decision_margin,3,linear_anova_c0p1,linear_svm
CH0600,one direction,0,1,0.6965919662361583,decision_margin,3,linear_anova_c0p1,linear_svm
CH0601,one direction,0,0,-0.18931941982267908,decision_margin,3,linear_anova_c0p1,linear_svm
CH0604,one direction,0,1,0.6493857122095116,decision_margin,3,linear_anova_c0p1,linear_svm
CH0612,one direction,0,0,-1.0660459693171283,decision_margin,3,linear_anova_c0p1,linear_svm
CH0618,nicki minaj,0,1,0.12878188124413015,decision_margin,3,linear_anova_c0p1,linear_svm
CH0619,one direction,0,0,-0.6681613577213804,decision_margin,3,linear_anova_c0p1,linear_svm
CH0622,adele,0,1,0.8210878350553465,decision_margin,3,linear_anova_c0p1,linear_svm
CH0623,one direction,0,1,0.7355342812594727,decision_margin,3,linear_anova_c0p1,linear_svm
CH0627,beyonce,0,1,1.4509573767806028,decision_margin,3,linear_anova_c0p1,linear_svm
CH0628,one direction,0,0,-0.40806319967506693,decision_margin,3,linear_anova_c0p1,linear_svm
CH0637,lil wayne,0,0,-1.0400870322150082,decision_margin,3,linear_anova_c0p1,linear_svm
CH0638,beyonce,0,1,2.0370474855924554,decision_margin,3,linear_anova_c0p1,linear_svm
CH0639,nicki minaj,0,1,0.044174472771047926,decision_margin,3,linear_anova_c0p1,linear_svm
CH0653,nicki minaj,0,0,-1.4741818775695585,decision_margin,3,linear_anova_c0p1,linear_svm
CH0655,nicki minaj,0,0,-1.149509141460389,decision_margin,3,linear_anova_c0p1,linear_svm
CH0663,p!nk,0,0,-0.98077393988201,decision_margin,3,linear_anova_c0p1,linear_svm
CH0681,lil wayne,0,1,0.4073811059230304,decision_margin,3,linear_anova_c0p1,linear_svm
CH0682,p!nk,0,1,0.5331646384482577,decision_margin,3,linear_anova_c0p1,linear_svm
CH0687,beyonce,0,1,0.6396571829850917,decision_margin,3,linear_anova_c0p1,linear_svm
CH0693,lil wayne,0,1,0.20328649876817917,decision_margin,3,linear_anova_c0p1,linear_svm
CH0733,beyonce,0,1,0.6368415002750343,decision_margin,3,linear_anova_c0p1,linear_svm
CH0743,beyonce,0,1,1.1663578707181699,decision_margin,3,linear_anova_c0p1,linear_svm
CH0744,beyonce,0,1,1.008580084986329,decision_margin,3,linear_anova_c0p1,linear_svm
CH0005,bts,1,0,-0.30168612686275775,decision_margin,3,poly_anova,poly_svm
CH0014,bts,1,0,-0.16743717919297757,decision_margin,3,poly_anova,poly_svm
CH0024,post malone,1,1,0.030900793301456342,decision_margin,3,poly_anova,poly_svm
CH0034,lil baby,1,0,-0.04683046029165738,decision_margin,3,poly_anova,poly_svm
CH0039,lil baby,1,0,-0.11358031748676767,decision_margin,3,poly_anova,poly_svm
CH0040,lil baby,1,0,-0.028356412140093656,decision_margin,3,poly_anova,poly_svm
CH0042,lil baby,1,0,-1.1397624240086723,decision_margin,3,poly_anova,poly_svm
CH0043,halsey,1,1,0.11270351621359265,decision_margin,3,poly_anova,poly_svm
CH0049,halsey,1,0,-0.56204121659044,decision_margin,3,poly_anova,poly_svm
CH0050,post malone,1,0,-0.8145411294588049,decision_margin,3,poly_anova,poly_svm
CH0057,post malone,1,1,0.28391676398502264,decision_margin,3,poly_anova,poly_svm
CH0068,lil baby,1,0,-0.7268106328368934,decision_margin,3,poly_anova,poly_svm
CH0069,p!nk,1,0,-0.3428876827304095,decision_margin,3,poly_anova,poly_svm
CH0080,halsey,1,0,-0.563586425934444,decision_margin,3,poly_anova,poly_svm
CH0082,post malone,1,0,-0.5906838021262927,decision_margin,3,poly_anova,poly_svm
CH0109,halsey,1,0,-0.5201231421982415,decision_margin,3,poly_anova,poly_svm
CH0114,p!nk,1,1,2.0327513686743446,decision_margin,3,poly_anova,poly_svm
CH0116,adele,1,1,0.8726231322802188,decision_margin,3,poly_anova,poly_svm
CH0122,adele,1,1,0.05201444299642277,decision_margin,3,poly_anova,poly_svm
CH0127,adele,1,1,0.26291753323903155,decision_margin,3,poly_anova,poly_svm
CH0130,p!nk,1,0,-0.8515714433942587,decision_margin,3,poly_anova,poly_svm
CH0137,post malone,1,0,-0.11099573032572257,decision_margin,3,poly_anova,poly_svm
CH0142,adele,1,1,0.03613050045936572,decision_margin,3,poly_anova,poly_svm
CH0160,beyonce,1,0,-0.15308581790639908,decision_margin,3,poly_anova,poly_svm
CH0161,one direction,1,0,-0.40982726445010775,decision_margin,3,poly_anova,poly_svm
CH0165,one direction,1,1,0.03535761257725423,decision_margin,3,poly_anova,poly_svm
CH0169,one direction,1,1,0.7386499094979159,decision_margin,3,poly_anova,poly_svm
CH0171,nicki minaj,1,0,-1.016448755168856,decision_margin,3,poly_anova,poly_svm
CH0178,beyonce,1,0,-1.0759356097828827,decision_margin,3,poly_anova,poly_svm
CH0192,p!nk,1,0,-0.7822848011893655,decision_margin,3,poly_anova,poly_svm
CH0197,one direction,1,0,-0.08892781633892588,decision_margin,3,poly_anova,poly_svm
CH0201,nicki minaj,1,1,0.12329853567335469,decision_margin,3,poly_anova,poly_svm
CH0202,one direction,1,0,-0.3298716403973411,decision_margin,3,poly_anova,poly_svm
CH0203,adele,1,0,-0.6287197800741479,decision_margin,3,poly_anova,poly_svm
CH0211,p!nk,1,0,-0.7494711899359496,decision_margin,3,poly_anova,poly_svm
CH0213,adele,1,0,-0.12131167199236714,decision_margin,3,poly_anova,poly_svm
CH0215,adele,1,0,-0.5132054222491009,decision_margin,3,poly_anova,poly_svm
CH0218,adele,1,0,-0.4123425073092884,decision_margin,3,poly_anova,poly_svm
CH0220,nicki minaj,1,0,-0.35425880321715647,decision_margin,3,poly_anova,poly_svm
CH0225,nicki minaj,1,0,-0.7200149282459417,decision_margin,3,poly_anova,poly_svm
CH0229,p!nk,1,1,1.0327529392636183,decision_margin,3,poly_anova,poly_svm
CH0231,p!nk,1,0,-0.7030173730677511,decision_margin,3,poly_anova,poly_svm
CH0232,lil wayne,1,0,-1.0072208747498985,decision_margin,3,poly_anova,poly_svm
CH0250,beyonce,1,0,-0.2394628365840784,decision_margin,3,poly_anova,poly_svm
CH0265,nicki minaj,1,1,0.8823734730131864,decision_margin,3,poly_anova,poly_svm
CH0271,beyonce,1,0,-0.5503298213134241,decision_margin,3,poly_anova,poly_svm
CH0277,beyonce,1,0,-0.42496721851808256,decision_margin,3,poly_anova,poly_svm
CH0281,beyonce,1,0,-0.2072509567377469,decision_margin,3,poly_anova,poly_svm
CH0286,p!nk,1,0,-0.8012740716845892,decision_margin,3,poly_anova,poly_svm
CH0290,p!nk,1,1,0.497018018911242,decision_margin,3,poly_anova,poly_svm
CH0291,beyonce,1,0,-0.3778418011979023,decision_margin,3,poly_anova,poly_svm
CH0293,p!nk,1,0,-0.20084911805709021,decision_margin,3,poly_anova,poly_svm
CH0302,beyonce,1,0,-0.07784761873609414,decision_margin,3,poly_anova,poly_svm
CH0316,lil wayne,1,1,1.1488477592141875,decision_margin,3,poly_anova,poly_svm
CH0325,beyonce,1,1,0.06406431574533444,decision_margin,3,poly_anova,poly_svm
CH0336,p!nk,1,0,-1.2072941201777196,decision_margin,3,poly_anova,poly_svm
CH0343,p!nk,1,0,-0.7249362295790259,decision_margin,3,poly_anova,poly_svm
CH0357,t.i.,1,0,-0.3547248228574809,decision_margin,3,poly_anova,poly_svm
CH0366,p!nk,1,0,-0.8263749983111108,decision_margin,3,poly_anova,poly_svm
CH0367,adele,0,1,0.2332268223862256,decision_margin,3,poly_anova,poly_svm
CH0369,adele,0,0,-0.17328231336815392,decision_margin,3,poly_anova,poly_svm
CH0371,adele,0,1,0.45841405948807135,decision_margin,3,poly_anova,poly_svm
CH0372,adele,0,0,-0.7534382219907223,decision_margin,3,poly_anova,poly_svm
CH0373,adele,0,0,-0.4016322101237579,decision_margin,3,poly_anova,poly_svm
CH0374,adele,0,1,1.5843926830903623,decision_margin,3,poly_anova,poly_svm
CH0376,adele,0,1,0.4760503153006018,decision_margin,3,poly_anova,poly_svm
CH0378,adele,0,1,1.6187840046292856,decision_margin,3,poly_anova,poly_svm
CH0380,adele,0,0,-0.33493928857925154,decision_margin,3,poly_anova,poly_svm
CH0381,adele,0,0,-0.1619245036151707,decision_margin,3,poly_anova,poly_svm
CH0382,adele,0,0,-0.44244583069506976,decision_margin,3,poly_anova,poly_svm
CH0391,bts,0,0,-0.5403967249192936,decision_margin,3,poly_anova,poly_svm
CH0392,post malone,0,0,-0.025686155865858207,decision_margin,3,poly_anova,poly_svm
CH0416,bts,0,0,-0.4125568091921357,decision_margin,3,poly_anova,poly_svm
CH0417,bts,0,0,-0.7554180073047209,decision_margin,3,poly_anova,poly_svm
CH0418,bts,0,0,-0.4520925558449317,decision_margin,3,poly_anova,poly_svm
CH0422,bts,0,0,-0.40565447869827176,decision_margin,3,poly_anova,poly_svm
CH0423,bts,0,0,-0.2739976941503735,decision_margin,3,poly_anova,poly_svm
CH0424,bts,0,0,-1.103495487175157,decision_margin,3,poly_anova,poly_svm
CH0456,halsey,0,0,-0.45727935204656267,decision_margin,3,poly_anova,poly_svm
CH0464,halsey,0,0,-0.6021109372829482,decision_margin,3,poly_anova,poly_svm
CH0466,beyonce,0,0,-0.5235667018759613,decision_margin,3,poly_anova,poly_svm
CH0468,nicki minaj,0,0,-0.48258271083029036,decision_margin,3,poly_anova,poly_svm
CH0470,lil baby,0,1,0.16528210769797758,decision_margin,3,poly_anova,poly_svm
CH0478,lil wayne,0,0,-0.7890038686966829,decision_margin,3,poly_anova,poly_svm
CH0493,p!nk,0,0,-1.6169196204441656,decision_margin,3,poly_anova,poly_svm
CH0496,post malone,0,0,-0.5206224169515911,decision_margin,3,poly_anova,poly_svm
CH0498,lil baby,0,0,-0.928837337392156,decision_margin,3,poly_anova,poly_svm
CH0505,post malone,0,1,3.2585056831814687,decision_margin,3,poly_anova,poly_svm
CH0516,nicki minaj,0,0,-0.32666835404227307,decision_margin,3,poly_anova,poly_svm
CH0543,halsey,0,0,-0.08191569570373791,decision_margin,3,poly_anova,poly_svm
CH0552,one direction,0,1,0.7986316554523442,decision_margin,3,poly_anova,poly_svm
CH0553,one direction,0,1,0.01708960623418876,decision_margin,3,poly_anova,poly_svm
CH0555,one direction,0,0,-0.22326368106923938,decision_margin,3,poly_anova,poly_svm
CH0557,one direction,0,0,-0.4146608111616825,decision_margin,3,poly_anova,poly_svm
CH0559,one direction,0,0,-0.6796156443447946,decision_margin,3,poly_anova,poly_svm
CH0561,nicki minaj,0,0,-0.7943303577037538,decision_margin,3,poly_anova,poly_svm
CH0576,one direction,0,0,-0.5626858341228538,decision_margin,3,poly_anova,poly_svm
CH0581,one direction,0,1,0.9455340717120891,decision_margin,3,poly_anova,poly_svm
CH0582,nicki minaj,0,0,-0.42953884812628995,decision_margin,3,poly_anova,poly_svm
CH0590,beyonce,0,1,0.5389432479720492,decision_margin,3,poly_anova,poly_svm
CH0600,one direction,0,1,0.05764919884610753,decision_margin,3,poly_anova,poly_svm
CH0601,one direction,0,0,-0.6444226464212465,decision_margin,3,poly_anova,poly_svm
CH0604,one direction,0,0,-0.11316562533427221,decision_margin,3,poly_anova,poly_svm
CH0612,one direction,0,0,-0.960165437393713,decision_margin,3,poly_anova,poly_svm
CH0618,nicki minaj,0,0,-0.5420639089712368,decision_margin,3,poly_anova,poly_svm
CH0619,one direction,0,1,0.37435641693793065,decision_margin,3,poly_anova,poly_svm
CH0622,adele,0,0,-0.07674029911410674,decision_margin,3,poly_anova,poly_svm
CH0623,one direction,0,1,0.7512582000091178,decision_margin,3,poly_anova,poly_svm
CH0627,beyonce,0,0,-0.10294368122246655,decision_margin,3,poly_anova,poly_svm
CH0628,one direction,0,0,-0.6314746041016266,decision_margin,3,poly_anova,poly_svm
CH0637,lil wayne,0,0,-0.8671042389053027,decision_margin,3,poly_anova,poly_svm
CH0638,beyonce,0,1,0.03118465846398355,decision_margin,3,poly_anova,poly_svm
CH0639,nicki minaj,0,1,0.3469218842400239,decision_margin,3,poly_anova,poly_svm
CH0653,nicki minaj,0,0,-0.7244364290467272,decision_margin,3,poly_anova,poly_svm
CH0655,nicki minaj,0,1,0.1747050494468979,decision_margin,3,poly_anova,poly_svm
CH0663,p!nk,0,1,0.31053746866762644,decision_margin,3,poly_anova,poly_svm
CH0681,lil wayne,0,0,-0.8252451579457774,decision_margin,3,poly_anova,poly_svm
CH0682,p!nk,0,0,-1.7175430138105088,decision_margin,3,poly_anova,poly_svm
CH0687,beyonce,0,0,-0.20992464525672438,decision_margin,3,poly_anova,poly_svm
CH0693,lil wayne,0,0,-0.9134425712279282,decision_margin,3,poly_anova,poly_svm
CH0733,beyonce,0,0,-0.18697311540648826,decision_margin,3,poly_anova,poly_svm
CH0743,beyonce,0,1,0.482640843646129,decision_margin,3,poly_anova,poly_svm
CH0744,beyonce,0,0,-0.5826168648617461,decision_margin,3,poly_anova,poly_svm
CH0005,bts,1,1,0.38970628791471623,decision_margin,3,v3_hgb_leaves7_l210,hist_gradient_boosting
CH0014,bts,1,1,0.2929403414892166,decision_margin,3,v3_hgb_leaves7_l210,hist_gradient_boosting
CH0024,post malone,1,0,-0.05761054961431367,decision_margin,3,v3_hgb_leaves7_l210,hist_gradient_boosting
CH0034,lil baby,1,0,-0.6551457382350844,decision_margin,3,v3_hgb_leaves7_l210,hist_gradient_boosting
CH0039,lil baby,1,0,-0.3734928008312537,decision_margin,3,v3_hgb_leaves7_l210,hist_gradient_boosting
CH0040,lil baby,1,0,-0.19518489311692147,decision_margin,3,v3_hgb_leaves7_l210,hist_gradient_boosting
CH0042,lil baby,1,0,-0.4798579813124486,decision_margin,3,v3_hgb_leaves7_l210,hist_gradient_boosting
CH0043,halsey,1,1,0.3303989246786818,decision_margin,3,v3_hgb_leaves7_l210,hist_gradient_boosting
CH0049,halsey,1,0,-0.0888879374204282,decision_margin,3,v3_hgb_leaves7_l210,hist_gradient_boosting
CH0050,post malone,1,1,0.1960596464302778,decision_margin,3,v3_hgb_leaves7_l210,hist_gradient_boosting
CH0057,post malone,1,0,-0.11683048520459109,decision_margin,3,v3_hgb_leaves7_l210,hist_gradient_boosting
CH0068,lil baby,1,0,-0.3434132421606957,decision_margin,3,v3_hgb_leaves7_l210,hist_gradient_boosting
CH0069,p!nk,1,1,0.9020422149577734,decision_margin,3,v3_hgb_leaves7_l210,hist_gradient_boosting
CH0080,halsey,1,0,-0.5235078545188515,decision_margin,3,v3_hgb_leaves7_l210,hist_gradient_boosting
CH0082,post malone,1,0,-0.9411663709674823,decision_margin,3,v3_hgb_leaves7_l210,hist_gradient_boosting
CH0109,halsey,1,0,-1.2494374519474714,decision_margin,3,v3_hgb_leaves7_l210,hist_gradient_boosting
CH0114,p!nk,1,1,1.055553529736492,decision_margin,3,v3_hgb_leaves7_l210,hist_gradient_boosting
CH0116,adele,1,1,0.44184333535461445,decision_margin,3,v3_hgb_leaves7_l210,hist_gradient_boosting
CH0122,adele,1,1,0.6161151193463402,decision_margin,3,v3_hgb_leaves7_l210,hist_gradient_boosting
CH0127,adele,1,1,0.30687001905629924,decision_margin,3,v3_hgb_leaves7_l210,hist_gradient_boosting
CH0130,p!nk,1,0,-0.1091357154392667,decision_margin,3,v3_hgb_leaves7_l210,hist_gradient_boosting
CH0137,post malone,1,0,-0.2683924570314117,decision_margin,3,v3_hgb_leaves7_l210,hist_gradient_boosting
CH0142,adele,1,1,0.9739546931943607,decision_margin,3,v3_hgb_leaves7_l210,hist_gradient_boosting
CH0160,beyonce,1,0,-0.7959830863425262,decision_margin,3,v3_hgb_leaves7_l210,hist_gradient_boosting
CH0161,one direction,1,1,0.3995058486185279,decision_margin,3,v3_hgb_leaves7_l210,hist_gradient_boosting
CH0165,one direction,1,1,0.1475541997465948,decision_margin,3,v3_hgb_leaves7_l210,hist_gradient_boosting
CH0169,one direction,1,1,0.5587332371359611,decision_margin,3,v3_hgb_leaves7_l210,hist_gradient_boosting
CH0171,nicki minaj,1,0,-0.8091174260273517,decision_margin,3,v3_hgb_leaves7_l210,hist_gradient_boosting
CH0178,beyonce,1,0,-0.8480922657912401,decision_margin,3,v3_hgb_leaves7_l210,hist_gradient_boosting
CH0192,p!nk,1,1,0.6830835135755414,decision_margin,3,v3_hgb_leaves7_l210,hist_gradient_boosting
CH0197,one direction,1,1,0.790630406292512,decision_margin,3,v3_hgb_leaves7_l210,hist_gradient_boosting
CH0201,nicki minaj,1,1,0.5587670824375518,decision_margin,3,v3_hgb_leaves7_l210,hist_gradient_boosting
CH0202,one direction,1,1,0.27413710624948834,decision_margin,3,v3_hgb_leaves7_l210,hist_gradient_boosting
CH0203,adele,1,0,-0.7541506795861957,decision_margin,3,v3_hgb_leaves7_l210,hist_gradient_boosting
CH0211,p!nk,1,0,-0.31414427256245997,decision_margin,3,v3_hgb_leaves7_l210,hist_gradient_boosting
CH0213,adele,1,1,0.2523734610593453,decision_margin,3,v3_hgb_leaves7_l210,hist_gradient_boosting
CH0215,adele,1,1,0.09654855193261871,decision_margin,3,v3_hgb_leaves7_l210,hist_gradient_boosting
CH0218,adele,1,1,1.2492991420752537,decision_margin,3,v3_hgb_leaves7_l210,hist_gradient_boosting
CH0220,nicki minaj,1,1,1.1632026129974098,decision_margin,3,v3_hgb_leaves7_l210,hist_gradient_boosting
CH0225,nicki minaj,1,0,-0.01946977347823124,decision_margin,3,v3_hgb_leaves7_l210,hist_gradient_boosting
CH0229,p!nk,1,1,0.03227831729882251,decision_margin,3,v3_hgb_leaves7_l210,hist_gradient_boosting
CH0231,p!nk,1,0,-0.0533770965963634,decision_margin,3,v3_hgb_leaves7_l210,hist_gradient_boosting
CH0232,lil wayne,1,0,-0.9552329724027714,decision_margin,3,v3_hgb_leaves7_l210,hist_gradient_boosting
CH0250,beyonce,1,0,-0.4557425989693502,decision_margin,3,v3_hgb_leaves7_l210,hist_gradient_boosting
CH0265,nicki minaj,1,0,-0.25581447509643024,decision_margin,3,v3_hgb_leaves7_l210,hist_gradient_boosting
CH0271,beyonce,1,0,-0.0056782616312207185,decision_margin,3,v3_hgb_leaves7_l210,hist_gradient_boosting
CH0277,beyonce,1,1,0.4700180694023873,decision_margin,3,v3_hgb_leaves7_l210,hist_gradient_boosting
CH0281,beyonce,1,1,0.004774383878279102,decision_margin,3,v3_hgb_leaves7_l210,hist_gradient_boosting
CH0286,p!nk,1,1,0.1460313011878313,decision_margin,3,v3_hgb_leaves7_l210,hist_gradient_boosting
CH0290,p!nk,1,1,0.6783025861620885,decision_margin,3,v3_hgb_leaves7_l210,hist_gradient_boosting
CH0291,beyonce,1,1,0.1990859506609803,decision_margin,3,v3_hgb_leaves7_l210,hist_gradient_boosting
CH0293,p!nk,1,1,0.2432110415004313,decision_margin,3,v3_hgb_leaves7_l210,hist_gradient_boosting
CH0302,beyonce,1,0,-0.6323715424041713,decision_margin,3,v3_hgb_leaves7_l210,hist_gradient_boosting
CH0316,lil wayne,1,0,-0.14448828016294424,decision_margin,3,v3_hgb_leaves7_l210,hist_gradient_boosting
CH0325,beyonce,1,1,0.8364951238972429,decision_margin,3,v3_hgb_leaves7_l210,hist_gradient_boosting
CH0336,p!nk,1,0,-1.2809895634450015,decision_margin,3,v3_hgb_leaves7_l210,hist_gradient_boosting
CH0343,p!nk,1,0,-1.2916049897228257,decision_margin,3,v3_hgb_leaves7_l210,hist_gradient_boosting
CH0357,t.i.,1,0,-0.8374741026891112,decision_margin,3,v3_hgb_leaves7_l210,hist_gradient_boosting
CH0366,p!nk,1,0,-0.723296886869342,decision_margin,3,v3_hgb_leaves7_l210,hist_gradient_boosting
CH0367,adele,0,1,0.7459443054265609,decision_margin,3,v3_hgb_leaves7_l210,hist_gradient_boosting
CH0369,adele,0,1,0.5869422733276312,decision_margin,3,v3_hgb_leaves7_l210,hist_gradient_boosting
CH0371,adele,0,1,0.26647859542985,decision_margin,3,v3_hgb_leaves7_l210,hist_gradient_boosting
CH0372,adele,0,0,-0.8624491560999286,decision_margin,3,v3_hgb_leaves7_l210,hist_gradient_boosting
CH0373,adele,0,0,-0.578433359441476,decision_margin,3,v3_hgb_leaves7_l210,hist_gradient_boosting
CH0374,adele,0,1,0.46331382117088593,decision_margin,3,v3_hgb_leaves7_l210,hist_gradient_boosting
CH0376,adele,0,0,-0.35241656313810904,decision_margin,3,v3_hgb_leaves7_l210,hist_gradient_boosting
CH0378,adele,0,1,0.9918663531551457,decision_margin,3,v3_hgb_leaves7_l210,hist_gradient_boosting
CH0380,adele,0,0,-0.03204122256287048,decision_margin,3,v3_hgb_leaves7_l210,hist_gradient_boosting
CH0381,adele,0,0,-0.5664070915332177,decision_margin,3,v3_hgb_leaves7_l210,hist_gradient_boosting
CH0382,adele,0,1,0.20910310635767315,decision_margin,3,v3_hgb_leaves7_l210,hist_gradient_boosting
CH0391,bts,0,0,-0.7163222515069313,decision_margin,3,v3_hgb_leaves7_l210,hist_gradient_boosting
CH0392,post malone,0,0,-0.10935251673137378,decision_margin,3,v3_hgb_leaves7_l210,hist_gradient_boosting
CH0416,bts,0,1,0.09803177195303527,decision_margin,3,v3_hgb_leaves7_l210,hist_gradient_boosting
CH0417,bts,0,0,-1.1665698810615832,decision_margin,3,v3_hgb_leaves7_l210,hist_gradient_boosting
CH0418,bts,0,1,0.6829094335898828,decision_margin,3,v3_hgb_leaves7_l210,hist_gradient_boosting
CH0422,bts,0,0,-0.2807729477138063,decision_margin,3,v3_hgb_leaves7_l210,hist_gradient_boosting
CH0423,bts,0,1,0.14624291005481718,decision_margin,3,v3_hgb_leaves7_l210,hist_gradient_boosting
CH0424,bts,0,1,0.28434198703246505,decision_margin,3,v3_hgb_leaves7_l210,hist_gradient_boosting
CH0456,halsey,0,1,0.34177800660253477,decision_margin,3,v3_hgb_leaves7_l210,hist_gradient_boosting
CH0464,halsey,0,0,-0.870031417940204,decision_margin,3,v3_hgb_leaves7_l210,hist_gradient_boosting
CH0466,beyonce,0,0,-0.07777430397954285,decision_margin,3,v3_hgb_leaves7_l210,hist_gradient_boosting
CH0468,nicki minaj,0,0,-0.09473260927395988,decision_margin,3,v3_hgb_leaves7_l210,hist_gradient_boosting
CH0470,lil baby,0,0,-0.8527129327038668,decision_margin,3,v3_hgb_leaves7_l210,hist_gradient_boosting
CH0478,lil wayne,0,1,0.1195055223657632,decision_margin,3,v3_hgb_leaves7_l210,hist_gradient_boosting
CH0493,p!nk,0,0,-1.102304489107157,decision_margin,3,v3_hgb_leaves7_l210,hist_gradient_boosting
CH0496,post malone,0,1,0.19610692370053906,decision_margin,3,v3_hgb_leaves7_l210,hist_gradient_boosting
CH0498,lil baby,0,1,0.5006937099349241,decision_margin,3,v3_hgb_leaves7_l210,hist_gradient_boosting
CH0505,post malone,0,0,-0.7299995620361964,decision_margin,3,v3_hgb_leaves7_l210,hist_gradient_boosting
CH0516,nicki minaj,0,1,0.4600498286040017,decision_margin,3,v3_hgb_leaves7_l210,hist_gradient_boosting
CH0543,halsey,0,1,0.5351224817969217,decision_margin,3,v3_hgb_leaves7_l210,hist_gradient_boosting
CH0552,one direction,0,0,-0.7500283137189703,decision_margin,3,v3_hgb_leaves7_l210,hist_gradient_boosting
CH0553,one direction,0,0,-0.07894547882902885,decision_margin,3,v3_hgb_leaves7_l210,hist_gradient_boosting
CH0555,one direction,0,1,0.3159179915571966,decision_margin,3,v3_hgb_leaves7_l210,hist_gradient_boosting
CH0557,one direction,0,0,-0.4729182235599355,decision_margin,3,v3_hgb_leaves7_l210,hist_gradient_boosting
CH0559,one direction,0,0,-0.571642103087795,decision_margin,3,v3_hgb_leaves7_l210,hist_gradient_boosting
CH0561,nicki minaj,0,0,-0.8255870048522632,decision_margin,3,v3_hgb_leaves7_l210,hist_gradient_boosting
CH0576,one direction,0,0,-0.23506256504143558,decision_margin,3,v3_hgb_leaves7_l210,hist_gradient_boosting
CH0581,one direction,0,1,0.747456182135936,decision_margin,3,v3_hgb_leaves7_l210,hist_gradient_boosting
CH0582,nicki minaj,0,0,-0.5128357276432476,decision_margin,3,v3_hgb_leaves7_l210,hist_gradient_boosting
CH0590,beyonce,0,1,0.2882580222151176,decision_margin,3,v3_hgb_leaves7_l210,hist_gradient_boosting
CH0600,one direction,0,1,0.16485430041599924,decision_margin,3,v3_hgb_leaves7_l210,hist_gradient_boosting
CH0601,one direction,0,0,-0.9762813228722437,decision_margin,3,v3_hgb_leaves7_l210,hist_gradient_boosting
CH0604,one direction,0,0,-1.0490411810570426,decision_margin,3,v3_hgb_leaves7_l210,hist_gradient_boosting
CH0612,one direction,0,0,-1.1900554163999915,decision_margin,3,v3_hgb_leaves7_l210,hist_gradient_boosting
CH0618,nicki minaj,0,1,0.7534671861358332,decision_margin,3,v3_hgb_leaves7_l210,hist_gradient_boosting
CH0619,one direction,0,0,-0.2047164826348638,decision_margin,3,v3_hgb_leaves7_l210,hist_gradient_boosting
CH0622,adele,0,1,0.40933328544239633,decision_margin,3,v3_hgb_leaves7_l210,hist_gradient_boosting
CH0623,one direction,0,1,0.8912471483299839,decision_margin,3,v3_hgb_leaves7_l210,hist_gradient_boosting
CH0627,beyonce,0,1,0.6061827980190898,decision_margin,3,v3_hgb_leaves7_l210,hist_gradient_boosting
CH0628,one direction,0,1,1.0077488349808392,decision_margin,3,v3_hgb_leaves7_l210,hist_gradient_boosting
CH0637,lil wayne,0,0,-0.4183967040777436,decision_margin,3,v3_hgb_leaves7_l210,hist_gradient_boosting
CH0638,beyonce,0,1,1.456394143987191,decision_margin,3,v3_hgb_leaves7_l210,hist_gradient_boosting
CH0639,nicki minaj,0,0,-0.08344109980793792,decision_margin,3,v3_hgb_leaves7_l210,hist_gradient_boosting
CH0653,nicki minaj,0,1,0.6096379485158561,decision_margin,3,v3_hgb_leaves7_l210,hist_gradient_boosting
CH0655,nicki minaj,0,1,1.0458279063838911,decision_margin,3,v3_hgb_leaves7_l210,hist_gradient_boosting
CH0663,p!nk,0,0,-0.40806993365622646,decision_margin,3,v3_hgb_leaves7_l210,hist_gradient_boosting
CH0681,lil wayne,0,1,0.13936609947377823,decision_margin,3,v3_hgb_leaves7_l210,hist_gradient_boosting
CH0682,p!nk,0,1,0.03249281085013775,decision_margin,3,v3_hgb_leaves7_l210,hist_gradient_boosting
CH0687,beyonce,0,1,0.9103189762897717,decision_margin,3,v3_hgb_leaves7_l210,hist_gradient_boosting
CH0693,lil wayne,0,0,-0.3999057440671088,decision_margin,3,v3_hgb_leaves7_l210,hist_gradient_boosting
CH0733,beyonce,0,1,0.8393736919076015,decision_margin,3,v3_hgb_leaves7_l210,hist_gradient_boosting
CH0743,beyonce,0,0,-1.31355632171704,decision_margin,3,v3_hgb_leaves7_l210,hist_gradient_boosting
CH0744,beyonce,0,1,0.06557227000537466,decision_margin,3,v3_hgb_leaves7_l210,hist_gradient_boosting
CH0005,bts,1,1,0.6102677497310299,uncalibrated_class_1_probability,3,v3_knn31_quantile_pca15,knn
CH0014,bts,1,1,0.7058812029453138,uncalibrated_class_1_probability,3,v3_knn31_quantile_pca15,knn
CH0024,post malone,1,1,0.5059590060012743,uncalibrated_class_1_probability,3,v3_knn31_quantile_pca15,knn
CH0034,lil baby,1,0,0.34303259643120915,uncalibrated_class_1_probability,3,v3_knn31_quantile_pca15,knn
CH0039,lil baby,1,0,0.30916295348603334,uncalibrated_class_1_probability,3,v3_knn31_quantile_pca15,knn
CH0040,lil baby,1,0,0.40990886271777477,uncalibrated_class_1_probability,3,v3_knn31_quantile_pca15,knn
CH0042,lil baby,1,0,0.2880546191106575,uncalibrated_class_1_probability,3,v3_knn31_quantile_pca15,knn
CH0043,halsey,1,1,0.5209419592363023,uncalibrated_class_1_probability,3,v3_knn31_quantile_pca15,knn
CH0049,halsey,1,1,0.5568722748467294,uncalibrated_class_1_probability,3,v3_knn31_quantile_pca15,knn
CH0050,post malone,1,0,0.4638300906041747,uncalibrated_class_1_probability,3,v3_knn31_quantile_pca15,knn
CH0057,post malone,1,0,0.41121862126134023,uncalibrated_class_1_probability,3,v3_knn31_quantile_pca15,knn
CH0068,lil baby,1,0,0.4502323339751854,uncalibrated_class_1_probability,3,v3_knn31_quantile_pca15,knn
CH0069,p!nk,1,1,0.5535028905701307,uncalibrated_class_1_probability,3,v3_knn31_quantile_pca15,knn
CH0080,halsey,1,0,0.4305642722856096,uncalibrated_class_1_probability,3,v3_knn31_quantile_pca15,knn
CH0082,post malone,1,0,0.42413791288952635,uncalibrated_class_1_probability,3,v3_knn31_quantile_pca15,knn
CH0109,halsey,1,0,0.35899909165841903,uncalibrated_class_1_probability,3,v3_knn31_quantile_pca15,knn
CH0114,p!nk,1,0,0.3914717159503216,uncalibrated_class_1_probability,3,v3_knn31_quantile_pca15,knn
CH0116,adele,1,1,0.5624944884404408,uncalibrated_class_1_probability,3,v3_knn31_quantile_pca15,knn
CH0122,adele,1,1,0.5297306724799189,uncalibrated_class_1_probability,3,v3_knn31_quantile_pca15,knn
CH0127,adele,1,1,0.6074083294300525,uncalibrated_class_1_probability,3,v3_knn31_quantile_pca15,knn
CH0130,p!nk,1,0,0.3839273145786357,uncalibrated_class_1_probability,3,v3_knn31_quantile_pca15,knn
CH0137,post malone,1,0,0.4418898411250169,uncalibrated_class_1_probability,3,v3_knn31_quantile_pca15,knn
CH0142,adele,1,1,0.5130289151794808,uncalibrated_class_1_probability,3,v3_knn31_quantile_pca15,knn
CH0160,beyonce,1,0,0.348738769820995,uncalibrated_class_1_probability,3,v3_knn31_quantile_pca15,knn
CH0161,one direction,1,1,0.5225144388918129,uncalibrated_class_1_probability,3,v3_knn31_quantile_pca15,knn
CH0165,one direction,1,1,0.6287499780154073,uncalibrated_class_1_probability,3,v3_knn31_quantile_pca15,knn
CH0169,one direction,1,1,0.5165203494369817,uncalibrated_class_1_probability,3,v3_knn31_quantile_pca15,knn
CH0171,nicki minaj,1,0,0.3762273360675916,uncalibrated_class_1_probability,3,v3_knn31_quantile_pca15,knn
CH0178,beyonce,1,0,0.41081294951759256,uncalibrated_class_1_probability,3,v3_knn31_quantile_pca15,knn
CH0192,p!nk,1,1,0.6212586229192328,uncalibrated_class_1_probability,3,v3_knn31_quantile_pca15,knn
CH0197,one direction,1,1,0.5177075969033621,uncalibrated_class_1_probability,3,v3_knn31_quantile_pca15,knn
CH0201,nicki minaj,1,0,0.3842571581131834,uncalibrated_class_1_probability,3,v3_knn31_quantile_pca15,knn
CH0202,one direction,1,0,0.440737927372205,uncalibrated_class_1_probability,3,v3_knn31_quantile_pca15,knn
CH0203,adele,1,0,0.4486322295570642,uncalibrated_class_1_probability,3,v3_knn31_quantile_pca15,knn
CH0211,p!nk,1,0,0.36851192273254396,uncalibrated_class_1_probability,3,v3_knn31_quantile_pca15,knn
CH0213,adele,1,0,0.38042545430051256,uncalibrated_class_1_probability,3,v3_knn31_quantile_pca15,knn
CH0215,adele,1,0,0.3684662482293621,uncalibrated_class_1_probability,3,v3_knn31_quantile_pca15,knn
CH0218,adele,1,1,0.5497494208935765,uncalibrated_class_1_probability,3,v3_knn31_quantile_pca15,knn
CH0220,nicki minaj,1,0,0.439568966867362,uncalibrated_class_1_probability,3,v3_knn31_quantile_pca15,knn
CH0225,nicki minaj,1,0,0.4510124423177412,uncalibrated_class_1_probability,3,v3_knn31_quantile_pca15,knn
CH0229,p!nk,1,1,0.5853416806589343,uncalibrated_class_1_probability,3,v3_knn31_quantile_pca15,knn
CH0231,p!nk,1,1,0.5135732465680686,uncalibrated_class_1_probability,3,v3_knn31_quantile_pca15,knn
CH0232,lil wayne,1,0,0.48135617804938147,uncalibrated_class_1_probability,3,v3_knn31_quantile_pca15,knn
CH0250,beyonce,1,1,0.5193385148927481,uncalibrated_class_1_probability,3,v3_knn31_quantile_pca15,knn
CH0265,nicki minaj,1,1,0.5424712118454256,uncalibrated_class_1_probability,3,v3_knn31_quantile_pca15,knn
CH0271,beyonce,1,0,0.47571376573674723,uncalibrated_class_1_probability,3,v3_knn31_quantile_pca15,knn
CH0277,beyonce,1,1,0.5097087835673243,uncalibrated_class_1_probability,3,v3_knn31_quantile_pca15,knn
CH0281,beyonce,1,0,0.41039082902247176,uncalibrated_class_1_probability,3,v3_knn31_quantile_pca15,knn
CH0286,p!nk,1,0,0.40714853470039514,uncalibrated_class_1_probability,3,v3_knn31_quantile_pca15,knn
CH0290,p!nk,1,0,0.44847410957333983,uncalibrated_class_1_probability,3,v3_knn31_quantile_pca15,knn
CH0291,beyonce,1,1,0.6293748478154936,uncalibrated_class_1_probability,3,v3_knn31_quantile_pca15,knn
CH0293,p!nk,1,0,0.4673046723694472,uncalibrated_class_1_probability,3,v3_knn31_quantile_pca15,knn
CH0302,beyonce,1,0,0.434358876274008,uncalibrated_class_1_probability,3,v3_knn31_quantile_pca15,knn
CH0316,lil wayne,1,0,0.45080638543608403,uncalibrated_class_1_probability,3,v3_knn31_quantile_pca15,knn
CH0325,beyonce,1,1,0.5214768690363542,uncalibrated_class_1_probability,3,v3_knn31_quantile_pca15,knn
CH0336,p!nk,1,0,0.36616712428484355,uncalibrated_class_1_probability,3,v3_knn31_quantile_pca15,knn
CH0343,p!nk,1,1,0.5066185852017513,uncalibrated_class_1_probability,3,v3_knn31_quantile_pca15,knn
CH0357,t.i.,1,1,0.5372606136469581,uncalibrated_class_1_probability,3,v3_knn31_quantile_pca15,knn
CH0366,p!nk,1,1,0.5037362912718891,uncalibrated_class_1_probability,3,v3_knn31_quantile_pca15,knn
CH0367,adele,0,0,0.45988865827426484,uncalibrated_class_1_probability,3,v3_knn31_quantile_pca15,knn
CH0369,adele,0,1,0.5729104222293695,uncalibrated_class_1_probability,3,v3_knn31_quantile_pca15,knn
CH0371,adele,0,0,0.439231572719191,uncalibrated_class_1_probability,3,v3_knn31_quantile_pca15,knn
CH0372,adele,0,1,0.5539072949043181,uncalibrated_class_1_probability,3,v3_knn31_quantile_pca15,knn
CH0373,adele,0,1,0.5395393427454193,uncalibrated_class_1_probability,3,v3_knn31_quantile_pca15,knn
CH0374,adele,0,0,0.485238699412044,uncalibrated_class_1_probability,3,v3_knn31_quantile_pca15,knn
CH0376,adele,0,0,0.35911945896083186,uncalibrated_class_1_probability,3,v3_knn31_quantile_pca15,knn
CH0378,adele,0,1,0.551465467523355,uncalibrated_class_1_probability,3,v3_knn31_quantile_pca15,knn
CH0380,adele,0,0,0.46892584189526276,uncalibrated_class_1_probability,3,v3_knn31_quantile_pca15,knn
CH0381,adele,0,0,0.39153194129344415,uncalibrated_class_1_probability,3,v3_knn31_quantile_pca15,knn
CH0382,adele,0,0,0.3991565882691723,uncalibrated_class_1_probability,3,v3_knn31_quantile_pca15,knn
CH0391,bts,0,0,0.47072627842011355,uncalibrated_class_1_probability,3,v3_knn31_quantile_pca15,knn
CH0392,post malone,0,0,0.39632647852785213,uncalibrated_class_1_probability,3,v3_knn31_quantile_pca15,knn
CH0416,bts,0,1,0.6159724677800585,uncalibrated_class_1_probability,3,v3_knn31_quantile_pca15,knn
CH0417,bts,0,0,0.481219345338584,uncalibrated_class_1_probability,3,v3_knn31_quantile_pca15,knn
CH0418,bts,0,1,0.5569559239186611,uncalibrated_class_1_probability,3,v3_knn31_quantile_pca15,knn
CH0422,bts,0,1,0.586158790834019,uncalibrated_class_1_probability,3,v3_knn31_quantile_pca15,knn
CH0423,bts,0,0,0.45901789227958373,uncalibrated_class_1_probability,3,v3_knn31_quantile_pca15,knn
CH0424,bts,0,0,0.2835134536117742,uncalibrated_class_1_probability,3,v3_knn31_quantile_pca15,knn
CH0456,halsey,0,0,0.4583140553868059,uncalibrated_class_1_probability,3,v3_knn31_quantile_pca15,knn
CH0464,halsey,0,1,0.5059369531209909,uncalibrated_class_1_probability,3,v3_knn31_quantile_pca15,knn
CH0466,beyonce,0,0,0.4815681200176355,uncalibrated_class_1_probability,3,v3_knn31_quantile_pca15,knn
CH0468,nicki minaj,0,1,0.5152276497348321,uncalibrated_class_1_probability,3,v3_knn31_quantile_pca15,knn
CH0470,lil baby,0,0,0.39037967217799774,uncalibrated_class_1_probability,3,v3_knn31_quantile_pca15,knn
CH0478,lil wayne,0,1,0.5515802826448409,uncalibrated_class_1_probability,3,v3_knn31_quantile_pca15,knn
CH0493,p!nk,0,0,0.34951553618432885,uncalibrated_class_1_probability,3,v3_knn31_quantile_pca15,knn
CH0496,post malone,0,0,0.4265022344326735,uncalibrated_class_1_probability,3,v3_knn31_quantile_pca15,knn
CH0498,lil baby,0,0,0.4630742852845274,uncalibrated_class_1_probability,3,v3_knn31_quantile_pca15,knn
CH0505,post malone,0,0,0.3572715488234533,uncalibrated_class_1_probability,3,v3_knn31_quantile_pca15,knn
CH0516,nicki minaj,0,0,0.43788899392877756,uncalibrated_class_1_probability,3,v3_knn31_quantile_pca15,knn
CH0543,halsey,0,1,0.6120038655744602,uncalibrated_class_1_probability,3,v3_knn31_quantile_pca15,knn
CH0552,one direction,0,0,0.4793524933141584,uncalibrated_class_1_probability,3,v3_knn31_quantile_pca15,knn
CH0553,one direction,0,1,0.5072888656139188,uncalibrated_class_1_probability,3,v3_knn31_quantile_pca15,knn
CH0555,one direction,0,0,0.42269890444060115,uncalibrated_class_1_probability,3,v3_knn31_quantile_pca15,knn
CH0557,one direction,0,0,0.4721721124614382,uncalibrated_class_1_probability,3,v3_knn31_quantile_pca15,knn
CH0559,one direction,0,0,0.4182544129237436,uncalibrated_class_1_probability,3,v3_knn31_quantile_pca15,knn
CH0561,nicki minaj,0,1,0.5010602120522003,uncalibrated_class_1_probability,3,v3_knn31_quantile_pca15,knn
CH0576,one direction,0,0,0.42656195103294825,uncalibrated_class_1_probability,3,v3_knn31_quantile_pca15,knn
CH0581,one direction,0,1,0.6001244067806101,uncalibrated_class_1_probability,3,v3_knn31_quantile_pca15,knn
CH0582,nicki minaj,0,0,0.4497917449428107,uncalibrated_class_1_probability,3,v3_knn31_quantile_pca15,knn
CH0590,beyonce,0,0,0.48854972801904345,uncalibrated_class_1_probability,3,v3_knn31_quantile_pca15,knn
CH0600,one direction,0,1,0.5038064445934192,uncalibrated_class_1_probability,3,v3_knn31_quantile_pca15,knn
CH0601,one direction,0,0,0.4009658521474659,uncalibrated_class_1_probability,3,v3_knn31_quantile_pca15,knn
CH0604,one direction,0,0,0.45004145547651186,uncalibrated_class_1_probability,3,v3_knn31_quantile_pca15,knn
CH0612,one direction,0,0,0.3094205439282378,uncalibrated_class_1_probability,3,v3_knn31_quantile_pca15,knn
CH0618,nicki minaj,0,1,0.5729104585538916,uncalibrated_class_1_probability,3,v3_knn31_quantile_pca15,knn
CH0619,one direction,0,0,0.3850885032761117,uncalibrated_class_1_probability,3,v3_knn31_quantile_pca15,knn
CH0622,adele,0,0,0.3907253489761941,uncalibrated_class_1_probability,3,v3_knn31_quantile_pca15,knn
CH0623,one direction,0,1,0.6198726384314256,uncalibrated_class_1_probability,3,v3_knn31_quantile_pca15,knn
CH0627,beyonce,0,0,0.42681773308521564,uncalibrated_class_1_probability,3,v3_knn31_quantile_pca15,knn
CH0628,one direction,0,0,0.40979184224963483,uncalibrated_class_1_probability,3,v3_knn31_quantile_pca15,knn
CH0637,lil wayne,0,0,0.4120807995659025,uncalibrated_class_1_probability,3,v3_knn31_quantile_pca15,knn
CH0638,beyonce,0,0,0.42814977472097226,uncalibrated_class_1_probability,3,v3_knn31_quantile_pca15,knn
CH0639,nicki minaj,0,0,0.4774574821909487,uncalibrated_class_1_probability,3,v3_knn31_quantile_pca15,knn
CH0653,nicki minaj,0,0,0.37745784125366316,uncalibrated_class_1_probability,3,v3_knn31_quantile_pca15,knn
CH0655,nicki minaj,0,1,0.6049006159999935,uncalibrated_class_1_probability,3,v3_knn31_quantile_pca15,knn
CH0663,p!nk,0,1,0.5157053202073978,uncalibrated_class_1_probability,3,v3_knn31_quantile_pca15,knn
CH0681,lil wayne,0,0,0.45937693633888665,uncalibrated_class_1_probability,3,v3_knn31_quantile_pca15,knn
CH0682,p!nk,0,0,0.41123928235769197,uncalibrated_class_1_probability,3,v3_knn31_quantile_pca15,knn
CH0687,beyonce,0,1,0.5203854458953353,uncalibrated_class_1_probability,3,v3_knn31_quantile_pca15,knn
CH0693,lil wayne,0,0,0.3883092158095445,uncalibrated_class_1_probability,3,v3_knn31_quantile_pca15,knn
CH0733,beyonce,0,0,0.44301823153748404,uncalibrated_class_1_probability,3,v3_knn31_quantile_pca15,knn
CH0743,beyonce,0,0,0.456573725692882,uncalibrated_class_1_probability,3,v3_knn31_quantile_pca15,knn
CH0744,beyonce,0,1,0.5144747676415863,uncalibrated_class_1_probability,3,v3_knn31_quantile_pca15,knn
CH0005,bts,1,1,0.8709214984986843,decision_margin,3,v3_lda_standard_core_statistics,lda
CH0014,bts,1,0,-0.01445049400370084,decision_margin,3,v3_lda_standard_core_statistics,lda
CH0024,post malone,1,0,-2.407990240821875,decision_margin,3,v3_lda_standard_core_statistics,lda
CH0034,lil baby,1,0,-0.7644370464718033,decision_margin,3,v3_lda_standard_core_statistics,lda
CH0039,lil baby,1,1,1.1688875543092896,decision_margin,3,v3_lda_standard_core_statistics,lda
CH0040,lil baby,1,1,1.19878487443448,decision_margin,3,v3_lda_standard_core_statistics,lda
CH0042,lil baby,1,0,-2.641701295095638,decision_margin,3,v3_lda_standard_core_statistics,lda
CH0043,halsey,1,1,2.6431113038219713,decision_margin,3,v3_lda_standard_core_statistics,lda
CH0049,halsey,1,1,1.2198628522265924,decision_margin,3,v3_lda_standard_core_statistics,lda
CH0050,post malone,1,1,0.20830348604447368,decision_margin,3,v3_lda_standard_core_statistics,lda
CH0057,post malone,1,0,-1.8055641424046864,decision_margin,3,v3_lda_standard_core_statistics,lda
CH0068,lil baby,1,1,0.17968347252335448,decision_margin,3,v3_lda_standard_core_statistics,lda
CH0069,p!nk,1,1,1.1368989869693897,decision_margin,3,v3_lda_standard_core_statistics,lda
CH0080,halsey,1,0,-1.2728500404762402,decision_margin,3,v3_lda_standard_core_statistics,lda
CH0082,post malone,1,0,-1.5376885103741769,decision_margin,3,v3_lda_standard_core_statistics,lda
CH0109,halsey,1,0,-1.7326231775261267,decision_margin,3,v3_lda_standard_core_statistics,lda
CH0114,p!nk,1,1,2.0560044429803863,decision_margin,3,v3_lda_standard_core_statistics,lda
CH0116,adele,1,0,-0.4830786453349434,decision_margin,3,v3_lda_standard_core_statistics,lda
CH0122,adele,1,1,1.3066396001554808,decision_margin,3,v3_lda_standard_core_statistics,lda
CH0127,adele,1,0,-1.5610611437498418,decision_margin,3,v3_lda_standard_core_statistics,lda
CH0130,p!nk,1,0,-1.6648974927938653,decision_margin,3,v3_lda_standard_core_statistics,lda
CH0137,post malone,1,1,1.527713982331823,decision_margin,3,v3_lda_standard_core_statistics,lda
CH0142,adele,1,1,0.25991521820543184,decision_margin,3,v3_lda_standard_core_statistics,lda
CH0160,beyonce,1,0,-0.7605756197359165,decision_margin,3,v3_lda_standard_core_statistics,lda
CH0161,one direction,1,0,-1.341036479570833,decision_margin,3,v3_lda_standard_core_statistics,lda
CH0165,one direction,1,1,1.1408133903270878,decision_margin,3,v3_lda_standard_core_statistics,lda
CH0169,one direction,1,1,1.450806660461973,decision_margin,3,v3_lda_standard_core_statistics,lda
CH0171,nicki minaj,1,1,0.7159491942255448,decision_margin,3,v3_lda_standard_core_statistics,lda
CH0178,beyonce,1,1,0.49527744639601123,decision_margin,3,v3_lda_standard_core_statistics,lda
CH0192,p!nk,1,0,-0.4284751653043908,decision_margin,3,v3_lda_standard_core_statistics,lda
CH0197,one direction,1,1,0.9118623200023437,decision_margin,3,v3_lda_standard_core_statistics,lda
CH0201,nicki minaj,1,1,1.3431637041980276,decision_margin,3,v3_lda_standard_core_statistics,lda
CH0202,one direction,1,1,0.7450012744815073,decision_margin,3,v3_lda_standard_core_statistics,lda
CH0203,adele,1,0,-0.15495245852526018,decision_margin,3,v3_lda_standard_core_statistics,lda
CH0211,p!nk,1,0,-1.0176830558323744,decision_margin,3,v3_lda_standard_core_statistics,lda
CH0213,adele,1,0,-2.4064000635236917,decision_margin,3,v3_lda_standard_core_statistics,lda
CH0215,adele,1,1,1.1281547526975888,decision_margin,3,v3_lda_standard_core_statistics,lda
CH0218,adele,1,0,-0.3293424031406741,decision_margin,3,v3_lda_standard_core_statistics,lda
CH0220,nicki minaj,1,1,0.2905300965321417,decision_margin,3,v3_lda_standard_core_statistics,lda
CH0225,nicki minaj,1,0,-0.5152606007266197,decision_margin,3,v3_lda_standard_core_statistics,lda
CH0229,p!nk,1,1,0.4297122687991631,decision_margin,3,v3_lda_standard_core_statistics,lda
CH0231,p!nk,1,0,-1.3453109436549948,decision_margin,3,v3_lda_standard_core_statistics,lda
CH0232,lil wayne,1,0,-0.9916744229117418,decision_margin,3,v3_lda_standard_core_statistics,lda
CH0250,beyonce,1,0,-0.2678609390794364,decision_margin,3,v3_lda_standard_core_statistics,lda
CH0265,nicki minaj,1,1,0.98187081152576,decision_margin,3,v3_lda_standard_core_statistics,lda
CH0271,beyonce,1,1,0.3673435908545797,decision_margin,3,v3_lda_standard_core_statistics,lda
CH0277,beyonce,1,0,-0.1961040666314675,decision_margin,3,v3_lda_standard_core_statistics,lda
CH0281,beyonce,1,1,0.6423163369991813,decision_margin,3,v3_lda_standard_core_statistics,lda
CH0286,p!nk,1,1,2.368823284022546,decision_margin,3,v3_lda_standard_core_statistics,lda
CH0290,p!nk,1,1,0.7602193054973627,decision_margin,3,v3_lda_standard_core_statistics,lda
CH0291,beyonce,1,1,0.05949181749273669,decision_margin,3,v3_lda_standard_core_statistics,lda
CH0293,p!nk,1,1,1.4975834175322391,decision_margin,3,v3_lda_standard_core_statistics,lda
CH0302,beyonce,1,1,1.4241338943581427,decision_margin,3,v3_lda_standard_core_statistics,lda
CH0316,lil wayne,1,0,-1.1765392498922027,decision_margin,3,v3_lda_standard_core_statistics,lda
CH0325,beyonce,1,1,1.198313754105407,decision_margin,3,v3_lda_standard_core_statistics,lda
CH0336,p!nk,1,0,-1.789023326089906,decision_margin,3,v3_lda_standard_core_statistics,lda
CH0343,p!nk,1,0,-0.5174586357533811,decision_margin,3,v3_lda_standard_core_statistics,lda
CH0357,t.i.,1,0,-1.147654079014521,decision_margin,3,v3_lda_standard_core_statistics,lda
CH0366,p!nk,1,0,-1.7371517073212808,decision_margin,3,v3_lda_standard_core_statistics,lda
CH0367,adele,0,1,1.3072404973462493,decision_margin,3,v3_lda_standard_core_statistics,lda
CH0369,adele,0,1,3.088749537302739,decision_margin,3,v3_lda_standard_core_statistics,lda
CH0371,adele,0,0,-0.2748997279167369,decision_margin,3,v3_lda_standard_core_statistics,lda
CH0372,adele,0,0,-3.0013453024305203,decision_margin,3,v3_lda_standard_core_statistics,lda
CH0373,adele,0,0,-1.1854749989586064,decision_margin,3,v3_lda_standard_core_statistics,lda
CH0374,adele,0,1,2.0223161314793527,decision_margin,3,v3_lda_standard_core_statistics,lda
CH0376,adele,0,0,-0.4921681331759753,decision_margin,3,v3_lda_standard_core_statistics,lda
CH0378,adele,0,1,0.8082260710118623,decision_margin,3,v3_lda_standard_core_statistics,lda
CH0380,adele,0,0,-2.867086779630628,decision_margin,3,v3_lda_standard_core_statistics,lda
CH0381,adele,0,0,-0.9878464013473177,decision_margin,3,v3_lda_standard_core_statistics,lda
CH0382,adele,0,1,0.9571307034988774,decision_margin,3,v3_lda_standard_core_statistics,lda
CH0391,bts,0,0,-1.5714985964156185,decision_margin,3,v3_lda_standard_core_statistics,lda
CH0392,post malone,0,0,-0.4588699501701229,decision_margin,3,v3_lda_standard_core_statistics,lda
CH0416,bts,0,1,0.7203459251399142,decision_margin,3,v3_lda_standard_core_statistics,lda
CH0417,bts,0,0,-0.6879517067865792,decision_margin,3,v3_lda_standard_core_statistics,lda
CH0418,bts,0,1,1.2027554349423681,decision_margin,3,v3_lda_standard_core_statistics,lda
CH0422,bts,0,0,-0.5452884176676972,decision_margin,3,v3_lda_standard_core_statistics,lda
CH0423,bts,0,1,0.7384714156376803,decision_margin,3,v3_lda_standard_core_statistics,lda
CH0424,bts,0,0,-0.693305634646892,decision_margin,3,v3_lda_standard_core_statistics,lda
CH0456,halsey,0,1,1.2242033088110276,decision_margin,3,v3_lda_standard_core_statistics,lda
CH0464,halsey,0,0,-2.0396335407805495,decision_margin,3,v3_lda_standard_core_statistics,lda
CH0466,beyonce,0,0,-0.37126975903795073,decision_margin,3,v3_lda_standard_core_statistics,lda
CH0468,nicki minaj,0,0,-0.9919859892612561,decision_margin,3,v3_lda_standard_core_statistics,lda
CH0470,lil baby,0,1,0.46802962108949964,decision_margin,3,v3_lda_standard_core_statistics,lda
CH0478,lil wayne,0,0,-0.7258156569308001,decision_margin,3,v3_lda_standard_core_statistics,lda
CH0493,p!nk,0,0,-1.3073619632148474,decision_margin,3,v3_lda_standard_core_statistics,lda
CH0496,post malone,0,0,-0.07089359942482654,decision_margin,3,v3_lda_standard_core_statistics,lda
CH0498,lil baby,0,1,1.7287422220837347,decision_margin,3,v3_lda_standard_core_statistics,lda
CH0505,post malone,0,1,0.029602133457229174,decision_margin,3,v3_lda_standard_core_statistics,lda
CH0516,nicki minaj,0,1,0.3374923990316741,decision_margin,3,v3_lda_standard_core_statistics,lda
CH0543,halsey,0,1,2.3075891166556772,decision_margin,3,v3_lda_standard_core_statistics,lda
CH0552,one direction,0,0,-1.7333933813756288,decision_margin,3,v3_lda_standard_core_statistics,lda
CH0553,one direction,0,1,0.159344147169026,decision_margin,3,v3_lda_standard_core_statistics,lda
CH0555,one direction,0,1,1.5559381712761449,decision_margin,3,v3_lda_standard_core_statistics,lda
CH0557,one direction,0,0,-0.037760038674533924,decision_margin,3,v3_lda_standard_core_statistics,lda
CH0559,one direction,0,1,0.2448141756804481,decision_margin,3,v3_lda_standard_core_statistics,lda
CH0561,nicki minaj,0,0,-1.101563187369566,decision_margin,3,v3_lda_standard_core_statistics,lda
CH0576,one direction,0,0,-0.6342553687859481,decision_margin,3,v3_lda_standard_core_statistics,lda
CH0581,one direction,0,1,0.5464469753723754,decision_margin,3,v3_lda_standard_core_statistics,lda
CH0582,nicki minaj,0,0,-1.6890466561755615,decision_margin,3,v3_lda_standard_core_statistics,lda
CH0590,beyonce,0,0,-0.8835963330698624,decision_margin,3,v3_lda_standard_core_statistics,lda
CH0600,one direction,0,0,-0.0579962563719133,decision_margin,3,v3_lda_standard_core_statistics,lda
CH0601,one direction,0,0,-1.2095179768815325,decision_margin,3,v3_lda_standard_core_statistics,lda
CH0604,one direction,0,0,-2.337417702971588,decision_margin,3,v3_lda_standard_core_statistics,lda
CH0612,one direction,0,1,0.10993440887656958,decision_margin,3,v3_lda_standard_core_statistics,lda
CH0618,nicki minaj,0,1,1.326955152811371,decision_margin,3,v3_lda_standard_core_statistics,lda
CH0619,one direction,0,1,0.45552367732644927,decision_margin,3,v3_lda_standard_core_statistics,lda
CH0622,adele,0,1,0.2683371940890511,decision_margin,3,v3_lda_standard_core_statistics,lda
CH0623,one direction,0,1,0.5803132964447808,decision_margin,3,v3_lda_standard_core_statistics,lda
CH0627,beyonce,0,0,-0.34117314237880936,decision_margin,3,v3_lda_standard_core_statistics,lda
CH0628,one direction,0,1,0.0034174856739190573,decision_margin,3,v3_lda_standard_core_statistics,lda
CH0637,lil wayne,0,0,-1.2110245956527264,decision_margin,3,v3_lda_standard_core_statistics,lda
CH0638,beyonce,0,1,0.13033873979079913,decision_margin,3,v3_lda_standard_core_statistics,lda
CH0639,nicki minaj,0,1,3.037898674892629,decision_margin,3,v3_lda_standard_core_statistics,lda
CH0653,nicki minaj,0,1,0.5484411315771616,decision_margin,3,v3_lda_standard_core_statistics,lda
CH0655,nicki minaj,0,1,0.43280974313444265,decision_margin,3,v3_lda_standard_core_statistics,lda
CH0663,p!nk,0,0,-0.30845368796828376,decision_margin,3,v3_lda_standard_core_statistics,lda
CH0681,lil wayne,0,1,0.7506734506278017,decision_margin,3,v3_lda_standard_core_statistics,lda
CH0682,p!nk,0,0,-0.1382258787488706,decision_margin,3,v3_lda_standard_core_statistics,lda
CH0687,beyonce,0,0,-0.03727446666825607,decision_margin,3,v3_lda_standard_core_statistics,lda
CH0693,lil wayne,0,0,-0.17900353793547397,decision_margin,3,v3_lda_standard_core_statistics,lda
CH0733,beyonce,0,1,0.6867869125536423,decision_margin,3,v3_lda_standard_core_statistics,lda
CH0743,beyonce,0,1,1.3118684431537773,decision_margin,3,v3_lda_standard_core_statistics,lda
CH0744,beyonce,0,1,2.1869512846436026,decision_margin,3,v3_lda_standard_core_statistics,lda
CH0005,bts,1,1,0.25956527593988865,decision_margin,3,v4_lr_std74_quantile_0.01,logistic
CH0014,bts,1,0,-0.0016970764381758763,decision_margin,3,v4_lr_std74_quantile_0.01,logistic
CH0024,post malone,1,0,-0.4689517989934222,decision_margin,3,v4_lr_std74_quantile_0.01,logistic
CH0034,lil baby,1,0,-0.4467061870512904,decision_margin,3,v4_lr_std74_quantile_0.01,logistic
CH0039,lil baby,1,0,-0.041705197043242874,decision_margin,3,v4_lr_std74_quantile_0.01,logistic
CH0040,lil baby,1,0,-0.06485818782785636,decision_margin,3,v4_lr_std74_quantile_0.01,logistic
CH0042,lil baby,1,0,-1.2256850756744493,decision_margin,3,v4_lr_std74_quantile_0.01,logistic
CH0043,halsey,1,1,0.20763777832952054,decision_margin,3,v4_lr_std74_quantile_0.01,logistic
CH0049,halsey,1,1,0.2920381512847843,decision_margin,3,v4_lr_std74_quantile_0.01,logistic
CH0050,post malone,1,0,-0.09293656072245479,decision_margin,3,v4_lr_std74_quantile_0.01,logistic
CH0057,post malone,1,0,-0.28401945133795703,decision_margin,3,v4_lr_std74_quantile_0.01,logistic
CH0068,lil baby,1,1,0.10415887330105938,decision_margin,3,v4_lr_std74_quantile_0.01,logistic
CH0069,p!nk,1,1,0.43736984604154905,decision_margin,3,v4_lr_std74_quantile_0.01,logistic
CH0080,halsey,1,0,-1.0419197684300936,decision_margin,3,v4_lr_std74_quantile_0.01,logistic
CH0082,post malone,1,0,-0.4385150558157471,decision_margin,3,v4_lr_std74_quantile_0.01,logistic
CH0109,halsey,1,0,-1.0127529539024471,decision_margin,3,v4_lr_std74_quantile_0.01,logistic
CH0114,p!nk,1,1,0.3743254476018164,decision_margin,3,v4_lr_std74_quantile_0.01,logistic
CH0116,adele,1,1,0.30256320390925817,decision_margin,3,v4_lr_std74_quantile_0.01,logistic
CH0122,adele,1,0,-0.05916834902917453,decision_margin,3,v4_lr_std74_quantile_0.01,logistic
CH0127,adele,1,0,-0.07528654593463496,decision_margin,3,v4_lr_std74_quantile_0.01,logistic
CH0130,p!nk,1,0,-0.40643640237519574,decision_margin,3,v4_lr_std74_quantile_0.01,logistic
CH0137,post malone,1,1,0.03217301721692711,decision_margin,3,v4_lr_std74_quantile_0.01,logistic
CH0142,adele,1,1,0.33578107694204395,decision_margin,3,v4_lr_std74_quantile_0.01,logistic
CH0160,beyonce,1,0,-0.605779537307171,decision_margin,3,v4_lr_std74_quantile_0.01,logistic
CH0161,one direction,1,0,-0.01642893185760884,decision_margin,3,v4_lr_std74_quantile_0.01,logistic
CH0165,one direction,1,1,0.17945346056632583,decision_margin,3,v4_lr_std74_quantile_0.01,logistic
CH0169,one direction,1,1,0.8537207726176115,decision_margin,3,v4_lr_std74_quantile_0.01,logistic
CH0171,nicki minaj,1,1,0.24475343750695544,decision_margin,3,v4_lr_std74_quantile_0.01,logistic
CH0178,beyonce,1,0,-0.43980771097427585,decision_margin,3,v4_lr_std74_quantile_0.01,logistic
CH0192,p!nk,1,0,-0.07248056737103367,decision_margin,3,v4_lr_std74_quantile_0.01,logistic
CH0197,one direction,1,1,0.4732924148701009,decision_margin,3,v4_lr_std74_quantile_0.01,logistic
CH0201,nicki minaj,1,0,-0.06653375398532871,decision_margin,3,v4_lr_std74_quantile_0.01,logistic
CH0202,one direction,1,0,-0.3209000653409344,decision_margin,3,v4_lr_std74_quantile_0.01,logistic
CH0203,adele,1,0,-0.06918231236557205,decision_margin,3,v4_lr_std74_quantile_0.01,logistic
CH0211,p!nk,1,0,-0.4513614939878775,decision_margin,3,v4_lr_std74_quantile_0.01,logistic
CH0213,adele,1,0,-0.6862955361434686,decision_margin,3,v4_lr_std74_quantile_0.01,logistic
CH0215,adele,1,1,0.1573465372001091,decision_margin,3,v4_lr_std74_quantile_0.01,logistic
CH0218,adele,1,0,-0.05225784260509836,decision_margin,3,v4_lr_std74_quantile_0.01,logistic
CH0220,nicki minaj,1,0,-0.2886117120719509,decision_margin,3,v4_lr_std74_quantile_0.01,logistic
CH0225,nicki minaj,1,0,-0.16949289008080612,decision_margin,3,v4_lr_std74_quantile_0.01,logistic
CH0229,p!nk,1,1,0.26074895811087595,decision_margin,3,v4_lr_std74_quantile_0.01,logistic
CH0231,p!nk,1,0,-0.2423750187085882,decision_margin,3,v4_lr_std74_quantile_0.01,logistic
CH0232,lil wayne,1,1,0.2930921057824488,decision_margin,3,v4_lr_std74_quantile_0.01,logistic
CH0250,beyonce,1,1,0.696897663582748,decision_margin,3,v4_lr_std74_quantile_0.01,logistic
CH0265,nicki minaj,1,1,0.02363386957458837,decision_margin,3,v4_lr_std74_quantile_0.01,logistic
CH0271,beyonce,1,1,0.6654134752391021,decision_margin,3,v4_lr_std74_quantile_0.01,logistic
CH0277,beyonce,1,1,0.41480998033653815,decision_margin,3,v4_lr_std74_quantile_0.01,logistic
CH0281,beyonce,1,0,-0.2574630032842167,decision_margin,3,v4_lr_std74_quantile_0.01,logistic
CH0286,p!nk,1,1,0.5950900709617113,decision_margin,3,v4_lr_std74_quantile_0.01,logistic
CH0290,p!nk,1,1,0.06275579800042116,decision_margin,3,v4_lr_std74_quantile_0.01,logistic
CH0291,beyonce,1,1,0.18568613125116779,decision_margin,3,v4_lr_std74_quantile_0.01,logistic
CH0293,p!nk,1,1,0.49394824740573917,decision_margin,3,v4_lr_std74_quantile_0.01,logistic
CH0302,beyonce,1,1,0.31627692762944204,decision_margin,3,v4_lr_std74_quantile_0.01,logistic
CH0316,lil wayne,1,0,-0.07971634964716402,decision_margin,3,v4_lr_std74_quantile_0.01,logistic
CH0325,beyonce,1,1,0.7707940526619301,decision_margin,3,v4_lr_std74_quantile_0.01,logistic
CH0336,p!nk,1,0,-0.5710111031620384,decision_margin,3,v4_lr_std74_quantile_0.01,logistic
CH0343,p!nk,1,0,-0.140800091063268,decision_margin,3,v4_lr_std74_quantile_0.01,logistic
CH0357,t.i.,1,0,-0.6415435251345305,decision_margin,3,v4_lr_std74_quantile_0.01,logistic
CH0366,p!nk,1,0,-0.2919347157576764,decision_margin,3,v4_lr_std74_quantile_0.01,logistic
CH0367,adele,0,1,0.16732987301350422,decision_margin,3,v4_lr_std74_quantile_0.01,logistic
CH0369,adele,0,1,0.7749985892809512,decision_margin,3,v4_lr_std74_quantile_0.01,logistic
CH0371,adele,0,0,-0.18930067570861617,decision_margin,3,v4_lr_std74_quantile_0.01,logistic
CH0372,adele,0,0,-0.6290002372339981,decision_margin,3,v4_lr_std74_quantile_0.01,logistic
CH0373,adele,0,0,-0.22094636381055424,decision_margin,3,v4_lr_std74_quantile_0.01,logistic
CH0374,adele,0,1,0.06865810134925496,decision_margin,3,v4_lr_std74_quantile_0.01,logistic
CH0376,adele,0,0,-0.49929902107764346,decision_margin,3,v4_lr_std74_quantile_0.01,logistic
CH0378,adele,0,1,0.4936679927074896,decision_margin,3,v4_lr_std74_quantile_0.01,logistic
CH0380,adele,0,0,-1.2069973806016594,decision_margin,3,v4_lr_std74_quantile_0.01,logistic
CH0381,adele,0,0,-0.7118161745480754,decision_margin,3,v4_lr_std74_quantile_0.01,logistic
CH0382,adele,0,1,0.16314622923080366,decision_margin,3,v4_lr_std74_quantile_0.01,logistic
CH0391,bts,0,0,-0.7058248240846872,decision_margin,3,v4_lr_std74_quantile_0.01,logistic
CH0392,post malone,0,0,-0.6480572352228935,decision_margin,3,v4_lr_std74_quantile_0.01,logistic
CH0416,bts,0,0,-0.1471141489624007,decision_margin,3,v4_lr_std74_quantile_0.01,logistic
CH0417,bts,0,0,-0.13373535419755853,decision_margin,3,v4_lr_std74_quantile_0.01,logistic
CH0418,bts,0,0,-0.017403216655501125,decision_margin,3,v4_lr_std74_quantile_0.01,logistic
CH0422,bts,0,0,-0.2552560942186788,decision_margin,3,v4_lr_std74_quantile_0.01,logistic
CH0423,bts,0,1,0.7327269527327716,decision_margin,3,v4_lr_std74_quantile_0.01,logistic
CH0424,bts,0,0,-0.34160043461226397,decision_margin,3,v4_lr_std74_quantile_0.01,logistic
CH0456,halsey,0,1,0.018167366692835543,decision_margin,3,v4_lr_std74_quantile_0.01,logistic
CH0464,halsey,0,0,-1.0189588629271655,decision_margin,3,v4_lr_std74_quantile_0.01,logistic
CH0466,beyonce,0,1,0.23743221843228673,decision_margin,3,v4_lr_std74_quantile_0.01,logistic
CH0468,nicki minaj,0,0,-0.22523636143747972,decision_margin,3,v4_lr_std74_quantile_0.01,logistic
CH0470,lil baby,0,0,-0.22637026062081242,decision_margin,3,v4_lr_std74_quantile_0.01,logistic
CH0478,lil wayne,0,1,0.22265330212149173,decision_margin,3,v4_lr_std74_quantile_0.01,logistic
CH0493,p!nk,0,0,-1.0438316462052568,decision_margin,3,v4_lr_std74_quantile_0.01,logistic
CH0496,post malone,0,0,-0.23400801604424015,decision_margin,3,v4_lr_std74_quantile_0.01,logistic
CH0498,lil baby,0,0,-0.15350288698561368,decision_margin,3,v4_lr_std74_quantile_0.01,logistic
CH0505,post malone,0,0,-0.04849753466156079,decision_margin,3,v4_lr_std74_quantile_0.01,logistic
CH0516,nicki minaj,0,1,0.1263483159412141,decision_margin,3,v4_lr_std74_quantile_0.01,logistic
CH0543,halsey,0,1,0.7782805757010622,decision_margin,3,v4_lr_std74_quantile_0.01,logistic
CH0552,one direction,0,0,-1.3524182134857647,decision_margin,3,v4_lr_std74_quantile_0.01,logistic
CH0553,one direction,0,1,0.09053188197386486,decision_margin,3,v4_lr_std74_quantile_0.01,logistic
CH0555,one direction,0,1,0.16444207820380727,decision_margin,3,v4_lr_std74_quantile_0.01,logistic
CH0557,one direction,0,0,-0.11719906630192267,decision_margin,3,v4_lr_std74_quantile_0.01,logistic
CH0559,one direction,0,0,-0.2924047818902925,decision_margin,3,v4_lr_std74_quantile_0.01,logistic
CH0561,nicki minaj,0,0,-0.33647552877755793,decision_margin,3,v4_lr_std74_quantile_0.01,logistic
CH0576,one direction,0,0,-0.37353911576145993,decision_margin,3,v4_lr_std74_quantile_0.01,logistic
CH0581,one direction,0,0,-0.0804310078771904,decision_margin,3,v4_lr_std74_quantile_0.01,logistic
CH0582,nicki minaj,0,0,-0.13442958312046005,decision_margin,3,v4_lr_std74_quantile_0.01,logistic
CH0590,beyonce,0,0,-0.0858081087542979,decision_margin,3,v4_lr_std74_quantile_0.01,logistic
CH0600,one direction,0,0,-0.3621542932832045,decision_margin,3,v4_lr_std74_quantile_0.01,logistic
CH0601,one direction,0,0,-0.2019050699215311,decision_margin,3,v4_lr_std74_quantile_0.01,logistic
CH0604,one direction,0,0,-0.7000535391728199,decision_margin,3,v4_lr_std74_quantile_0.01,logistic
CH0612,one direction,0,0,-0.1284562139079606,decision_margin,3,v4_lr_std74_quantile_0.01,logistic
CH0618,nicki minaj,0,1,0.7585718452030021,decision_margin,3,v4_lr_std74_quantile_0.01,logistic
CH0619,one direction,0,0,-0.5666265670138217,decision_margin,3,v4_lr_std74_quantile_0.01,logistic
CH0622,adele,0,0,-0.22699057098120684,decision_margin,3,v4_lr_std74_quantile_0.01,logistic
CH0623,one direction,0,1,0.3640081251764866,decision_margin,3,v4_lr_std74_quantile_0.01,logistic
CH0627,beyonce,0,1,0.08965696076197134,decision_margin,3,v4_lr_std74_quantile_0.01,logistic
CH0628,one direction,0,0,-0.36149035321267375,decision_margin,3,v4_lr_std74_quantile_0.01,logistic
CH0637,lil wayne,0,0,-0.14272012407633877,decision_margin,3,v4_lr_std74_quantile_0.01,logistic
CH0638,beyonce,0,1,0.348026192247448,decision_margin,3,v4_lr_std74_quantile_0.01,logistic
CH0639,nicki minaj,0,1,0.3777485391214954,decision_margin,3,v4_lr_std74_quantile_0.01,logistic
CH0653,nicki minaj,0,1,0.9546023782973325,decision_margin,3,v4_lr_std74_quantile_0.01,logistic
CH0655,nicki minaj,0,1,0.204313270171671,decision_margin,3,v4_lr_std74_quantile_0.01,logistic
CH0663,p!nk,0,1,0.25353314516314474,decision_margin,3,v4_lr_std74_quantile_0.01,logistic
CH0681,lil wayne,0,1,0.27356651674324917,decision_margin,3,v4_lr_std74_quantile_0.01,logistic
CH0682,p!nk,0,0,-0.08858679968558988,decision_margin,3,v4_lr_std74_quantile_0.01,logistic
CH0687,beyonce,0,1,0.40651593488854054,decision_margin,3,v4_lr_std74_quantile_0.01,logistic
CH0693,lil wayne,0,0,-0.20099903225987067,decision_margin,3,v4_lr_std74_quantile_0.01,logistic
CH0733,beyonce,0,1,0.5312912680711805,decision_margin,3,v4_lr_std74_quantile_0.01,logistic
CH0743,beyonce,0,1,0.14279051007593854,decision_margin,3,v4_lr_std74_quantile_0.01,logistic
CH0744,beyonce,0,1,0.10548409101309024,decision_margin,3,v4_lr_std74_quantile_0.01,logistic
CH0001,the weeknd,1,0,-0.038344748262239235,decision_margin,4,boost_anova,gradient_boosting
CH0019,drake,1,0,-0.0350301793315511,decision_margin,4,boost_anova,gradient_boosting
CH0022,the weeknd,1,1,0.16913195003011852,decision_margin,4,boost_anova,gradient_boosting
CH0030,the weeknd,1,0,-0.2903756419948847,decision_margin,4,boost_anova,gradient_boosting
CH0032,drake,1,1,0.2428307795325566,decision_margin,4,boost_anova,gradient_boosting
CH0071,drake,1,0,-0.47245020203982724,decision_margin,4,boost_anova,gradient_boosting
CH0073,drake,1,0,-0.2608319333614353,decision_margin,4,boost_anova,gradient_boosting
CH0074,drake,1,1,0.007674598761348009,decision_margin,4,boost_anova,gradient_boosting
CH0075,xxxtentacion,1,0,-0.11283431009919075,decision_margin,4,boost_anova,gradient_boosting
CH0078,imagine dragons,1,0,-0.22676113221712482,decision_margin,4,boost_anova,gradient_boosting
CH0081,imagine dragons,1,1,0.08444058984660842,decision_margin,4,boost_anova,gradient_boosting
CH0085,drake,1,0,-0.3311135765066865,decision_margin,4,boost_anova,gradient_boosting
CH0090,imagine dragons,1,1,0.3200237973854006,decision_margin,4,boost_anova,gradient_boosting
CH0092,the weeknd,1,0,-0.5715556114901114,decision_margin,4,boost_anova,gradient_boosting
CH0093,drake,1,0,-0.04324024998196119,decision_margin,4,boost_anova,gradient_boosting
CH0094,xxxtentacion,1,0,-0.3669422332005342,decision_margin,4,boost_anova,gradient_boosting
CH0095,xxxtentacion,1,0,-0.24161138699777188,decision_margin,4,boost_anova,gradient_boosting
CH0097,imagine dragons,1,1,0.33473195802412886,decision_margin,4,boost_anova,gradient_boosting
CH0100,future,1,1,0.09895848236582754,decision_margin,4,boost_anova,gradient_boosting
CH0103,rihanna,1,0,-0.4278825991806829,decision_margin,4,boost_anova,gradient_boosting
CH0104,drake,1,1,0.12527352514432366,decision_margin,4,boost_anova,gradient_boosting
CH0111,drake,1,0,-0.13433472519155895,decision_margin,4,boost_anova,gradient_boosting
CH0123,rihanna,1,1,0.021005492422453892,decision_margin,4,boost_anova,gradient_boosting
CH0126,drake,1,0,-0.27943728721248795,decision_margin,4,boost_anova,gradient_boosting
CH0129,the weeknd,1,0,-0.2974418423403492,decision_margin,4,boost_anova,gradient_boosting
CH0132,drake,1,1,0.0003811775658690532,decision_margin,4,boost_anova,gradient_boosting
CH0135,the weeknd,1,0,-0.19994037426848077,decision_margin,4,boost_anova,gradient_boosting
CH0138,the weeknd,1,1,0.0007776272002492315,decision_margin,4,boost_anova,gradient_boosting
CH0145,future,1,0,-0.16637872644843743,decision_margin,4,boost_anova,gradient_boosting
CH0150,the weeknd,1,0,-0.10758599142917345,decision_margin,4,boost_anova,gradient_boosting
CH0158,rihanna,1,1,0.04861608680091245,decision_margin,4,boost_anova,gradient_boosting
CH0166,drake,1,0,-0.07632890117700987,decision_margin,4,boost_anova,gradient_boosting
CH0167,pharrell williams,1,1,0.24860018431715863,decision_margin,4,boost_anova,gradient_boosting
CH0168,imagine dragons,1,0,-0.27132834077225765,decision_margin,4,boost_anova,gradient_boosting
CH0173,justin timberlake,1,0,-0.4949936427354246,decision_margin,4,boost_anova,gradient_boosting
CH0176,imagine dragons,1,0,-0.3010883178875675,decision_margin,4,boost_anova,gradient_boosting
CH0179,drake,1,0,-0.3660768705974443,decision_margin,4,boost_anova,gradient_boosting
CH0180,justin timberlake,1,0,-0.007051162848628112,decision_margin,4,boost_anova,gradient_boosting
CH0185,rihanna,1,0,-0.32413934443597303,decision_margin,4,boost_anova,gradient_boosting
CH0186,drake,1,0,-0.20756630166618634,decision_margin,4,boost_anova,gradient_boosting
CH0190,imagine dragons,1,0,-0.310214911170691,decision_margin,4,boost_anova,gradient_boosting
CH0195,rihanna,1,0,-0.4359606022714851,decision_margin,4,boost_anova,gradient_boosting
CH0206,rihanna,1,1,0.22498364755291098,decision_margin,4,boost_anova,gradient_boosting
CH0222,rihanna,1,0,-0.35608036923677305,decision_margin,4,boost_anova,gradient_boosting
CH0226,rihanna,1,1,0.00022290197065104485,decision_margin,4,boost_anova,gradient_boosting
CH0238,rihanna,1,1,0.11944570558626673,decision_margin,4,boost_anova,gradient_boosting
CH0248,rihanna,1,0,-0.6234926084445653,decision_margin,4,boost_anova,gradient_boosting
CH0249,drake,1,0,-0.3653820792438499,decision_margin,4,boost_anova,gradient_boosting
CH0254,rihanna,1,0,-0.20314742081228684,decision_margin,4,boost_anova,gradient_boosting
CH0257,drake,1,0,-0.07384431301101853,decision_margin,4,boost_anova,gradient_boosting
CH0262,drake,1,1,0.040053013856625234,decision_margin,4,boost_anova,gradient_boosting
CH0280,drake,1,1,0.39409911624880223,decision_margin,4,boost_anova,gradient_boosting
CH0295,akon,1,0,-0.08824915678286474,decision_margin,4,boost_anova,gradient_boosting
CH0301,rihanna,1,1,0.17387224371130133,decision_margin,4,boost_anova,gradient_boosting
CH0309,rihanna,1,0,-0.44401786719018654,decision_margin,4,boost_anova,gradient_boosting
CH0311,rihanna,1,1,0.6195235441927406,decision_margin,4,boost_anova,gradient_boosting
CH0327,akon,1,1,0.8412980009023475,decision_margin,4,boost_anova,gradient_boosting
CH0332,justin timberlake,1,0,-0.30327509455143453,decision_margin,4,boost_anova,gradient_boosting
CH0338,justin timberlake,1,0,-0.4327387545796084,decision_margin,4,boost_anova,gradient_boosting
CH0341,justin timberlake,1,1,0.7423223548248206,decision_margin,4,boost_anova,gradient_boosting
CH0345,rihanna,1,0,-0.49400724035056054,decision_margin,4,boost_anova,gradient_boosting
CH0347,justin timberlake,1,1,0.34410613113668514,decision_margin,4,boost_anova,gradient_boosting
CH0352,rihanna,1,1,0.5504275298497349,decision_margin,4,boost_anova,gradient_boosting
CH0355,rihanna,1,1,0.16851519297958417,decision_margin,4,boost_anova,gradient_boosting
CH0441,the weeknd,0,0,-0.14156888320591154,decision_margin,4,boost_anova,gradient_boosting
CH0442,the weeknd,0,0,-0.6682044382671036,decision_margin,4,boost_anova,gradient_boosting
CH0443,the weeknd,0,1,0.21444505840949404,decision_margin,4,boost_anova,gradient_boosting
CH0444,the weeknd,0,0,-0.007629008551314641,decision_margin,4,boost_anova,gradient_boosting
CH0445,the weeknd,0,0,-0.487927528119309,decision_margin,4,boost_anova,gradient_boosting
CH0447,the weeknd,0,0,-0.47693070029679224,decision_margin,4,boost_anova,gradient_boosting
CH0448,the weeknd,0,0,-0.30325706072862263,decision_margin,4,boost_anova,gradient_boosting
CH0449,the weeknd,0,0,-0.06132388306825229,decision_margin,4,boost_anova,gradient_boosting
CH0450,the weeknd,0,0,-0.2969028323815591,decision_margin,4,boost_anova,gradient_boosting
CH0451,the weeknd,0,0,-0.25541183870714523,decision_margin,4,boost_anova,gradient_boosting
CH0469,imagine dragons,0,0,-0.4778628096042699,decision_margin,4,boost_anova,gradient_boosting
CH0479,xxxtentacion,0,1,0.3233510157950679,decision_margin,4,boost_anova,gradient_boosting
CH0484,drake,0,1,0.22616017121149376,decision_margin,4,boost_anova,gradient_boosting
CH0490,drake,0,0,-0.22379261796940464,decision_margin,4,boost_anova,gradient_boosting
CH0491,drake,0,0,-0.23940202413796727,decision_margin,4,boost_anova,gradient_boosting
CH0495,xxxtentacion,0,0,-0.14299904475682504,decision_margin,4,boost_anova,gradient_boosting
CH0502,xxxtentacion,0,0,-0.08563180262920782,decision_margin,4,boost_anova,gradient_boosting
CH0512,drake,0,0,-0.21278132468411717,decision_margin,4,boost_anova,gradient_boosting
CH0513,the weeknd,0,0,-0.2078198961962193,decision_margin,4,boost_anova,gradient_boosting
CH0518,future,0,1,0.174776956627437,decision_margin,4,boost_anova,gradient_boosting
CH0519,the weeknd,0,1,0.12810841037146786,decision_margin,4,boost_anova,gradient_boosting
CH0522,the weeknd,0,1,0.22805668700003234,decision_margin,4,boost_anova,gradient_boosting
CH0524,rihanna,0,0,-0.48194420445641345,decision_margin,4,boost_anova,gradient_boosting
CH0530,drake,0,0,-0.23658488961957042,decision_margin,4,boost_anova,gradient_boosting
CH0531,drake,0,1,0.37111190438534564,decision_margin,4,boost_anova,gradient_boosting
CH0535,the weeknd,0,0,-0.05648356773727716,decision_margin,4,boost_anova,gradient_boosting
CH0544,drake,0,0,-0.3053454850599429,decision_margin,4,boost_anova,gradient_boosting
CH0562,future,0,1,0.0012128457269943817,decision_margin,4,boost_anova,gradient_boosting
CH0566,drake,0,0,-0.40516878048341143,decision_margin,4,boost_anova,gradient_boosting
CH0567,imagine dragons,0,1,0.464805593543671,decision_margin,4,boost_anova,gradient_boosting
CH0568,drake,0,0,-0.37981983726602336,decision_margin,4,boost_anova,gradient_boosting
CH0570,drake,0,0,-0.3148135163182892,decision_margin,4,boost_anova,gradient_boosting
CH0572,drake,0,1,0.012820699298861588,decision_margin,4,boost_anova,gradient_boosting
CH0577,the weeknd,0,0,-0.2967119164315063,decision_margin,4,boost_anova,gradient_boosting
CH0583,pharrell williams,0,0,-0.302861429713746,decision_margin,4,boost_anova,gradient_boosting
CH0588,imagine dragons,0,0,-0.20773076294281645,decision_margin,4,boost_anova,gradient_boosting
CH0591,drake,0,0,-0.20929898555704665,decision_margin,4,boost_anova,gradient_boosting
CH0592,justin timberlake,0,1,0.009813135913725764,decision_margin,4,boost_anova,gradient_boosting
CH0595,future,0,0,-0.5028101199466397,decision_margin,4,boost_anova,gradient_boosting
CH0597,drake,0,0,-0.189992535775959,decision_margin,4,boost_anova,gradient_boosting
CH0602,rihanna,0,0,-0.3722156372462767,decision_margin,4,boost_anova,gradient_boosting
CH0607,justin timberlake,0,1,0.15495694485232903,decision_margin,4,boost_anova,gradient_boosting
CH0613,justin timberlake,0,0,-0.2669945297166402,decision_margin,4,boost_anova,gradient_boosting
CH0614,future,0,0,-0.11453515382932165,decision_margin,4,boost_anova,gradient_boosting
CH0620,the weeknd,0,0,-0.276445333887577,decision_margin,4,boost_anova,gradient_boosting
CH0625,future,0,1,0.04364583636211709,decision_margin,4,boost_anova,gradient_boosting
CH0642,drake,0,1,0.10061640458416267,decision_margin,4,boost_anova,gradient_boosting
CH0644,drake,0,0,-0.15941625917330338,decision_margin,4,boost_anova,gradient_boosting
CH0645,rihanna,0,0,-0.18687545529145505,decision_margin,4,boost_anova,gradient_boosting
CH0647,rihanna,0,1,0.5815778304548115,decision_margin,4,boost_anova,gradient_boosting
CH0649,drake,0,0,-0.2370449034469959,decision_margin,4,boost_anova,gradient_boosting
CH0659,akon,0,1,0.4740796471331076,decision_margin,4,boost_anova,gradient_boosting
CH0674,rihanna,0,0,-0.08295170747006265,decision_margin,4,boost_anova,gradient_boosting
CH0698,rihanna,0,0,-0.4129439970392048,decision_margin,4,boost_anova,gradient_boosting
CH0729,akon,0,1,0.2649387590260929,decision_margin,4,boost_anova,gradient_boosting
CH0749,rihanna,0,0,-0.1571956295881452,decision_margin,4,boost_anova,gradient_boosting
CH0001,the weeknd,1,0,0.47379454926624737,uncalibrated_class_1_probability,4,control_dummy,dummy
CH0019,drake,1,0,0.47379454926624737,uncalibrated_class_1_probability,4,control_dummy,dummy
CH0022,the weeknd,1,0,0.47379454926624737,uncalibrated_class_1_probability,4,control_dummy,dummy
CH0030,the weeknd,1,0,0.47379454926624737,uncalibrated_class_1_probability,4,control_dummy,dummy
CH0032,drake,1,0,0.47379454926624737,uncalibrated_class_1_probability,4,control_dummy,dummy
CH0071,drake,1,0,0.47379454926624737,uncalibrated_class_1_probability,4,control_dummy,dummy
CH0073,drake,1,0,0.47379454926624737,uncalibrated_class_1_probability,4,control_dummy,dummy
CH0074,drake,1,0,0.47379454926624737,uncalibrated_class_1_probability,4,control_dummy,dummy
CH0075,xxxtentacion,1,0,0.47379454926624737,uncalibrated_class_1_probability,4,control_dummy,dummy
CH0078,imagine dragons,1,0,0.47379454926624737,uncalibrated_class_1_probability,4,control_dummy,dummy
CH0081,imagine dragons,1,0,0.47379454926624737,uncalibrated_class_1_probability,4,control_dummy,dummy
CH0085,drake,1,0,0.47379454926624737,uncalibrated_class_1_probability,4,control_dummy,dummy
CH0090,imagine dragons,1,0,0.47379454926624737,uncalibrated_class_1_probability,4,control_dummy,dummy
CH0092,the weeknd,1,0,0.47379454926624737,uncalibrated_class_1_probability,4,control_dummy,dummy
CH0093,drake,1,0,0.47379454926624737,uncalibrated_class_1_probability,4,control_dummy,dummy
CH0094,xxxtentacion,1,0,0.47379454926624737,uncalibrated_class_1_probability,4,control_dummy,dummy
CH0095,xxxtentacion,1,0,0.47379454926624737,uncalibrated_class_1_probability,4,control_dummy,dummy
CH0097,imagine dragons,1,0,0.47379454926624737,uncalibrated_class_1_probability,4,control_dummy,dummy
CH0100,future,1,0,0.47379454926624737,uncalibrated_class_1_probability,4,control_dummy,dummy
CH0103,rihanna,1,0,0.47379454926624737,uncalibrated_class_1_probability,4,control_dummy,dummy
CH0104,drake,1,0,0.47379454926624737,uncalibrated_class_1_probability,4,control_dummy,dummy
CH0111,drake,1,0,0.47379454926624737,uncalibrated_class_1_probability,4,control_dummy,dummy
CH0123,rihanna,1,0,0.47379454926624737,uncalibrated_class_1_probability,4,control_dummy,dummy
CH0126,drake,1,0,0.47379454926624737,uncalibrated_class_1_probability,4,control_dummy,dummy
CH0129,the weeknd,1,0,0.47379454926624737,uncalibrated_class_1_probability,4,control_dummy,dummy
CH0132,drake,1,0,0.47379454926624737,uncalibrated_class_1_probability,4,control_dummy,dummy
CH0135,the weeknd,1,0,0.47379454926624737,uncalibrated_class_1_probability,4,control_dummy,dummy
CH0138,the weeknd,1,0,0.47379454926624737,uncalibrated_class_1_probability,4,control_dummy,dummy
CH0145,future,1,0,0.47379454926624737,uncalibrated_class_1_probability,4,control_dummy,dummy
CH0150,the weeknd,1,0,0.47379454926624737,uncalibrated_class_1_probability,4,control_dummy,dummy
CH0158,rihanna,1,0,0.47379454926624737,uncalibrated_class_1_probability,4,control_dummy,dummy
CH0166,drake,1,0,0.47379454926624737,uncalibrated_class_1_probability,4,control_dummy,dummy
CH0167,pharrell williams,1,0,0.47379454926624737,uncalibrated_class_1_probability,4,control_dummy,dummy
CH0168,imagine dragons,1,0,0.47379454926624737,uncalibrated_class_1_probability,4,control_dummy,dummy
CH0173,justin timberlake,1,0,0.47379454926624737,uncalibrated_class_1_probability,4,control_dummy,dummy
CH0176,imagine dragons,1,0,0.47379454926624737,uncalibrated_class_1_probability,4,control_dummy,dummy
CH0179,drake,1,0,0.47379454926624737,uncalibrated_class_1_probability,4,control_dummy,dummy
CH0180,justin timberlake,1,0,0.47379454926624737,uncalibrated_class_1_probability,4,control_dummy,dummy
CH0185,rihanna,1,0,0.47379454926624737,uncalibrated_class_1_probability,4,control_dummy,dummy
CH0186,drake,1,0,0.47379454926624737,uncalibrated_class_1_probability,4,control_dummy,dummy
CH0190,imagine dragons,1,0,0.47379454926624737,uncalibrated_class_1_probability,4,control_dummy,dummy
CH0195,rihanna,1,0,0.47379454926624737,uncalibrated_class_1_probability,4,control_dummy,dummy
CH0206,rihanna,1,0,0.47379454926624737,uncalibrated_class_1_probability,4,control_dummy,dummy
CH0222,rihanna,1,0,0.47379454926624737,uncalibrated_class_1_probability,4,control_dummy,dummy
CH0226,rihanna,1,0,0.47379454926624737,uncalibrated_class_1_probability,4,control_dummy,dummy
CH0238,rihanna,1,0,0.47379454926624737,uncalibrated_class_1_probability,4,control_dummy,dummy
CH0248,rihanna,1,0,0.47379454926624737,uncalibrated_class_1_probability,4,control_dummy,dummy
CH0249,drake,1,0,0.47379454926624737,uncalibrated_class_1_probability,4,control_dummy,dummy
CH0254,rihanna,1,0,0.47379454926624737,uncalibrated_class_1_probability,4,control_dummy,dummy
CH0257,drake,1,0,0.47379454926624737,uncalibrated_class_1_probability,4,control_dummy,dummy
CH0262,drake,1,0,0.47379454926624737,uncalibrated_class_1_probability,4,control_dummy,dummy
CH0280,drake,1,0,0.47379454926624737,uncalibrated_class_1_probability,4,control_dummy,dummy
CH0295,akon,1,0,0.47379454926624737,uncalibrated_class_1_probability,4,control_dummy,dummy
CH0301,rihanna,1,0,0.47379454926624737,uncalibrated_class_1_probability,4,control_dummy,dummy
CH0309,rihanna,1,0,0.47379454926624737,uncalibrated_class_1_probability,4,control_dummy,dummy
CH0311,rihanna,1,0,0.47379454926624737,uncalibrated_class_1_probability,4,control_dummy,dummy
CH0327,akon,1,0,0.47379454926624737,uncalibrated_class_1_probability,4,control_dummy,dummy
CH0332,justin timberlake,1,0,0.47379454926624737,uncalibrated_class_1_probability,4,control_dummy,dummy
CH0338,justin timberlake,1,0,0.47379454926624737,uncalibrated_class_1_probability,4,control_dummy,dummy
CH0341,justin timberlake,1,0,0.47379454926624737,uncalibrated_class_1_probability,4,control_dummy,dummy
CH0345,rihanna,1,0,0.47379454926624737,uncalibrated_class_1_probability,4,control_dummy,dummy
CH0347,justin timberlake,1,0,0.47379454926624737,uncalibrated_class_1_probability,4,control_dummy,dummy
CH0352,rihanna,1,0,0.47379454926624737,uncalibrated_class_1_probability,4,control_dummy,dummy
CH0355,rihanna,1,0,0.47379454926624737,uncalibrated_class_1_probability,4,control_dummy,dummy
CH0441,the weeknd,0,0,0.47379454926624737,uncalibrated_class_1_probability,4,control_dummy,dummy
CH0442,the weeknd,0,0,0.47379454926624737,uncalibrated_class_1_probability,4,control_dummy,dummy
CH0443,the weeknd,0,0,0.47379454926624737,uncalibrated_class_1_probability,4,control_dummy,dummy
CH0444,the weeknd,0,0,0.47379454926624737,uncalibrated_class_1_probability,4,control_dummy,dummy
CH0445,the weeknd,0,0,0.47379454926624737,uncalibrated_class_1_probability,4,control_dummy,dummy
CH0447,the weeknd,0,0,0.47379454926624737,uncalibrated_class_1_probability,4,control_dummy,dummy
CH0448,the weeknd,0,0,0.47379454926624737,uncalibrated_class_1_probability,4,control_dummy,dummy
CH0449,the weeknd,0,0,0.47379454926624737,uncalibrated_class_1_probability,4,control_dummy,dummy
CH0450,the weeknd,0,0,0.47379454926624737,uncalibrated_class_1_probability,4,control_dummy,dummy
CH0451,the weeknd,0,0,0.47379454926624737,uncalibrated_class_1_probability,4,control_dummy,dummy
CH0469,imagine dragons,0,0,0.47379454926624737,uncalibrated_class_1_probability,4,control_dummy,dummy
CH0479,xxxtentacion,0,0,0.47379454926624737,uncalibrated_class_1_probability,4,control_dummy,dummy
CH0484,drake,0,0,0.47379454926624737,uncalibrated_class_1_probability,4,control_dummy,dummy
CH0490,drake,0,0,0.47379454926624737,uncalibrated_class_1_probability,4,control_dummy,dummy
CH0491,drake,0,0,0.47379454926624737,uncalibrated_class_1_probability,4,control_dummy,dummy
CH0495,xxxtentacion,0,0,0.47379454926624737,uncalibrated_class_1_probability,4,control_dummy,dummy
CH0502,xxxtentacion,0,0,0.47379454926624737,uncalibrated_class_1_probability,4,control_dummy,dummy
CH0512,drake,0,0,0.47379454926624737,uncalibrated_class_1_probability,4,control_dummy,dummy
CH0513,the weeknd,0,0,0.47379454926624737,uncalibrated_class_1_probability,4,control_dummy,dummy
CH0518,future,0,0,0.47379454926624737,uncalibrated_class_1_probability,4,control_dummy,dummy
CH0519,the weeknd,0,0,0.47379454926624737,uncalibrated_class_1_probability,4,control_dummy,dummy
CH0522,the weeknd,0,0,0.47379454926624737,uncalibrated_class_1_probability,4,control_dummy,dummy
CH0524,rihanna,0,0,0.47379454926624737,uncalibrated_class_1_probability,4,control_dummy,dummy
CH0530,drake,0,0,0.47379454926624737,uncalibrated_class_1_probability,4,control_dummy,dummy
CH0531,drake,0,0,0.47379454926624737,uncalibrated_class_1_probability,4,control_dummy,dummy
CH0535,the weeknd,0,0,0.47379454926624737,uncalibrated_class_1_probability,4,control_dummy,dummy
CH0544,drake,0,0,0.47379454926624737,uncalibrated_class_1_probability,4,control_dummy,dummy
CH0562,future,0,0,0.47379454926624737,uncalibrated_class_1_probability,4,control_dummy,dummy
CH0566,drake,0,0,0.47379454926624737,uncalibrated_class_1_probability,4,control_dummy,dummy
CH0567,imagine dragons,0,0,0.47379454926624737,uncalibrated_class_1_probability,4,control_dummy,dummy
CH0568,drake,0,0,0.47379454926624737,uncalibrated_class_1_probability,4,control_dummy,dummy
CH0570,drake,0,0,0.47379454926624737,uncalibrated_class_1_probability,4,control_dummy,dummy
CH0572,drake,0,0,0.47379454926624737,uncalibrated_class_1_probability,4,control_dummy,dummy
CH0577,the weeknd,0,0,0.47379454926624737,uncalibrated_class_1_probability,4,control_dummy,dummy
CH0583,pharrell williams,0,0,0.47379454926624737,uncalibrated_class_1_probability,4,control_dummy,dummy
CH0588,imagine dragons,0,0,0.47379454926624737,uncalibrated_class_1_probability,4,control_dummy,dummy
CH0591,drake,0,0,0.47379454926624737,uncalibrated_class_1_probability,4,control_dummy,dummy
CH0592,justin timberlake,0,0,0.47379454926624737,uncalibrated_class_1_probability,4,control_dummy,dummy
CH0595,future,0,0,0.47379454926624737,uncalibrated_class_1_probability,4,control_dummy,dummy
CH0597,drake,0,0,0.47379454926624737,uncalibrated_class_1_probability,4,control_dummy,dummy
CH0602,rihanna,0,0,0.47379454926624737,uncalibrated_class_1_probability,4,control_dummy,dummy
CH0607,justin timberlake,0,0,0.47379454926624737,uncalibrated_class_1_probability,4,control_dummy,dummy
CH0613,justin timberlake,0,0,0.47379454926624737,uncalibrated_class_1_probability,4,control_dummy,dummy
CH0614,future,0,0,0.47379454926624737,uncalibrated_class_1_probability,4,control_dummy,dummy
CH0620,the weeknd,0,0,0.47379454926624737,uncalibrated_class_1_probability,4,control_dummy,dummy
CH0625,future,0,0,0.47379454926624737,uncalibrated_class_1_probability,4,control_dummy,dummy
CH0642,drake,0,0,0.47379454926624737,uncalibrated_class_1_probability,4,control_dummy,dummy
CH0644,drake,0,0,0.47379454926624737,uncalibrated_class_1_probability,4,control_dummy,dummy
CH0645,rihanna,0,0,0.47379454926624737,uncalibrated_class_1_probability,4,control_dummy,dummy
CH0647,rihanna,0,0,0.47379454926624737,uncalibrated_class_1_probability,4,control_dummy,dummy
CH0649,drake,0,0,0.47379454926624737,uncalibrated_class_1_probability,4,control_dummy,dummy
CH0659,akon,0,0,0.47379454926624737,uncalibrated_class_1_probability,4,control_dummy,dummy
CH0674,rihanna,0,0,0.47379454926624737,uncalibrated_class_1_probability,4,control_dummy,dummy
CH0698,rihanna,0,0,0.47379454926624737,uncalibrated_class_1_probability,4,control_dummy,dummy
CH0729,akon,0,0,0.47379454926624737,uncalibrated_class_1_probability,4,control_dummy,dummy
CH0749,rihanna,0,0,0.47379454926624737,uncalibrated_class_1_probability,4,control_dummy,dummy
CH0001,the weeknd,1,1,1.5576242454553437,decision_margin,4,control_linear_svm,linear_svm
CH0019,drake,1,0,-1.1129805346925568,decision_margin,4,control_linear_svm,linear_svm
CH0022,the weeknd,1,0,-0.2166739935749807,decision_margin,4,control_linear_svm,linear_svm
CH0030,the weeknd,1,1,2.1472681483103715,decision_margin,4,control_linear_svm,linear_svm
CH0032,drake,1,1,1.9443273239051777,decision_margin,4,control_linear_svm,linear_svm
CH0071,drake,1,0,-1.1813493430603579,decision_margin,4,control_linear_svm,linear_svm
CH0073,drake,1,0,-1.0025100492571473,decision_margin,4,control_linear_svm,linear_svm
CH0074,drake,1,1,0.025046664758479026,decision_margin,4,control_linear_svm,linear_svm
CH0075,xxxtentacion,1,0,-0.623854396236693,decision_margin,4,control_linear_svm,linear_svm
CH0078,imagine dragons,1,0,-3.9527846740728445,decision_margin,4,control_linear_svm,linear_svm
CH0081,imagine dragons,1,1,2.370342909297791,decision_margin,4,control_linear_svm,linear_svm
CH0085,drake,1,0,-0.16271694022454916,decision_margin,4,control_linear_svm,linear_svm
CH0090,imagine dragons,1,1,2.679149502011742,decision_margin,4,control_linear_svm,linear_svm
CH0092,the weeknd,1,0,-1.8709037721206077,decision_margin,4,control_linear_svm,linear_svm
CH0093,drake,1,0,-0.7867886991259274,decision_margin,4,control_linear_svm,linear_svm
CH0094,xxxtentacion,1,0,-3.2997213011752633,decision_margin,4,control_linear_svm,linear_svm
CH0095,xxxtentacion,1,0,-2.9687111915320368,decision_margin,4,control_linear_svm,linear_svm
CH0097,imagine dragons,1,1,2.7371601598521584,decision_margin,4,control_linear_svm,linear_svm
CH0100,future,1,1,4.820134187622357,decision_margin,4,control_linear_svm,linear_svm
CH0103,rihanna,1,0,-2.4944816293344307,decision_margin,4,control_linear_svm,linear_svm
CH0104,drake,1,1,4.471027299785471,decision_margin,4,control_linear_svm,linear_svm
CH0111,drake,1,0,-1.1508862790056582,decision_margin,4,control_linear_svm,linear_svm
CH0123,rihanna,1,0,-1.3843111979144824,decision_margin,4,control_linear_svm,linear_svm
CH0126,drake,1,0,-1.2715681614840775,decision_margin,4,control_linear_svm,linear_svm
CH0129,the weeknd,1,1,1.5991981085385492,decision_margin,4,control_linear_svm,linear_svm
CH0132,drake,1,0,-0.681768590609993,decision_margin,4,control_linear_svm,linear_svm
CH0135,the weeknd,1,0,-0.9241733976973441,decision_margin,4,control_linear_svm,linear_svm
CH0138,the weeknd,1,1,1.3313683933284826,decision_margin,4,control_linear_svm,linear_svm
CH0145,future,1,1,1.4933231315626587,decision_margin,4,control_linear_svm,linear_svm
CH0150,the weeknd,1,1,3.5602169766322262,decision_margin,4,control_linear_svm,linear_svm
CH0158,rihanna,1,0,-0.18924310978247808,decision_margin,4,control_linear_svm,linear_svm
CH0166,drake,1,0,-1.4623842885926361,decision_margin,4,control_linear_svm,linear_svm
CH0167,pharrell williams,1,0,-2.2164455779356502,decision_margin,4,control_linear_svm,linear_svm
CH0168,imagine dragons,1,0,-1.2896592830328055,decision_margin,4,control_linear_svm,linear_svm
CH0173,justin timberlake,1,0,-0.31967270133854614,decision_margin,4,control_linear_svm,linear_svm
CH0176,imagine dragons,1,1,0.446294402099907,decision_margin,4,control_linear_svm,linear_svm
CH0179,drake,1,0,-1.6541311559791514,decision_margin,4,control_linear_svm,linear_svm
CH0180,justin timberlake,1,0,-2.351521737385912,decision_margin,4,control_linear_svm,linear_svm
CH0185,rihanna,1,0,-0.633873842298143,decision_margin,4,control_linear_svm,linear_svm
CH0186,drake,1,1,3.37289211504405,decision_margin,4,control_linear_svm,linear_svm
CH0190,imagine dragons,1,1,0.6248559651816842,decision_margin,4,control_linear_svm,linear_svm
CH0195,rihanna,1,0,-0.3428410524563371,decision_margin,4,control_linear_svm,linear_svm
CH0206,rihanna,1,1,3.676391083254135,decision_margin,4,control_linear_svm,linear_svm
CH0222,rihanna,1,0,-0.6021270323300505,decision_margin,4,control_linear_svm,linear_svm
CH0226,rihanna,1,1,1.4113124514711357,decision_margin,4,control_linear_svm,linear_svm
CH0238,rihanna,1,1,0.9313089463809051,decision_margin,4,control_linear_svm,linear_svm
CH0248,rihanna,1,0,-1.694060328935782,decision_margin,4,control_linear_svm,linear_svm
CH0249,drake,1,0,-0.5104374867602156,decision_margin,4,control_linear_svm,linear_svm
CH0254,rihanna,1,0,-2.093844688098295,decision_margin,4,control_linear_svm,linear_svm
CH0257,drake,1,1,3.4093373601717594,decision_margin,4,control_linear_svm,linear_svm
CH0262,drake,1,0,-3.238632536322735,decision_margin,4,control_linear_svm,linear_svm
CH0280,drake,1,0,-1.4764730638240975,decision_margin,4,control_linear_svm,linear_svm
CH0295,akon,1,1,0.18033263924001225,decision_margin,4,control_linear_svm,linear_svm
CH0301,rihanna,1,1,1.3060423519340851,decision_margin,4,control_linear_svm,linear_svm
CH0309,rihanna,1,0,-2.1397983239053864,decision_margin,4,control_linear_svm,linear_svm
CH0311,rihanna,1,1,2.1104437028590746,decision_margin,4,control_linear_svm,linear_svm
CH0327,akon,1,1,1.8109269721482693,decision_margin,4,control_linear_svm,linear_svm
CH0332,justin timberlake,1,0,-1.9728254596860784,decision_margin,4,control_linear_svm,linear_svm
CH0338,justin timberlake,1,0,-1.080627059944161,decision_margin,4,control_linear_svm,linear_svm
CH0341,justin timberlake,1,0,-1.1795984887876667,decision_margin,4,control_linear_svm,linear_svm
CH0345,rihanna,1,0,-5.551339233559181,decision_margin,4,control_linear_svm,linear_svm
CH0347,justin timberlake,1,0,-1.6947252795333139,decision_margin,4,control_linear_svm,linear_svm
CH0352,rihanna,1,1,6.638453889601106,decision_margin,4,control_linear_svm,linear_svm
CH0355,rihanna,1,0,-0.29693493923598957,decision_margin,4,control_linear_svm,linear_svm
CH0441,the weeknd,0,0,-0.41019068427075733,decision_margin,4,control_linear_svm,linear_svm
CH0442,the weeknd,0,0,-4.702321989845667,decision_margin,4,control_linear_svm,linear_svm
CH0443,the weeknd,0,1,1.921431289369084,decision_margin,4,control_linear_svm,linear_svm
CH0444,the weeknd,0,1,0.03420111760948402,decision_margin,4,control_linear_svm,linear_svm
CH0445,the weeknd,0,1,3.143454836795643,decision_margin,4,control_linear_svm,linear_svm
CH0447,the weeknd,0,0,-0.7490107082722485,decision_margin,4,control_linear_svm,linear_svm
CH0448,the weeknd,0,1,0.5082922888568348,decision_margin,4,control_linear_svm,linear_svm
CH0449,the weeknd,0,0,-0.535705956564996,decision_margin,4,control_linear_svm,linear_svm
CH0450,the weeknd,0,1,1.306515962702305,decision_margin,4,control_linear_svm,linear_svm
CH0451,the weeknd,0,1,0.8391857049012853,decision_margin,4,control_linear_svm,linear_svm
CH0469,imagine dragons,0,0,-1.0501976917627862,decision_margin,4,control_linear_svm,linear_svm
CH0479,xxxtentacion,0,1,1.142851100225096,decision_margin,4,control_linear_svm,linear_svm
CH0484,drake,0,0,-0.27177402007963575,decision_margin,4,control_linear_svm,linear_svm
CH0490,drake,0,1,1.1806563694808512,decision_margin,4,control_linear_svm,linear_svm
CH0491,drake,0,0,-2.044815256627672,decision_margin,4,control_linear_svm,linear_svm
CH0495,xxxtentacion,0,0,-0.9285569591641532,decision_margin,4,control_linear_svm,linear_svm
CH0502,xxxtentacion,0,0,-2.87282314276473,decision_margin,4,control_linear_svm,linear_svm
CH0512,drake,0,0,-0.44674215402091283,decision_margin,4,control_linear_svm,linear_svm
CH0513,the weeknd,0,1,0.7507451882681929,decision_margin,4,control_linear_svm,linear_svm
CH0518,future,0,1,0.0938227758792533,decision_margin,4,control_linear_svm,linear_svm
CH0519,the weeknd,0,1,0.9379068070091633,decision_margin,4,control_linear_svm,linear_svm
CH0522,the weeknd,0,1,1.591986028710394,decision_margin,4,control_linear_svm,linear_svm
CH0524,rihanna,0,1,1.3720600420777167,decision_margin,4,control_linear_svm,linear_svm
CH0530,drake,0,0,-0.7551905337814214,decision_margin,4,control_linear_svm,linear_svm
CH0531,drake,0,0,-0.7733786738770132,decision_margin,4,control_linear_svm,linear_svm
CH0535,the weeknd,0,0,-0.8813374075791075,decision_margin,4,control_linear_svm,linear_svm
CH0544,drake,0,0,-0.2893601982893623,decision_margin,4,control_linear_svm,linear_svm
CH0562,future,0,1,1.2955953045206963,decision_margin,4,control_linear_svm,linear_svm
CH0566,drake,0,1,0.5378818561557785,decision_margin,4,control_linear_svm,linear_svm
CH0567,imagine dragons,0,1,0.20781245752429778,decision_margin,4,control_linear_svm,linear_svm
CH0568,drake,0,1,3.464894140319061,decision_margin,4,control_linear_svm,linear_svm
CH0570,drake,0,1,0.6923993365465979,decision_margin,4,control_linear_svm,linear_svm
CH0572,drake,0,1,1.0975776995320832,decision_margin,4,control_linear_svm,linear_svm
CH0577,the weeknd,0,0,-0.6656309750723021,decision_margin,4,control_linear_svm,linear_svm
CH0583,pharrell williams,0,1,1.8337562531725262,decision_margin,4,control_linear_svm,linear_svm
CH0588,imagine dragons,0,0,-0.000406466811890549,decision_margin,4,control_linear_svm,linear_svm
CH0591,drake,0,0,-0.36445683245980537,decision_margin,4,control_linear_svm,linear_svm
CH0592,justin timberlake,0,1,1.9411927247300578,decision_margin,4,control_linear_svm,linear_svm
CH0595,future,0,1,1.8989577774940498,decision_margin,4,control_linear_svm,linear_svm
CH0597,drake,0,0,-5.937297803937363,decision_margin,4,control_linear_svm,linear_svm
CH0602,rihanna,0,0,-2.4392033295313773,decision_margin,4,control_linear_svm,linear_svm
CH0607,justin timberlake,0,0,-2.9481379423671585,decision_margin,4,control_linear_svm,linear_svm
CH0613,justin timberlake,0,0,-1.282373871072736,decision_margin,4,control_linear_svm,linear_svm
CH0614,future,0,1,6.030080927438746,decision_margin,4,control_linear_svm,linear_svm
CH0620,the weeknd,0,1,1.5370573454320482,decision_margin,4,control_linear_svm,linear_svm
CH0625,future,0,1,1.023900770083488,decision_margin,4,control_linear_svm,linear_svm
CH0642,drake,0,0,-2.249471433942915,decision_margin,4,control_linear_svm,linear_svm
CH0644,drake,0,0,-2.5422392816483987,decision_margin,4,control_linear_svm,linear_svm
CH0645,rihanna,0,0,-0.07739285212327184,decision_margin,4,control_linear_svm,linear_svm
CH0647,rihanna,0,1,2.2425892640216363,decision_margin,4,control_linear_svm,linear_svm
CH0649,drake,0,0,-2.4191821848411954,decision_margin,4,control_linear_svm,linear_svm
CH0659,akon,0,1,3.103802072012245,decision_margin,4,control_linear_svm,linear_svm
CH0674,rihanna,0,0,-2.697286040040176,decision_margin,4,control_linear_svm,linear_svm
CH0698,rihanna,0,0,-3.086380259715454,decision_margin,4,control_linear_svm,linear_svm
CH0729,akon,0,0,-1.6744538464625176,decision_margin,4,control_linear_svm,linear_svm
CH0749,rihanna,0,0,-1.9197254814928644,decision_margin,4,control_linear_svm,linear_svm
CH0001,the weeknd,1,1,0.9920795179388152,uncalibrated_class_1_probability,4,control_mlp,mlp
CH0019,drake,1,0,0.019348598069321588,uncalibrated_class_1_probability,4,control_mlp,mlp
CH0022,the weeknd,1,1,0.6020780759213865,uncalibrated_class_1_probability,4,control_mlp,mlp
CH0030,the weeknd,1,1,0.9925904721413794,uncalibrated_class_1_probability,4,control_mlp,mlp
CH0032,drake,1,1,0.9897772149917823,uncalibrated_class_1_probability,4,control_mlp,mlp
CH0071,drake,1,1,0.9522588616997755,uncalibrated_class_1_probability,4,control_mlp,mlp
CH0073,drake,1,0,0.006458797144612551,uncalibrated_class_1_probability,4,control_mlp,mlp
CH0074,drake,1,0,0.44230210572476447,uncalibrated_class_1_probability,4,control_mlp,mlp
CH0075,xxxtentacion,1,0,0.4023927324582278,uncalibrated_class_1_probability,4,control_mlp,mlp
CH0078,imagine dragons,1,0,0.04461540804518487,uncalibrated_class_1_probability,4,control_mlp,mlp
CH0081,imagine dragons,1,1,0.922211566877982,uncalibrated_class_1_probability,4,control_mlp,mlp
CH0085,drake,1,1,0.9288577931567634,uncalibrated_class_1_probability,4,control_mlp,mlp
CH0090,imagine dragons,1,1,0.9274140851896047,uncalibrated_class_1_probability,4,control_mlp,mlp
CH0092,the weeknd,1,0,0.04036304726365327,uncalibrated_class_1_probability,4,control_mlp,mlp
CH0093,drake,1,0,0.008794450474627433,uncalibrated_class_1_probability,4,control_mlp,mlp
CH0094,xxxtentacion,1,0,0.02983184598089883,uncalibrated_class_1_probability,4,control_mlp,mlp
CH0095,xxxtentacion,1,0,0.0004536157849830576,uncalibrated_class_1_probability,4,control_mlp,mlp
CH0097,imagine dragons,1,1,0.9800941719724705,uncalibrated_class_1_probability,4,control_mlp,mlp
CH0100,future,1,1,0.9980789976433612,uncalibrated_class_1_probability,4,control_mlp,mlp
CH0103,rihanna,1,0,0.01958210474118656,uncalibrated_class_1_probability,4,control_mlp,mlp
CH0104,drake,1,1,0.9990973874009358,uncalibrated_class_1_probability,4,control_mlp,mlp
CH0111,drake,1,0,0.07772062388504376,uncalibrated_class_1_probability,4,control_mlp,mlp
CH0123,rihanna,1,0,0.0019267135018887014,uncalibrated_class_1_probability,4,control_mlp,mlp
CH0126,drake,1,1,0.9805090836041189,uncalibrated_class_1_probability,4,control_mlp,mlp
CH0129,the weeknd,1,1,0.9713308908843608,uncalibrated_class_1_probability,4,control_mlp,mlp
CH0132,drake,1,1,0.9772737943736904,uncalibrated_class_1_probability,4,control_mlp,mlp
CH0135,the weeknd,1,0,0.37397513688911765,uncalibrated_class_1_probability,4,control_mlp,mlp
CH0138,the weeknd,1,1,0.9138965589395887,uncalibrated_class_1_probability,4,control_mlp,mlp
CH0145,future,1,1,0.5028958570492389,uncalibrated_class_1_probability,4,control_mlp,mlp
CH0150,the weeknd,1,1,0.9186049542511776,uncalibrated_class_1_probability,4,control_mlp,mlp
CH0158,rihanna,1,1,0.991247470856094,uncalibrated_class_1_probability,4,control_mlp,mlp
CH0166,drake,1,0,0.10116096330139931,uncalibrated_class_1_probability,4,control_mlp,mlp
CH0167,pharrell williams,1,0,0.0021700692688564013,uncalibrated_class_1_probability,4,control_mlp,mlp
CH0168,imagine dragons,1,0,0.3659485408202884,uncalibrated_class_1_probability,4,control_mlp,mlp
CH0173,justin timberlake,1,1,0.5279275889447099,uncalibrated_class_1_probability,4,control_mlp,mlp
CH0176,imagine dragons,1,1,0.714924848978708,uncalibrated_class_1_probability,4,control_mlp,mlp
CH0179,drake,1,0,0.006703064471613184,uncalibrated_class_1_probability,4,control_mlp,mlp
CH0180,justin timberlake,1,0,0.001445687566597302,uncalibrated_class_1_probability,4,control_mlp,mlp
CH0185,rihanna,1,0,0.06783667925250221,uncalibrated_class_1_probability,4,control_mlp,mlp
CH0186,drake,1,1,0.9998395461293343,uncalibrated_class_1_probability,4,control_mlp,mlp
CH0190,imagine dragons,1,0,0.13881335299355335,uncalibrated_class_1_probability,4,control_mlp,mlp
CH0195,rihanna,1,0,0.10755975811644039,uncalibrated_class_1_probability,4,control_mlp,mlp
CH0206,rihanna,1,1,0.9896865567066082,uncalibrated_class_1_probability,4,control_mlp,mlp
CH0222,rihanna,1,0,0.05730066312671704,uncalibrated_class_1_probability,4,control_mlp,mlp
CH0226,rihanna,1,1,0.7697192836778637,uncalibrated_class_1_probability,4,control_mlp,mlp
CH0238,rihanna,1,1,0.9472931552097801,uncalibrated_class_1_probability,4,control_mlp,mlp
CH0248,rihanna,1,0,0.0038404733855735345,uncalibrated_class_1_probability,4,control_mlp,mlp
CH0249,drake,1,1,0.7289645379928908,uncalibrated_class_1_probability,4,control_mlp,mlp
CH0254,rihanna,1,0,0.008496742017970658,uncalibrated_class_1_probability,4,control_mlp,mlp
CH0257,drake,1,0,0.34996924289161174,uncalibrated_class_1_probability,4,control_mlp,mlp
CH0262,drake,1,0,0.055046611039815535,uncalibrated_class_1_probability,4,control_mlp,mlp
CH0280,drake,1,0,0.1494554447951934,uncalibrated_class_1_probability,4,control_mlp,mlp
CH0295,akon,1,0,0.3231963761322065,uncalibrated_class_1_probability,4,control_mlp,mlp
CH0301,rihanna,1,1,0.9963764326826915,uncalibrated_class_1_probability,4,control_mlp,mlp
CH0309,rihanna,1,0,0.019330923997611996,uncalibrated_class_1_probability,4,control_mlp,mlp
CH0311,rihanna,1,1,0.9290673197933139,uncalibrated_class_1_probability,4,control_mlp,mlp
CH0327,akon,1,1,0.9984844210486934,uncalibrated_class_1_probability,4,control_mlp,mlp
CH0332,justin timberlake,1,0,0.19808434250257226,uncalibrated_class_1_probability,4,control_mlp,mlp
CH0338,justin timberlake,1,0,0.054769839317727935,uncalibrated_class_1_probability,4,control_mlp,mlp
CH0341,justin timberlake,1,1,0.6899102718308356,uncalibrated_class_1_probability,4,control_mlp,mlp
CH0345,rihanna,1,0,0.0014614623359457202,uncalibrated_class_1_probability,4,control_mlp,mlp
CH0347,justin timberlake,1,0,0.0024395998061208933,uncalibrated_class_1_probability,4,control_mlp,mlp
CH0352,rihanna,1,1,0.9998532650530237,uncalibrated_class_1_probability,4,control_mlp,mlp
CH0355,rihanna,1,1,0.8431395458168973,uncalibrated_class_1_probability,4,control_mlp,mlp
CH0441,the weeknd,0,1,0.5194714354311304,uncalibrated_class_1_probability,4,control_mlp,mlp
CH0442,the weeknd,0,0,1.2700558074957364e-05,uncalibrated_class_1_probability,4,control_mlp,mlp
CH0443,the weeknd,0,0,0.09509024180123588,uncalibrated_class_1_probability,4,control_mlp,mlp
CH0444,the weeknd,0,1,0.5941748255688498,uncalibrated_class_1_probability,4,control_mlp,mlp
CH0445,the weeknd,0,1,0.994030630560348,uncalibrated_class_1_probability,4,control_mlp,mlp
CH0447,the weeknd,0,0,0.19012921226972937,uncalibrated_class_1_probability,4,control_mlp,mlp
CH0448,the weeknd,0,0,0.0002155044211567082,uncalibrated_class_1_probability,4,control_mlp,mlp
CH0449,the weeknd,0,1,0.5678105819327135,uncalibrated_class_1_probability,4,control_mlp,mlp
CH0450,the weeknd,0,1,0.9539354179832642,uncalibrated_class_1_probability,4,control_mlp,mlp
CH0451,the weeknd,0,1,0.8552555902733602,uncalibrated_class_1_probability,4,control_mlp,mlp
CH0469,imagine dragons,0,0,0.007930518347225426,uncalibrated_class_1_probability,4,control_mlp,mlp
CH0479,xxxtentacion,0,1,0.9414359651151508,uncalibrated_class_1_probability,4,control_mlp,mlp
CH0484,drake,0,1,0.8475174775816621,uncalibrated_class_1_probability,4,control_mlp,mlp
CH0490,drake,0,0,0.0372487657284263,uncalibrated_class_1_probability,4,control_mlp,mlp
CH0491,drake,0,1,0.6908711048781244,uncalibrated_class_1_probability,4,control_mlp,mlp
CH0495,xxxtentacion,0,1,0.5050676114209939,uncalibrated_class_1_probability,4,control_mlp,mlp
CH0502,xxxtentacion,0,1,0.6923628116794748,uncalibrated_class_1_probability,4,control_mlp,mlp
CH0512,drake,0,0,0.27117864684275106,uncalibrated_class_1_probability,4,control_mlp,mlp
CH0513,the weeknd,0,0,0.0403808940065125,uncalibrated_class_1_probability,4,control_mlp,mlp
CH0518,future,0,0,0.18264014643973656,uncalibrated_class_1_probability,4,control_mlp,mlp
CH0519,the weeknd,0,1,0.9236882386095815,uncalibrated_class_1_probability,4,control_mlp,mlp
CH0522,the weeknd,0,1,0.5054575753590266,uncalibrated_class_1_probability,4,control_mlp,mlp
CH0524,rihanna,0,1,0.9878757547402253,uncalibrated_class_1_probability,4,control_mlp,mlp
CH0530,drake,0,1,0.7707544028501672,uncalibrated_class_1_probability,4,control_mlp,mlp
CH0531,drake,0,1,0.9402994106608082,uncalibrated_class_1_probability,4,control_mlp,mlp
CH0535,the weeknd,0,1,0.9304764556939229,uncalibrated_class_1_probability,4,control_mlp,mlp
CH0544,drake,0,1,0.9895565487804556,uncalibrated_class_1_probability,4,control_mlp,mlp
CH0562,future,0,0,0.03322911125798649,uncalibrated_class_1_probability,4,control_mlp,mlp
CH0566,drake,0,1,0.9820707384932155,uncalibrated_class_1_probability,4,control_mlp,mlp
CH0567,imagine dragons,0,1,0.9856847863708402,uncalibrated_class_1_probability,4,control_mlp,mlp
CH0568,drake,0,1,0.9994588223887838,uncalibrated_class_1_probability,4,control_mlp,mlp
CH0570,drake,0,0,0.4215986688820709,uncalibrated_class_1_probability,4,control_mlp,mlp
CH0572,drake,0,1,0.7211916771470633,uncalibrated_class_1_probability,4,control_mlp,mlp
CH0577,the weeknd,0,0,0.05625124296469948,uncalibrated_class_1_probability,4,control_mlp,mlp
CH0583,pharrell williams,0,1,0.781835525702994,uncalibrated_class_1_probability,4,control_mlp,mlp
CH0588,imagine dragons,0,0,0.3614965172500102,uncalibrated_class_1_probability,4,control_mlp,mlp
CH0591,drake,0,1,0.9643309729601527,uncalibrated_class_1_probability,4,control_mlp,mlp
CH0592,justin timberlake,0,1,0.6692286875270728,uncalibrated_class_1_probability,4,control_mlp,mlp
CH0595,future,0,1,0.9979883595396292,uncalibrated_class_1_probability,4,control_mlp,mlp
CH0597,drake,0,0,0.0010276271748901375,uncalibrated_class_1_probability,4,control_mlp,mlp
CH0602,rihanna,0,0,0.0035244805373838444,uncalibrated_class_1_probability,4,control_mlp,mlp
CH0607,justin timberlake,0,0,0.1259608865168707,uncalibrated_class_1_probability,4,control_mlp,mlp
CH0613,justin timberlake,0,0,0.001812326765105739,uncalibrated_class_1_probability,4,control_mlp,mlp
CH0614,future,0,1,0.9989948775837074,uncalibrated_class_1_probability,4,control_mlp,mlp
CH0620,the weeknd,0,1,0.9162297932611165,uncalibrated_class_1_probability,4,control_mlp,mlp
CH0625,future,0,1,0.6693273778946093,uncalibrated_class_1_probability,4,control_mlp,mlp
CH0642,drake,0,0,0.21701009560312748,uncalibrated_class_1_probability,4,control_mlp,mlp
CH0644,drake,0,0,0.008822989933889342,uncalibrated_class_1_probability,4,control_mlp,mlp
CH0645,rihanna,0,1,0.9861383305385297,uncalibrated_class_1_probability,4,control_mlp,mlp
CH0647,rihanna,0,1,0.9486739221932357,uncalibrated_class_1_probability,4,control_mlp,mlp
CH0649,drake,0,1,0.6004569535138657,uncalibrated_class_1_probability,4,control_mlp,mlp
CH0659,akon,0,1,0.9981891367326536,uncalibrated_class_1_probability,4,control_mlp,mlp
CH0674,rihanna,0,1,0.799780776700697,uncalibrated_class_1_probability,4,control_mlp,mlp
CH0698,rihanna,0,0,0.007732230422581407,uncalibrated_class_1_probability,4,control_mlp,mlp
CH0729,akon,0,0,0.4770238920202497,uncalibrated_class_1_probability,4,control_mlp,mlp
CH0749,rihanna,0,0,0.03548262066580486,uncalibrated_class_1_probability,4,control_mlp,mlp
CH0001,the weeknd,1,0,0.43584862051665,uncalibrated_class_1_probability,4,extra_leaf5,extra_trees
CH0019,drake,1,0,0.48227721106297433,uncalibrated_class_1_probability,4,extra_leaf5,extra_trees
CH0022,the weeknd,1,0,0.47151536953962087,uncalibrated_class_1_probability,4,extra_leaf5,extra_trees
CH0030,the weeknd,1,1,0.5218666161192359,uncalibrated_class_1_probability,4,extra_leaf5,extra_trees
CH0032,drake,1,1,0.5793667743059457,uncalibrated_class_1_probability,4,extra_leaf5,extra_trees
CH0071,drake,1,0,0.44080583908854054,uncalibrated_class_1_probability,4,extra_leaf5,extra_trees
CH0073,drake,1,0,0.4326867023980452,uncalibrated_class_1_probability,4,extra_leaf5,extra_trees
CH0074,drake,1,0,0.49511946005249574,uncalibrated_class_1_probability,4,extra_leaf5,extra_trees
CH0075,xxxtentacion,1,1,0.5176958743901284,uncalibrated_class_1_probability,4,extra_leaf5,extra_trees
CH0078,imagine dragons,1,0,0.39085267426623116,uncalibrated_class_1_probability,4,extra_leaf5,extra_trees
CH0081,imagine dragons,1,1,0.5279216465067385,uncalibrated_class_1_probability,4,extra_leaf5,extra_trees
CH0085,drake,1,1,0.5305607795017291,uncalibrated_class_1_probability,4,extra_leaf5,extra_trees
CH0090,imagine dragons,1,1,0.5476577064185157,uncalibrated_class_1_probability,4,extra_leaf5,extra_trees
CH0092,the weeknd,1,0,0.4428931649539047,uncalibrated_class_1_probability,4,extra_leaf5,extra_trees
CH0093,drake,1,0,0.4743750683550095,uncalibrated_class_1_probability,4,extra_leaf5,extra_trees
CH0094,xxxtentacion,1,0,0.39369379724851167,uncalibrated_class_1_probability,4,extra_leaf5,extra_trees
CH0095,xxxtentacion,1,0,0.4137903749534802,uncalibrated_class_1_probability,4,extra_leaf5,extra_trees
CH0097,imagine dragons,1,1,0.5324817729132697,uncalibrated_class_1_probability,4,extra_leaf5,extra_trees
CH0100,future,1,0,0.49401929642430803,uncalibrated_class_1_probability,4,extra_leaf5,extra_trees
CH0103,rihanna,1,0,0.40384225317582606,uncalibrated_class_1_probability,4,extra_leaf5,extra_trees
CH0104,drake,1,1,0.5488474944144413,uncalibrated_class_1_probability,4,extra_leaf5,extra_trees
CH0111,drake,1,0,0.4777987878116082,uncalibrated_class_1_probability,4,extra_leaf5,extra_trees
CH0123,rihanna,1,0,0.40212967100182756,uncalibrated_class_1_probability,4,extra_leaf5,extra_trees
CH0126,drake,1,1,0.5264305936357394,uncalibrated_class_1_probability,4,extra_leaf5,extra_trees
CH0129,the weeknd,1,1,0.5171149706086824,uncalibrated_class_1_probability,4,extra_leaf5,extra_trees
CH0132,drake,1,1,0.5587408124798939,uncalibrated_class_1_probability,4,extra_leaf5,extra_trees
CH0135,the weeknd,1,1,0.5230446697643918,uncalibrated_class_1_probability,4,extra_leaf5,extra_trees
CH0138,the weeknd,1,0,0.48894934143210017,uncalibrated_class_1_probability,4,extra_leaf5,extra_trees
CH0145,future,1,0,0.45019081066188343,uncalibrated_class_1_probability,4,extra_leaf5,extra_trees
CH0150,the weeknd,1,0,0.484599455774831,uncalibrated_class_1_probability,4,extra_leaf5,extra_trees
CH0158,rihanna,1,1,0.6442638637762648,uncalibrated_class_1_probability,4,extra_leaf5,extra_trees
CH0166,drake,1,1,0.5452090514770372,uncalibrated_class_1_probability,4,extra_leaf5,extra_trees
CH0167,pharrell williams,1,1,0.5363388650859089,uncalibrated_class_1_probability,4,extra_leaf5,extra_trees
CH0168,imagine dragons,1,1,0.5964453806109971,uncalibrated_class_1_probability,4,extra_leaf5,extra_trees
CH0173,justin timberlake,1,0,0.437474019770862,uncalibrated_class_1_probability,4,extra_leaf5,extra_trees
CH0176,imagine dragons,1,0,0.4338075724600494,uncalibrated_class_1_probability,4,extra_leaf5,extra_trees
CH0179,drake,1,0,0.3855725944283008,uncalibrated_class_1_probability,4,extra_leaf5,extra_trees
CH0180,justin timberlake,1,0,0.41349713448402853,uncalibrated_class_1_probability,4,extra_leaf5,extra_trees
CH0185,rihanna,1,1,0.5104251614813283,uncalibrated_class_1_probability,4,extra_leaf5,extra_trees
CH0186,drake,1,0,0.42358227319182784,uncalibrated_class_1_probability,4,extra_leaf5,extra_trees
CH0190,imagine dragons,1,0,0.4714995182812461,uncalibrated_class_1_probability,4,extra_leaf5,extra_trees
CH0195,rihanna,1,1,0.512305295566565,uncalibrated_class_1_probability,4,extra_leaf5,extra_trees
CH0206,rihanna,1,1,0.6376108000682188,uncalibrated_class_1_probability,4,extra_leaf5,extra_trees
CH0222,rihanna,1,0,0.4892205723415766,uncalibrated_class_1_probability,4,extra_leaf5,extra_trees
CH0226,rihanna,1,1,0.5182792115049442,uncalibrated_class_1_probability,4,extra_leaf5,extra_trees
CH0238,rihanna,1,1,0.6664326530571428,uncalibrated_class_1_probability,4,extra_leaf5,extra_trees
CH0248,rihanna,1,0,0.3564782745223428,uncalibrated_class_1_probability,4,extra_leaf5,extra_trees
CH0249,drake,1,1,0.5355892642785125,uncalibrated_class_1_probability,4,extra_leaf5,extra_trees
CH0254,rihanna,1,0,0.46844752151154523,uncalibrated_class_1_probability,4,extra_leaf5,extra_trees
CH0257,drake,1,0,0.494098164981088,uncalibrated_class_1_probability,4,extra_leaf5,extra_trees
CH0262,drake,1,0,0.47896039178121946,uncalibrated_class_1_probability,4,extra_leaf5,extra_trees
CH0280,drake,1,1,0.5444314147876481,uncalibrated_class_1_probability,4,extra_leaf5,extra_trees
CH0295,akon,1,0,0.49645820844529975,uncalibrated_class_1_probability,4,extra_leaf5,extra_trees
CH0301,rihanna,1,1,0.616176724520815,uncalibrated_class_1_probability,4,extra_leaf5,extra_trees
CH0309,rihanna,1,0,0.41520028361763706,uncalibrated_class_1_probability,4,extra_leaf5,extra_trees
CH0311,rihanna,1,1,0.6045858744403444,uncalibrated_class_1_probability,4,extra_leaf5,extra_trees
CH0327,akon,1,1,0.6057447949006204,uncalibrated_class_1_probability,4,extra_leaf5,extra_trees
CH0332,justin timberlake,1,0,0.46129242477848253,uncalibrated_class_1_probability,4,extra_leaf5,extra_trees
CH0338,justin timberlake,1,0,0.4188158201698927,uncalibrated_class_1_probability,4,extra_leaf5,extra_trees
CH0341,justin timberlake,1,1,0.6159465056685437,uncalibrated_class_1_probability,4,extra_leaf5,extra_trees
CH0345,rihanna,1,0,0.43213794634616415,uncalibrated_class_1_probability,4,extra_leaf5,extra_trees
CH0347,justin timberlake,1,1,0.5191610749257408,uncalibrated_class_1_probability,4,extra_leaf5,extra_trees
CH0352,rihanna,1,1,0.6358260477799518,uncalibrated_class_1_probability,4,extra_leaf5,extra_trees
CH0355,rihanna,1,1,0.5387811480372113,uncalibrated_class_1_probability,4,extra_leaf5,extra_trees
CH0441,the weeknd,0,0,0.4803750119419171,uncalibrated_class_1_probability,4,extra_leaf5,extra_trees
CH0442,the weeknd,0,0,0.368168408301268,uncalibrated_class_1_probability,4,extra_leaf5,extra_trees
CH0443,the weeknd,0,1,0.5708334279360717,uncalibrated_class_1_probability,4,extra_leaf5,extra_trees
CH0444,the weeknd,0,0,0.4885700801443289,uncalibrated_class_1_probability,4,extra_leaf5,extra_trees
CH0445,the weeknd,0,0,0.47573541083262255,uncalibrated_class_1_probability,4,extra_leaf5,extra_trees
CH0447,the weeknd,0,0,0.36796772204420064,uncalibrated_class_1_probability,4,extra_leaf5,extra_trees
CH0448,the weeknd,0,0,0.34505264992457974,uncalibrated_class_1_probability,4,extra_leaf5,extra_trees
CH0449,the weeknd,0,1,0.513269163973806,uncalibrated_class_1_probability,4,extra_leaf5,extra_trees
CH0450,the weeknd,0,0,0.4395519647591668,uncalibrated_class_1_probability,4,extra_leaf5,extra_trees
CH0451,the weeknd,0,0,0.38935790947966353,uncalibrated_class_1_probability,4,extra_leaf5,extra_trees
CH0469,imagine dragons,0,0,0.44039278665111864,uncalibrated_class_1_probability,4,extra_leaf5,extra_trees
CH0479,xxxtentacion,0,0,0.4999589670894628,uncalibrated_class_1_probability,4,extra_leaf5,extra_trees
CH0484,drake,0,1,0.5025320130567468,uncalibrated_class_1_probability,4,extra_leaf5,extra_trees
CH0490,drake,0,0,0.43190833952677204,uncalibrated_class_1_probability,4,extra_leaf5,extra_trees
CH0491,drake,0,0,0.45636517560509315,uncalibrated_class_1_probability,4,extra_leaf5,extra_trees
CH0495,xxxtentacion,0,1,0.5134580322522245,uncalibrated_class_1_probability,4,extra_leaf5,extra_trees
CH0502,xxxtentacion,0,0,0.45780755767627973,uncalibrated_class_1_probability,4,extra_leaf5,extra_trees
CH0512,drake,0,0,0.4745888346771871,uncalibrated_class_1_probability,4,extra_leaf5,extra_trees
CH0513,the weeknd,0,0,0.42350635732387243,uncalibrated_class_1_probability,4,extra_leaf5,extra_trees
CH0518,future,0,0,0.45175224206835674,uncalibrated_class_1_probability,4,extra_leaf5,extra_trees
CH0519,the weeknd,0,1,0.5453962498651835,uncalibrated_class_1_probability,4,extra_leaf5,extra_trees
CH0522,the weeknd,0,1,0.5348720466478075,uncalibrated_class_1_probability,4,extra_leaf5,extra_trees
CH0524,rihanna,0,0,0.48933491983044564,uncalibrated_class_1_probability,4,extra_leaf5,extra_trees
CH0530,drake,0,0,0.4678633914097198,uncalibrated_class_1_probability,4,extra_leaf5,extra_trees
CH0531,drake,0,1,0.5066441961082354,uncalibrated_class_1_probability,4,extra_leaf5,extra_trees
CH0535,the weeknd,0,1,0.5170798653052576,uncalibrated_class_1_probability,4,extra_leaf5,extra_trees
CH0544,drake,0,1,0.5372907914270384,uncalibrated_class_1_probability,4,extra_leaf5,extra_trees
CH0562,future,0,0,0.4723502318015378,uncalibrated_class_1_probability,4,extra_leaf5,extra_trees
CH0566,drake,0,1,0.5145050234109827,uncalibrated_class_1_probability,4,extra_leaf5,extra_trees
CH0567,imagine dragons,0,1,0.6149622679006913,uncalibrated_class_1_probability,4,extra_leaf5,extra_trees
CH0568,drake,0,1,0.5347660305254445,uncalibrated_class_1_probability,4,extra_leaf5,extra_trees
CH0570,drake,0,1,0.5125953844912781,uncalibrated_class_1_probability,4,extra_leaf5,extra_trees
CH0572,drake,0,1,0.5448817367703702,uncalibrated_class_1_probability,4,extra_leaf5,extra_trees
CH0577,the weeknd,0,0,0.4279400894501592,uncalibrated_class_1_probability,4,extra_leaf5,extra_trees
CH0583,pharrell williams,0,0,0.47012356466343697,uncalibrated_class_1_probability,4,extra_leaf5,extra_trees
CH0588,imagine dragons,0,1,0.5082824251314546,uncalibrated_class_1_probability,4,extra_leaf5,extra_trees
CH0591,drake,0,1,0.5020503835083475,uncalibrated_class_1_probability,4,extra_leaf5,extra_trees
CH0592,justin timberlake,0,0,0.4786108668281659,uncalibrated_class_1_probability,4,extra_leaf5,extra_trees
CH0595,future,0,1,0.5047800848200263,uncalibrated_class_1_probability,4,extra_leaf5,extra_trees
CH0597,drake,0,0,0.46411815852074234,uncalibrated_class_1_probability,4,extra_leaf5,extra_trees
CH0602,rihanna,0,0,0.4793634414464246,uncalibrated_class_1_probability,4,extra_leaf5,extra_trees
CH0607,justin timberlake,0,0,0.4906264300935104,uncalibrated_class_1_probability,4,extra_leaf5,extra_trees
CH0613,justin timberlake,0,0,0.37662798513903134,uncalibrated_class_1_probability,4,extra_leaf5,extra_trees
CH0614,future,0,1,0.5413106023136616,uncalibrated_class_1_probability,4,extra_leaf5,extra_trees
CH0620,the weeknd,0,0,0.4108752855758018,uncalibrated_class_1_probability,4,extra_leaf5,extra_trees
CH0625,future,0,1,0.5515239408846455,uncalibrated_class_1_probability,4,extra_leaf5,extra_trees
CH0642,drake,0,0,0.4997571269909667,uncalibrated_class_1_probability,4,extra_leaf5,extra_trees
CH0644,drake,0,0,0.41097380072357775,uncalibrated_class_1_probability,4,extra_leaf5,extra_trees
CH0645,rihanna,0,0,0.4505528818097016,uncalibrated_class_1_probability,4,extra_leaf5,extra_trees
CH0647,rihanna,0,1,0.6438141492098566,uncalibrated_class_1_probability,4,extra_leaf5,extra_trees
CH0649,drake,0,0,0.4555353953367924,uncalibrated_class_1_probability,4,extra_leaf5,extra_trees
CH0659,akon,0,1,0.6386058888444177,uncalibrated_class_1_probability,4,extra_leaf5,extra_trees
CH0674,rihanna,0,1,0.5291640159319249,uncalibrated_class_1_probability,4,extra_leaf5,extra_trees
CH0698,rihanna,0,0,0.44395202587006327,uncalibrated_class_1_probability,4,extra_leaf5,extra_trees
CH0729,akon,0,0,0.47736419688529474,uncalibrated_class_1_probability,4,extra_leaf5,extra_trees
CH0749,rihanna,0,1,0.50432545592249,uncalibrated_class_1_probability,4,extra_leaf5,extra_trees
CH0001,the weeknd,1,0,0.4878594793261427,uncalibrated_class_1_probability,4,forest_leaf8,random_forest
CH0019,drake,1,0,0.4937946297271643,uncalibrated_class_1_probability,4,forest_leaf8,random_forest
CH0022,the weeknd,1,1,0.520735235334997,uncalibrated_class_1_probability,4,forest_leaf8,random_forest
CH0030,the weeknd,1,1,0.5178206838157703,uncalibrated_class_1_probability,4,forest_leaf8,random_forest
CH0032,drake,1,1,0.5691009296626153,uncalibrated_class_1_probability,4,forest_leaf8,random_forest
CH0071,drake,1,0,0.4557169132422062,uncalibrated_class_1_probability,4,forest_leaf8,random_forest
CH0073,drake,1,0,0.4473505655894676,uncalibrated_class_1_probability,4,forest_leaf8,random_forest
CH0074,drake,1,0,0.4882607144768739,uncalibrated_class_1_probability,4,forest_leaf8,random_forest
CH0075,xxxtentacion,1,1,0.5083657667104927,uncalibrated_class_1_probability,4,forest_leaf8,random_forest
CH0078,imagine dragons,1,0,0.46713920389189373,uncalibrated_class_1_probability,4,forest_leaf8,random_forest
CH0081,imagine dragons,1,1,0.55216699991032,uncalibrated_class_1_probability,4,forest_leaf8,random_forest
CH0085,drake,1,0,0.489234042806136,uncalibrated_class_1_probability,4,forest_leaf8,random_forest
CH0090,imagine dragons,1,0,0.49547448779695996,uncalibrated_class_1_probability,4,forest_leaf8,random_forest
CH0092,the weeknd,1,0,0.4644964224085523,uncalibrated_class_1_probability,4,forest_leaf8,random_forest
CH0093,drake,1,0,0.4710848763094589,uncalibrated_class_1_probability,4,forest_leaf8,random_forest
CH0094,xxxtentacion,1,0,0.4228454043166116,uncalibrated_class_1_probability,4,forest_leaf8,random_forest
CH0095,xxxtentacion,1,0,0.44481578779623737,uncalibrated_class_1_probability,4,forest_leaf8,random_forest
CH0097,imagine dragons,1,1,0.5766113236818705,uncalibrated_class_1_probability,4,forest_leaf8,random_forest
CH0100,future,1,1,0.5173261815434429,uncalibrated_class_1_probability,4,forest_leaf8,random_forest
CH0103,rihanna,1,0,0.38781227631129556,uncalibrated_class_1_probability,4,forest_leaf8,random_forest
CH0104,drake,1,1,0.5415834101448357,uncalibrated_class_1_probability,4,forest_leaf8,random_forest
CH0111,drake,1,0,0.4837224005800827,uncalibrated_class_1_probability,4,forest_leaf8,random_forest
CH0123,rihanna,1,0,0.38481574550613096,uncalibrated_class_1_probability,4,forest_leaf8,random_forest
CH0126,drake,1,0,0.4768778786883129,uncalibrated_class_1_probability,4,forest_leaf8,random_forest
CH0129,the weeknd,1,1,0.5178762219813254,uncalibrated_class_1_probability,4,forest_leaf8,random_forest
CH0132,drake,1,1,0.5576563081415749,uncalibrated_class_1_probability,4,forest_leaf8,random_forest
CH0135,the weeknd,1,1,0.5290175865222189,uncalibrated_class_1_probability,4,forest_leaf8,random_forest
CH0138,the weeknd,1,1,0.5427289828917761,uncalibrated_class_1_probability,4,forest_leaf8,random_forest
CH0145,future,1,0,0.47155950082211057,uncalibrated_class_1_probability,4,forest_leaf8,random_forest
CH0150,the weeknd,1,0,0.47834877583409235,uncalibrated_class_1_probability,4,forest_leaf8,random_forest
CH0158,rihanna,1,1,0.5801276470067007,uncalibrated_class_1_probability,4,forest_leaf8,random_forest
CH0166,drake,1,1,0.5446436889243287,uncalibrated_class_1_probability,4,forest_leaf8,random_forest
CH0167,pharrell williams,1,0,0.4971362609147578,uncalibrated_class_1_probability,4,forest_leaf8,random_forest
CH0168,imagine dragons,1,1,0.5577707858382457,uncalibrated_class_1_probability,4,forest_leaf8,random_forest
CH0173,justin timberlake,1,0,0.4504466432808751,uncalibrated_class_1_probability,4,forest_leaf8,random_forest
CH0176,imagine dragons,1,0,0.3983923413503226,uncalibrated_class_1_probability,4,forest_leaf8,random_forest
CH0179,drake,1,0,0.3678468579027995,uncalibrated_class_1_probability,4,forest_leaf8,random_forest
CH0180,justin timberlake,1,0,0.45627511615481126,uncalibrated_class_1_probability,4,forest_leaf8,random_forest
CH0185,rihanna,1,0,0.49274970129225193,uncalibrated_class_1_probability,4,forest_leaf8,random_forest
CH0186,drake,1,0,0.44287695237076014,uncalibrated_class_1_probability,4,forest_leaf8,random_forest
CH0190,imagine dragons,1,0,0.41215658784882403,uncalibrated_class_1_probability,4,forest_leaf8,random_forest
CH0195,rihanna,1,1,0.5851164674256438,uncalibrated_class_1_probability,4,forest_leaf8,random_forest
CH0206,rihanna,1,1,0.6491637568527444,uncalibrated_class_1_probability,4,forest_leaf8,random_forest
CH0222,rihanna,1,0,0.4800878870973143,uncalibrated_class_1_probability,4,forest_leaf8,random_forest
CH0226,rihanna,1,1,0.5338280305501433,uncalibrated_class_1_probability,4,forest_leaf8,random_forest
CH0238,rihanna,1,1,0.596861924671601,uncalibrated_class_1_probability,4,forest_leaf8,random_forest
CH0248,rihanna,1,0,0.3393110617169611,uncalibrated_class_1_probability,4,forest_leaf8,random_forest
CH0249,drake,1,1,0.5376319383039208,uncalibrated_class_1_probability,4,forest_leaf8,random_forest
CH0254,rihanna,1,0,0.49262962912513614,uncalibrated_class_1_probability,4,forest_leaf8,random_forest
CH0257,drake,1,1,0.5348413901800434,uncalibrated_class_1_probability,4,forest_leaf8,random_forest
CH0262,drake,1,0,0.48646188876463137,uncalibrated_class_1_probability,4,forest_leaf8,random_forest
CH0280,drake,1,1,0.5508630506496892,uncalibrated_class_1_probability,4,forest_leaf8,random_forest
CH0295,akon,1,1,0.5693117313131411,uncalibrated_class_1_probability,4,forest_leaf8,random_forest
CH0301,rihanna,1,1,0.6191357002314927,uncalibrated_class_1_probability,4,forest_leaf8,random_forest
CH0309,rihanna,1,0,0.3979819106699383,uncalibrated_class_1_probability,4,forest_leaf8,random_forest
CH0311,rihanna,1,1,0.5784615631927571,uncalibrated_class_1_probability,4,forest_leaf8,random_forest
CH0327,akon,1,1,0.6042946460453102,uncalibrated_class_1_probability,4,forest_leaf8,random_forest
CH0332,justin timberlake,1,0,0.4343821571547029,uncalibrated_class_1_probability,4,forest_leaf8,random_forest
CH0338,justin timberlake,1,0,0.4342232009596097,uncalibrated_class_1_probability,4,forest_leaf8,random_forest
CH0341,justin timberlake,1,1,0.6468090933294223,uncalibrated_class_1_probability,4,forest_leaf8,random_forest
CH0345,rihanna,1,0,0.43571179758005846,uncalibrated_class_1_probability,4,forest_leaf8,random_forest
CH0347,justin timberlake,1,1,0.5264694013532014,uncalibrated_class_1_probability,4,forest_leaf8,random_forest
CH0352,rihanna,1,1,0.6130205875360858,uncalibrated_class_1_probability,4,forest_leaf8,random_forest
CH0355,rihanna,1,1,0.5446981926104242,uncalibrated_class_1_probability,4,forest_leaf8,random_forest
CH0441,the weeknd,0,0,0.49899792613705096,uncalibrated_class_1_probability,4,forest_leaf8,random_forest
CH0442,the weeknd,0,0,0.3872174102460019,uncalibrated_class_1_probability,4,forest_leaf8,random_forest
CH0443,the weeknd,0,1,0.5185855176984258,uncalibrated_class_1_probability,4,forest_leaf8,random_forest
CH0444,the weeknd,0,0,0.4613107160943738,uncalibrated_class_1_probability,4,forest_leaf8,random_forest
CH0445,the weeknd,0,1,0.5182353425753062,uncalibrated_class_1_probability,4,forest_leaf8,random_forest
CH0447,the weeknd,0,0,0.3934144296850074,uncalibrated_class_1_probability,4,forest_leaf8,random_forest
CH0448,the weeknd,0,0,0.43165282702117286,uncalibrated_class_1_probability,4,forest_leaf8,random_forest
CH0449,the weeknd,0,0,0.4469545687702669,uncalibrated_class_1_probability,4,forest_leaf8,random_forest
CH0450,the weeknd,0,1,0.5017143319786109,uncalibrated_class_1_probability,4,forest_leaf8,random_forest
CH0451,the weeknd,0,0,0.43139959529512517,uncalibrated_class_1_probability,4,forest_leaf8,random_forest
CH0469,imagine dragons,0,0,0.4171931278621058,uncalibrated_class_1_probability,4,forest_leaf8,random_forest
CH0479,xxxtentacion,0,1,0.5224762155082622,uncalibrated_class_1_probability,4,forest_leaf8,random_forest
CH0484,drake,0,0,0.4851444860156661,uncalibrated_class_1_probability,4,forest_leaf8,random_forest
CH0490,drake,0,0,0.48406458377621225,uncalibrated_class_1_probability,4,forest_leaf8,random_forest
CH0491,drake,0,0,0.4347711389757451,uncalibrated_class_1_probability,4,forest_leaf8,random_forest
CH0495,xxxtentacion,0,1,0.5001728133488811,uncalibrated_class_1_probability,4,forest_leaf8,random_forest
CH0502,xxxtentacion,0,0,0.46476948656501754,uncalibrated_class_1_probability,4,forest_leaf8,random_forest
CH0512,drake,0,0,0.4279324190640248,uncalibrated_class_1_probability,4,forest_leaf8,random_forest
CH0513,the weeknd,0,0,0.4352315132725169,uncalibrated_class_1_probability,4,forest_leaf8,random_forest
CH0518,future,0,0,0.475269006501219,uncalibrated_class_1_probability,4,forest_leaf8,random_forest
CH0519,the weeknd,0,1,0.5532688709792442,uncalibrated_class_1_probability,4,forest_leaf8,random_forest
CH0522,the weeknd,0,1,0.5637669753408167,uncalibrated_class_1_probability,4,forest_leaf8,random_forest
CH0524,rihanna,0,1,0.553713827503583,uncalibrated_class_1_probability,4,forest_leaf8,random_forest
CH0530,drake,0,0,0.470918274004013,uncalibrated_class_1_probability,4,forest_leaf8,random_forest
CH0531,drake,0,1,0.5116216994822914,uncalibrated_class_1_probability,4,forest_leaf8,random_forest
CH0535,the weeknd,0,1,0.5012445517970969,uncalibrated_class_1_probability,4,forest_leaf8,random_forest
CH0544,drake,0,0,0.4896329672467136,uncalibrated_class_1_probability,4,forest_leaf8,random_forest
CH0562,future,0,0,0.49269335728214414,uncalibrated_class_1_probability,4,forest_leaf8,random_forest
CH0566,drake,0,1,0.554074327629959,uncalibrated_class_1_probability,4,forest_leaf8,random_forest
CH0567,imagine dragons,0,1,0.6503523349380157,uncalibrated_class_1_probability,4,forest_leaf8,random_forest
CH0568,drake,0,1,0.5023344847965884,uncalibrated_class_1_probability,4,forest_leaf8,random_forest
CH0570,drake,0,0,0.4923365834360383,uncalibrated_class_1_probability,4,forest_leaf8,random_forest
CH0572,drake,0,1,0.6023300901812,uncalibrated_class_1_probability,4,forest_leaf8,random_forest
CH0577,the weeknd,0,0,0.4500384012123442,uncalibrated_class_1_probability,4,forest_leaf8,random_forest
CH0583,pharrell williams,0,1,0.5073188314426801,uncalibrated_class_1_probability,4,forest_leaf8,random_forest
CH0588,imagine dragons,0,1,0.51214823465472,uncalibrated_class_1_probability,4,forest_leaf8,random_forest
CH0591,drake,0,1,0.5568415166106404,uncalibrated_class_1_probability,4,forest_leaf8,random_forest
CH0592,justin timberlake,0,1,0.5346579854007504,uncalibrated_class_1_probability,4,forest_leaf8,random_forest
CH0595,future,0,1,0.5076004430090415,uncalibrated_class_1_probability,4,forest_leaf8,random_forest
CH0597,drake,0,1,0.5076684189548151,uncalibrated_class_1_probability,4,forest_leaf8,random_forest
CH0602,rihanna,0,0,0.4518145969620132,uncalibrated_class_1_probability,4,forest_leaf8,random_forest
CH0607,justin timberlake,0,0,0.4737387674461068,uncalibrated_class_1_probability,4,forest_leaf8,random_forest
CH0613,justin timberlake,0,0,0.3834507675078526,uncalibrated_class_1_probability,4,forest_leaf8,random_forest
CH0614,future,0,1,0.5501888225875345,uncalibrated_class_1_probability,4,forest_leaf8,random_forest
CH0620,the weeknd,0,0,0.45401701099887665,uncalibrated_class_1_probability,4,forest_leaf8,random_forest
CH0625,future,0,1,0.5464900054908396,uncalibrated_class_1_probability,4,forest_leaf8,random_forest
CH0642,drake,0,1,0.5103708281098275,uncalibrated_class_1_probability,4,forest_leaf8,random_forest
CH0644,drake,0,0,0.4580251896894088,uncalibrated_class_1_probability,4,forest_leaf8,random_forest
CH0645,rihanna,0,0,0.46922852621924843,uncalibrated_class_1_probability,4,forest_leaf8,random_forest
CH0647,rihanna,0,1,0.5633506068918445,uncalibrated_class_1_probability,4,forest_leaf8,random_forest
CH0649,drake,0,0,0.3997837291245268,uncalibrated_class_1_probability,4,forest_leaf8,random_forest
CH0659,akon,0,1,0.6251033978487528,uncalibrated_class_1_probability,4,forest_leaf8,random_forest
CH0674,rihanna,0,1,0.5973973776414726,uncalibrated_class_1_probability,4,forest_leaf8,random_forest
CH0698,rihanna,0,0,0.4041754816432598,uncalibrated_class_1_probability,4,forest_leaf8,random_forest
CH0729,akon,0,1,0.504861243389976,uncalibrated_class_1_probability,4,forest_leaf8,random_forest
CH0749,rihanna,0,1,0.5262178300077185,uncalibrated_class_1_probability,4,forest_leaf8,random_forest
CH0001,the weeknd,1,0,-0.5676404022279486,decision_margin,4,poly_anova,poly_svm
CH0019,drake,1,0,-0.34298282739973324,decision_margin,4,poly_anova,poly_svm
CH0022,the weeknd,1,0,-0.7934977307871752,decision_margin,4,poly_anova,poly_svm
CH0030,the weeknd,1,0,-0.4365809294270325,decision_margin,4,poly_anova,poly_svm
CH0032,drake,1,0,-0.7196100299534867,decision_margin,4,poly_anova,poly_svm
CH0071,drake,1,0,-0.4887234192579316,decision_margin,4,poly_anova,poly_svm
CH0073,drake,1,0,-0.5010856593741307,decision_margin,4,poly_anova,poly_svm
CH0074,drake,1,0,-0.4294355888450328,decision_margin,4,poly_anova,poly_svm
CH0075,xxxtentacion,1,0,-0.19589575792419017,decision_margin,4,poly_anova,poly_svm
CH0078,imagine dragons,1,1,0.3931579286605589,decision_margin,4,poly_anova,poly_svm
CH0081,imagine dragons,1,0,-0.09962723191374012,decision_margin,4,poly_anova,poly_svm
CH0085,drake,1,1,0.8518980668031064,decision_margin,4,poly_anova,poly_svm
CH0090,imagine dragons,1,0,-0.029799848574507903,decision_margin,4,poly_anova,poly_svm
CH0092,the weeknd,1,0,-0.2816673862497777,decision_margin,4,poly_anova,poly_svm
CH0093,drake,1,1,0.43429630390646334,decision_margin,4,poly_anova,poly_svm
CH0094,xxxtentacion,1,0,-0.7881356390963945,decision_margin,4,poly_anova,poly_svm
CH0095,xxxtentacion,1,0,-0.8281451339501639,decision_margin,4,poly_anova,poly_svm
CH0097,imagine dragons,1,1,0.1946400979562939,decision_margin,4,poly_anova,poly_svm
CH0100,future,1,1,3.5906814696111713,decision_margin,4,poly_anova,poly_svm
CH0103,rihanna,1,0,-0.4473057318305231,decision_margin,4,poly_anova,poly_svm
CH0104,drake,1,0,-0.3884956102624971,decision_margin,4,poly_anova,poly_svm
CH0111,drake,1,0,-0.8361529150220203,decision_margin,4,poly_anova,poly_svm
CH0123,rihanna,1,0,-0.6616368382154909,decision_margin,4,poly_anova,poly_svm
CH0126,drake,1,1,0.9558984754058462,decision_margin,4,poly_anova,poly_svm
CH0129,the weeknd,1,1,0.30855293132517536,decision_margin,4,poly_anova,poly_svm
CH0132,drake,1,0,-0.09218203941508007,decision_margin,4,poly_anova,poly_svm
CH0135,the weeknd,1,0,-0.3001660422602546,decision_margin,4,poly_anova,poly_svm
CH0138,the weeknd,1,0,-0.5138627870939969,decision_margin,4,poly_anova,poly_svm
CH0145,future,1,0,-0.5024056844548093,decision_margin,4,poly_anova,poly_svm
CH0150,the weeknd,1,0,-0.2245664854630129,decision_margin,4,poly_anova,poly_svm
CH0158,rihanna,1,1,0.6097625666061337,decision_margin,4,poly_anova,poly_svm
CH0166,drake,1,0,-0.9781983103542737,decision_margin,4,poly_anova,poly_svm
CH0167,pharrell williams,1,0,-0.6583116930930107,decision_margin,4,poly_anova,poly_svm
CH0168,imagine dragons,1,1,1.2515450532190258,decision_margin,4,poly_anova,poly_svm
CH0173,justin timberlake,1,0,-0.6730409852497359,decision_margin,4,poly_anova,poly_svm
CH0176,imagine dragons,1,0,-0.6214172329738494,decision_margin,4,poly_anova,poly_svm
CH0179,drake,1,0,-0.0507598450444956,decision_margin,4,poly_anova,poly_svm
CH0180,justin timberlake,1,1,0.181314081608557,decision_margin,4,poly_anova,poly_svm
CH0185,rihanna,1,0,-0.6265832295452969,decision_margin,4,poly_anova,poly_svm
CH0186,drake,1,0,-1.0138144033780232,decision_margin,4,poly_anova,poly_svm
CH0190,imagine dragons,1,0,-0.8103291061737852,decision_margin,4,poly_anova,poly_svm
CH0195,rihanna,1,0,-0.7393906408995794,decision_margin,4,poly_anova,poly_svm
CH0206,rihanna,1,1,0.1325985282062001,decision_margin,4,poly_anova,poly_svm
CH0222,rihanna,1,0,-0.15068361292277255,decision_margin,4,poly_anova,poly_svm
CH0226,rihanna,1,0,-0.49187633110874446,decision_margin,4,poly_anova,poly_svm
CH0238,rihanna,1,1,0.9350057935532934,decision_margin,4,poly_anova,poly_svm
CH0248,rihanna,1,0,-1.097137504109087,decision_margin,4,poly_anova,poly_svm
CH0249,drake,1,1,1.2519030793579016,decision_margin,4,poly_anova,poly_svm
CH0254,rihanna,1,0,-1.001638327566734,decision_margin,4,poly_anova,poly_svm
CH0257,drake,1,0,-0.28908000138617446,decision_margin,4,poly_anova,poly_svm
CH0262,drake,1,0,-0.3288828413444124,decision_margin,4,poly_anova,poly_svm
CH0280,drake,1,0,-0.23150895105050262,decision_margin,4,poly_anova,poly_svm
CH0295,akon,1,0,-0.6430610608789707,decision_margin,4,poly_anova,poly_svm
CH0301,rihanna,1,1,0.7639887294772023,decision_margin,4,poly_anova,poly_svm
CH0309,rihanna,1,0,-0.20936399182899618,decision_margin,4,poly_anova,poly_svm
CH0311,rihanna,1,1,1.0883997780585253,decision_margin,4,poly_anova,poly_svm
CH0327,akon,1,1,2.66845427109385,decision_margin,4,poly_anova,poly_svm
CH0332,justin timberlake,1,0,-0.17049669221834107,decision_margin,4,poly_anova,poly_svm
CH0338,justin timberlake,1,0,-0.49098713403997296,decision_margin,4,poly_anova,poly_svm
CH0341,justin timberlake,1,1,2.5082947016093486,decision_margin,4,poly_anova,poly_svm
CH0345,rihanna,1,0,-1.2775082468800012,decision_margin,4,poly_anova,poly_svm
CH0347,justin timberlake,1,0,-0.040583175622284307,decision_margin,4,poly_anova,poly_svm
CH0352,rihanna,1,1,2.409939299519891,decision_margin,4,poly_anova,poly_svm
CH0355,rihanna,1,0,-0.5964381325374959,decision_margin,4,poly_anova,poly_svm
CH0441,the weeknd,0,0,-0.8803610646371394,decision_margin,4,poly_anova,poly_svm
CH0442,the weeknd,0,0,-1.331507275903554,decision_margin,4,poly_anova,poly_svm
CH0443,the weeknd,0,0,-0.34514645731715105,decision_margin,4,poly_anova,poly_svm
CH0444,the weeknd,0,1,0.20533596048649627,decision_margin,4,poly_anova,poly_svm
CH0445,the weeknd,0,0,-0.1649029237721341,decision_margin,4,poly_anova,poly_svm
CH0447,the weeknd,0,0,-0.0174690569984034,decision_margin,4,poly_anova,poly_svm
CH0448,the weeknd,0,0,-1.4824529636826198,decision_margin,4,poly_anova,poly_svm
CH0449,the weeknd,0,0,-0.11415563619999503,decision_margin,4,poly_anova,poly_svm
CH0450,the weeknd,0,0,-0.2542042415789847,decision_margin,4,poly_anova,poly_svm
CH0451,the weeknd,0,0,-0.6181380297781596,decision_margin,4,poly_anova,poly_svm
CH0469,imagine dragons,0,0,-0.7958433850755552,decision_margin,4,poly_anova,poly_svm
CH0479,xxxtentacion,0,0,-0.7415844562528815,decision_margin,4,poly_anova,poly_svm
CH0484,drake,0,1,0.5767981883545983,decision_margin,4,poly_anova,poly_svm
CH0490,drake,0,0,-1.1114251622466904,decision_margin,4,poly_anova,poly_svm
CH0491,drake,0,0,-0.14183743977855107,decision_margin,4,poly_anova,poly_svm
CH0495,xxxtentacion,0,1,0.2513173906195123,decision_margin,4,poly_anova,poly_svm
CH0502,xxxtentacion,0,0,-0.41944971646158163,decision_margin,4,poly_anova,poly_svm
CH0512,drake,0,1,0.011577455981071183,decision_margin,4,poly_anova,poly_svm
CH0513,the weeknd,0,0,-0.8823230136708051,decision_margin,4,poly_anova,poly_svm
CH0518,future,0,1,0.5607732330073121,decision_margin,4,poly_anova,poly_svm
CH0519,the weeknd,0,1,0.12496750310484683,decision_margin,4,poly_anova,poly_svm
CH0522,the weeknd,0,0,-0.7334037938882731,decision_margin,4,poly_anova,poly_svm
CH0524,rihanna,0,0,-0.6975525797234089,decision_margin,4,poly_anova,poly_svm
CH0530,drake,0,0,-0.9895410912871736,decision_margin,4,poly_anova,poly_svm
CH0531,drake,0,1,1.2115424380051427,decision_margin,4,poly_anova,poly_svm
CH0535,the weeknd,0,1,0.5069765551190528,decision_margin,4,poly_anova,poly_svm
CH0544,drake,0,0,-0.4158453062936397,decision_margin,4,poly_anova,poly_svm
CH0562,future,0,1,0.1710276887926967,decision_margin,4,poly_anova,poly_svm
CH0566,drake,0,0,-0.41307016743193775,decision_margin,4,poly_anova,poly_svm
CH0567,imagine dragons,0,1,1.5294404312991439,decision_margin,4,poly_anova,poly_svm
CH0568,drake,0,1,0.33127858721418957,decision_margin,4,poly_anova,poly_svm
CH0570,drake,0,0,-0.23224006884501303,decision_margin,4,poly_anova,poly_svm
CH0572,drake,0,0,-0.37139176592771656,decision_margin,4,poly_anova,poly_svm
CH0577,the weeknd,0,0,-0.5204734972811526,decision_margin,4,poly_anova,poly_svm
CH0583,pharrell williams,0,1,0.02382568795775397,decision_margin,4,poly_anova,poly_svm
CH0588,imagine dragons,0,1,0.1960417662953413,decision_margin,4,poly_anova,poly_svm
CH0591,drake,0,0,-0.8514926828791282,decision_margin,4,poly_anova,poly_svm
CH0592,justin timberlake,0,0,-0.19812852578235202,decision_margin,4,poly_anova,poly_svm
CH0595,future,0,1,0.7052410310680108,decision_margin,4,poly_anova,poly_svm
CH0597,drake,0,0,-1.0470459164298291,decision_margin,4,poly_anova,poly_svm
CH0602,rihanna,0,0,-0.8482365438160621,decision_margin,4,poly_anova,poly_svm
CH0607,justin timberlake,0,1,0.3232610627286965,decision_margin,4,poly_anova,poly_svm
CH0613,justin timberlake,0,0,-1.5473722217102748,decision_margin,4,poly_anova,poly_svm
CH0614,future,0,1,0.9768953017677964,decision_margin,4,poly_anova,poly_svm
CH0620,the weeknd,0,0,-0.5157664315891004,decision_margin,4,poly_anova,poly_svm
CH0625,future,0,0,-0.38677422487340507,decision_margin,4,poly_anova,poly_svm
CH0642,drake,0,1,0.27932848825594314,decision_margin,4,poly_anova,poly_svm
CH0644,drake,0,0,-1.3839536332958176,decision_margin,4,poly_anova,poly_svm
CH0645,rihanna,0,1,0.07250535612142472,decision_margin,4,poly_anova,poly_svm
CH0647,rihanna,0,1,1.5001057263851452,decision_margin,4,poly_anova,poly_svm
CH0649,drake,0,0,-0.2237555928590329,decision_margin,4,poly_anova,poly_svm
CH0659,akon,0,0,-0.12854396268037777,decision_margin,4,poly_anova,poly_svm
CH0674,rihanna,0,1,0.10257071575371568,decision_margin,4,poly_anova,poly_svm
CH0698,rihanna,0,0,-0.7701053404668279,decision_margin,4,poly_anova,poly_svm
CH0729,akon,0,0,-0.47367277319738477,decision_margin,4,poly_anova,poly_svm
CH0749,rihanna,0,0,-0.9059717415773714,decision_margin,4,poly_anova,poly_svm
CH0001,the weeknd,1,1,0.4378536433909344,decision_margin,4,rbf_anova_c1,rbf_svm
CH0019,drake,1,0,-0.08679157792075659,decision_margin,4,rbf_anova_c1,rbf_svm
CH0022,the weeknd,1,1,0.5123708349136972,decision_margin,4,rbf_anova_c1,rbf_svm
CH0030,the weeknd,1,1,0.1067342777562596,decision_margin,4,rbf_anova_c1,rbf_svm
CH0032,drake,1,1,0.5251078873651717,decision_margin,4,rbf_anova_c1,rbf_svm
CH0071,drake,1,0,-0.9815145916696326,decision_margin,4,rbf_anova_c1,rbf_svm
CH0073,drake,1,0,-0.42841373421652096,decision_margin,4,rbf_anova_c1,rbf_svm
CH0074,drake,1,1,0.0429124658563958,decision_margin,4,rbf_anova_c1,rbf_svm
CH0075,xxxtentacion,1,1,0.21748025962774392,decision_margin,4,rbf_anova_c1,rbf_svm
CH0078,imagine dragons,1,1,0.0071499279541146765,decision_margin,4,rbf_anova_c1,rbf_svm
CH0081,imagine dragons,1,1,0.1833083043531778,decision_margin,4,rbf_anova_c1,rbf_svm
CH0085,drake,1,0,-0.12128172752148492,decision_margin,4,rbf_anova_c1,rbf_svm
CH0090,imagine dragons,1,1,0.9182962229947429,decision_margin,4,rbf_anova_c1,rbf_svm
CH0092,the weeknd,1,0,-0.22984765958685394,decision_margin,4,rbf_anova_c1,rbf_svm
CH0093,drake,1,1,0.4253107156410433,decision_margin,4,rbf_anova_c1,rbf_svm
CH0094,xxxtentacion,1,0,-0.8518572138101204,decision_margin,4,rbf_anova_c1,rbf_svm
CH0095,xxxtentacion,1,0,-0.41207020461929733,decision_margin,4,rbf_anova_c1,rbf_svm
CH0097,imagine dragons,1,1,0.5414385241456448,decision_margin,4,rbf_anova_c1,rbf_svm
CH0100,future,1,1,0.48217080814589147,decision_margin,4,rbf_anova_c1,rbf_svm
CH0103,rihanna,1,0,-0.9444526647593172,decision_margin,4,rbf_anova_c1,rbf_svm
CH0104,drake,1,1,0.9882178604148045,decision_margin,4,rbf_anova_c1,rbf_svm
CH0111,drake,1,1,0.137866496784425,decision_margin,4,rbf_anova_c1,rbf_svm
CH0123,rihanna,1,0,-0.508066943134134,decision_margin,4,rbf_anova_c1,rbf_svm
CH0126,drake,1,0,-0.049977010604686456,decision_margin,4,rbf_anova_c1,rbf_svm
CH0129,the weeknd,1,1,0.32707283537556603,decision_margin,4,rbf_anova_c1,rbf_svm
CH0132,drake,1,1,0.11168803610235567,decision_margin,4,rbf_anova_c1,rbf_svm
CH0135,the weeknd,1,0,-0.3121886918299527,decision_margin,4,rbf_anova_c1,rbf_svm
CH0138,the weeknd,1,1,0.5110320933866089,decision_margin,4,rbf_anova_c1,rbf_svm
CH0145,future,1,0,-0.014138426168054719,decision_margin,4,rbf_anova_c1,rbf_svm
CH0150,the weeknd,1,1,0.2964083417604471,decision_margin,4,rbf_anova_c1,rbf_svm
CH0158,rihanna,1,1,0.38687654780179975,decision_margin,4,rbf_anova_c1,rbf_svm
CH0166,drake,1,0,-0.3818019457662789,decision_margin,4,rbf_anova_c1,rbf_svm
CH0167,pharrell williams,1,0,-0.07494156088897663,decision_margin,4,rbf_anova_c1,rbf_svm
CH0168,imagine dragons,1,1,0.19024123391983128,decision_margin,4,rbf_anova_c1,rbf_svm
CH0173,justin timberlake,1,0,-0.5059322629185622,decision_margin,4,rbf_anova_c1,rbf_svm
CH0176,imagine dragons,1,0,-1.2312032170375506,decision_margin,4,rbf_anova_c1,rbf_svm
CH0179,drake,1,0,-0.8287703716245751,decision_margin,4,rbf_anova_c1,rbf_svm
CH0180,justin timberlake,1,0,-0.2502101228740392,decision_margin,4,rbf_anova_c1,rbf_svm
CH0185,rihanna,1,0,-0.15266869799323857,decision_margin,4,rbf_anova_c1,rbf_svm
CH0186,drake,1,1,0.356033874828661,decision_margin,4,rbf_anova_c1,rbf_svm
CH0190,imagine dragons,1,0,-0.7390823688636354,decision_margin,4,rbf_anova_c1,rbf_svm
CH0195,rihanna,1,0,-0.21767172014331404,decision_margin,4,rbf_anova_c1,rbf_svm
CH0206,rihanna,1,1,0.9686368258956906,decision_margin,4,rbf_anova_c1,rbf_svm
CH0222,rihanna,1,0,-0.4274200042102003,decision_margin,4,rbf_anova_c1,rbf_svm
CH0226,rihanna,1,1,0.4832705930184301,decision_margin,4,rbf_anova_c1,rbf_svm
CH0238,rihanna,1,1,1.230146796754565,decision_margin,4,rbf_anova_c1,rbf_svm
CH0248,rihanna,1,0,-0.9505387244838055,decision_margin,4,rbf_anova_c1,rbf_svm
CH0249,drake,1,1,0.22245326261158302,decision_margin,4,rbf_anova_c1,rbf_svm
CH0254,rihanna,1,0,-0.8102583919106234,decision_margin,4,rbf_anova_c1,rbf_svm
CH0257,drake,1,0,-0.37727201511468567,decision_margin,4,rbf_anova_c1,rbf_svm
CH0262,drake,1,0,-0.3012288797486201,decision_margin,4,rbf_anova_c1,rbf_svm
CH0280,drake,1,1,0.44477535876257634,decision_margin,4,rbf_anova_c1,rbf_svm
CH0295,akon,1,0,-0.10100534095927038,decision_margin,4,rbf_anova_c1,rbf_svm
CH0301,rihanna,1,1,0.8529913976987167,decision_margin,4,rbf_anova_c1,rbf_svm
CH0309,rihanna,1,0,-0.6307937926719076,decision_margin,4,rbf_anova_c1,rbf_svm
CH0311,rihanna,1,1,0.7493482745320055,decision_margin,4,rbf_anova_c1,rbf_svm
CH0327,akon,1,1,0.7633466807648449,decision_margin,4,rbf_anova_c1,rbf_svm
CH0332,justin timberlake,1,0,-1.4049457520707092,decision_margin,4,rbf_anova_c1,rbf_svm
CH0338,justin timberlake,1,0,-0.9557659841602435,decision_margin,4,rbf_anova_c1,rbf_svm
CH0341,justin timberlake,1,1,0.9170794623265773,decision_margin,4,rbf_anova_c1,rbf_svm
CH0345,rihanna,1,0,-0.7210132444983384,decision_margin,4,rbf_anova_c1,rbf_svm
CH0347,justin timberlake,1,1,0.49226400814195226,decision_margin,4,rbf_anova_c1,rbf_svm
CH0352,rihanna,1,1,0.9631380194708059,decision_margin,4,rbf_anova_c1,rbf_svm
CH0355,rihanna,1,1,0.28453043525322463,decision_margin,4,rbf_anova_c1,rbf_svm
CH0441,the weeknd,0,0,-1.5365998201528648,decision_margin,4,rbf_anova_c1,rbf_svm
CH0442,the weeknd,0,0,-0.03243377744432774,decision_margin,4,rbf_anova_c1,rbf_svm
CH0443,the weeknd,0,1,0.2088107296009789,decision_margin,4,rbf_anova_c1,rbf_svm
CH0444,the weeknd,0,0,-0.4581726313325485,decision_margin,4,rbf_anova_c1,rbf_svm
CH0445,the weeknd,0,0,-0.4467043497390911,decision_margin,4,rbf_anova_c1,rbf_svm
CH0447,the weeknd,0,0,-0.963102319052267,decision_margin,4,rbf_anova_c1,rbf_svm
CH0448,the weeknd,0,1,0.0676584531292157,decision_margin,4,rbf_anova_c1,rbf_svm
CH0449,the weeknd,0,1,0.34767389738727605,decision_margin,4,rbf_anova_c1,rbf_svm
CH0450,the weeknd,0,0,-0.8248116256232925,decision_margin,4,rbf_anova_c1,rbf_svm
CH0451,the weeknd,0,0,-0.6588258318931464,decision_margin,4,rbf_anova_c1,rbf_svm
CH0469,imagine dragons,0,0,-0.7899677243290066,decision_margin,4,rbf_anova_c1,rbf_svm
CH0479,xxxtentacion,0,1,0.07629656984519645,decision_margin,4,rbf_anova_c1,rbf_svm
CH0484,drake,0,1,0.9997479661808352,decision_margin,4,rbf_anova_c1,rbf_svm
CH0490,drake,0,0,-0.6838346140874434,decision_margin,4,rbf_anova_c1,rbf_svm
CH0491,drake,0,0,-0.5779321037882452,decision_margin,4,rbf_anova_c1,rbf_svm
CH0495,xxxtentacion,0,0,-0.026886238532401296,decision_margin,4,rbf_anova_c1,rbf_svm
CH0502,xxxtentacion,0,0,-0.2421659708819105,decision_margin,4,rbf_anova_c1,rbf_svm
CH0512,drake,0,1,0.333934482818319,decision_margin,4,rbf_anova_c1,rbf_svm
CH0513,the weeknd,0,0,-0.05653426700193126,decision_margin,4,rbf_anova_c1,rbf_svm
CH0518,future,0,1,0.14510572405566927,decision_margin,4,rbf_anova_c1,rbf_svm
CH0519,the weeknd,0,1,0.5836679838282248,decision_margin,4,rbf_anova_c1,rbf_svm
CH0522,the weeknd,0,0,-0.2140541375579218,decision_margin,4,rbf_anova_c1,rbf_svm
CH0524,rihanna,0,0,-0.7313727606986009,decision_margin,4,rbf_anova_c1,rbf_svm
CH0530,drake,0,1,0.12359840308745917,decision_margin,4,rbf_anova_c1,rbf_svm
CH0531,drake,0,1,0.31292385061404937,decision_margin,4,rbf_anova_c1,rbf_svm
CH0535,the weeknd,0,1,0.45959897721246634,decision_margin,4,rbf_anova_c1,rbf_svm
CH0544,drake,0,0,-0.49363131691967244,decision_margin,4,rbf_anova_c1,rbf_svm
CH0562,future,0,1,0.13206303192556879,decision_margin,4,rbf_anova_c1,rbf_svm
CH0566,drake,0,0,-1.2887035618746163,decision_margin,4,rbf_anova_c1,rbf_svm
CH0567,imagine dragons,0,1,1.0234631983256706,decision_margin,4,rbf_anova_c1,rbf_svm
CH0568,drake,0,1,0.4347249377308451,decision_margin,4,rbf_anova_c1,rbf_svm
CH0570,drake,0,0,-0.8286415586294709,decision_margin,4,rbf_anova_c1,rbf_svm
CH0572,drake,0,1,0.43071681464030875,decision_margin,4,rbf_anova_c1,rbf_svm
CH0577,the weeknd,0,0,-0.364284802733821,decision_margin,4,rbf_anova_c1,rbf_svm
CH0583,pharrell williams,0,1,0.32880688523553564,decision_margin,4,rbf_anova_c1,rbf_svm
CH0588,imagine dragons,0,1,0.5250339689564173,decision_margin,4,rbf_anova_c1,rbf_svm
CH0591,drake,0,0,-0.3013931159109491,decision_margin,4,rbf_anova_c1,rbf_svm
CH0592,justin timberlake,0,1,0.3779766093353045,decision_margin,4,rbf_anova_c1,rbf_svm
CH0595,future,0,0,-0.4558565118610367,decision_margin,4,rbf_anova_c1,rbf_svm
CH0597,drake,0,0,-0.29913761426984153,decision_margin,4,rbf_anova_c1,rbf_svm
CH0602,rihanna,0,0,-0.6564194559815932,decision_margin,4,rbf_anova_c1,rbf_svm
CH0607,justin timberlake,0,1,0.015107855160146122,decision_margin,4,rbf_anova_c1,rbf_svm
CH0613,justin timberlake,0,0,-0.5964818118720137,decision_margin,4,rbf_anova_c1,rbf_svm
CH0614,future,0,1,1.0146273169149833,decision_margin,4,rbf_anova_c1,rbf_svm
CH0620,the weeknd,0,0,-0.3464397700078954,decision_margin,4,rbf_anova_c1,rbf_svm
CH0625,future,0,1,0.4873891487128689,decision_margin,4,rbf_anova_c1,rbf_svm
CH0642,drake,0,1,0.6909513895643804,decision_margin,4,rbf_anova_c1,rbf_svm
CH0644,drake,0,0,-0.10565338989297107,decision_margin,4,rbf_anova_c1,rbf_svm
CH0645,rihanna,0,1,0.47827364354330937,decision_margin,4,rbf_anova_c1,rbf_svm
CH0647,rihanna,0,1,0.8910947507922644,decision_margin,4,rbf_anova_c1,rbf_svm
CH0649,drake,0,0,-1.0188425013929354,decision_margin,4,rbf_anova_c1,rbf_svm
CH0659,akon,0,1,0.6858043455429074,decision_margin,4,rbf_anova_c1,rbf_svm
CH0674,rihanna,0,1,0.8896239696149216,decision_margin,4,rbf_anova_c1,rbf_svm
CH0698,rihanna,0,0,-0.6188845716225839,decision_margin,4,rbf_anova_c1,rbf_svm
CH0729,akon,0,1,0.4343447518717138,decision_margin,4,rbf_anova_c1,rbf_svm
CH0749,rihanna,0,0,-0.03611088522787226,decision_margin,4,rbf_anova_c1,rbf_svm
CH0001,the weeknd,1,1,0.15350482918760092,decision_margin,4,v3_hgb_leaves7_l210,hist_gradient_boosting
CH0019,drake,1,1,0.17843048573710105,decision_margin,4,v3_hgb_leaves7_l210,hist_gradient_boosting
CH0022,the weeknd,1,0,-0.32583879878372507,decision_margin,4,v3_hgb_leaves7_l210,hist_gradient_boosting
CH0030,the weeknd,1,0,-0.24749817589888015,decision_margin,4,v3_hgb_leaves7_l210,hist_gradient_boosting
CH0032,drake,1,1,0.17406037828392504,decision_margin,4,v3_hgb_leaves7_l210,hist_gradient_boosting
CH0071,drake,1,0,-0.38421648049180096,decision_margin,4,v3_hgb_leaves7_l210,hist_gradient_boosting
CH0073,drake,1,1,0.2428552917878571,decision_margin,4,v3_hgb_leaves7_l210,hist_gradient_boosting
CH0074,drake,1,0,-0.11685687172847065,decision_margin,4,v3_hgb_leaves7_l210,hist_gradient_boosting
CH0075,xxxtentacion,1,1,0.13846831990355438,decision_margin,4,v3_hgb_leaves7_l210,hist_gradient_boosting
CH0078,imagine dragons,1,1,0.034529539297719056,decision_margin,4,v3_hgb_leaves7_l210,hist_gradient_boosting
CH0081,imagine dragons,1,1,0.5526439104424216,decision_margin,4,v3_hgb_leaves7_l210,hist_gradient_boosting
CH0085,drake,1,0,-0.019154322923268033,decision_margin,4,v3_hgb_leaves7_l210,hist_gradient_boosting
CH0090,imagine dragons,1,0,-0.08828744295010171,decision_margin,4,v3_hgb_leaves7_l210,hist_gradient_boosting
CH0092,the weeknd,1,0,-0.19767609781180998,decision_margin,4,v3_hgb_leaves7_l210,hist_gradient_boosting
CH0093,drake,1,0,-0.30576217869489575,decision_margin,4,v3_hgb_leaves7_l210,hist_gradient_boosting
CH0094,xxxtentacion,1,0,-0.6528013714187615,decision_margin,4,v3_hgb_leaves7_l210,hist_gradient_boosting
CH0095,xxxtentacion,1,1,0.10835270497171423,decision_margin,4,v3_hgb_leaves7_l210,hist_gradient_boosting
CH0097,imagine dragons,1,1,0.036430299642801506,decision_margin,4,v3_hgb_leaves7_l210,hist_gradient_boosting
CH0100,future,1,0,-0.39902837468520724,decision_margin,4,v3_hgb_leaves7_l210,hist_gradient_boosting
CH0103,rihanna,1,0,-1.102915814515994,decision_margin,4,v3_hgb_leaves7_l210,hist_gradient_boosting
CH0104,drake,1,1,0.4683723712407785,decision_margin,4,v3_hgb_leaves7_l210,hist_gradient_boosting
CH0111,drake,1,0,-0.5206531676096496,decision_margin,4,v3_hgb_leaves7_l210,hist_gradient_boosting
CH0123,rihanna,1,0,-0.6110272869315156,decision_margin,4,v3_hgb_leaves7_l210,hist_gradient_boosting
CH0126,drake,1,0,-0.400921439210743,decision_margin,4,v3_hgb_leaves7_l210,hist_gradient_boosting
CH0129,the weeknd,1,0,-0.0615284833383124,decision_margin,4,v3_hgb_leaves7_l210,hist_gradient_boosting
CH0132,drake,1,1,0.45766376556125515,decision_margin,4,v3_hgb_leaves7_l210,hist_gradient_boosting
CH0135,the weeknd,1,0,-0.1927886274611451,decision_margin,4,v3_hgb_leaves7_l210,hist_gradient_boosting
CH0138,the weeknd,1,1,0.05770132318401407,decision_margin,4,v3_hgb_leaves7_l210,hist_gradient_boosting
CH0145,future,1,0,-0.588550163939648,decision_margin,4,v3_hgb_leaves7_l210,hist_gradient_boosting
CH0150,the weeknd,1,1,0.196242179427829,decision_margin,4,v3_hgb_leaves7_l210,hist_gradient_boosting
CH0158,rihanna,1,1,0.7370440001960662,decision_margin,4,v3_hgb_leaves7_l210,hist_gradient_boosting
CH0166,drake,1,0,-0.10061793465219371,decision_margin,4,v3_hgb_leaves7_l210,hist_gradient_boosting
CH0167,pharrell williams,1,1,0.2772254220906412,decision_margin,4,v3_hgb_leaves7_l210,hist_gradient_boosting
CH0168,imagine dragons,1,1,0.3720563895131065,decision_margin,4,v3_hgb_leaves7_l210,hist_gradient_boosting
CH0173,justin timberlake,1,0,-0.659081048914283,decision_margin,4,v3_hgb_leaves7_l210,hist_gradient_boosting
CH0176,imagine dragons,1,0,-0.05810664489653003,decision_margin,4,v3_hgb_leaves7_l210,hist_gradient_boosting
CH0179,drake,1,0,-0.6021968157720169,decision_margin,4,v3_hgb_leaves7_l210,hist_gradient_boosting
CH0180,justin timberlake,1,1,0.30384346219831404,decision_margin,4,v3_hgb_leaves7_l210,hist_gradient_boosting
CH0185,rihanna,1,0,-0.010452107795132953,decision_margin,4,v3_hgb_leaves7_l210,hist_gradient_boosting
CH0186,drake,1,1,0.7681681485787106,decision_margin,4,v3_hgb_leaves7_l210,hist_gradient_boosting
CH0190,imagine dragons,1,0,-0.021894751428260313,decision_margin,4,v3_hgb_leaves7_l210,hist_gradient_boosting
CH0195,rihanna,1,0,-0.014852062179861996,decision_margin,4,v3_hgb_leaves7_l210,hist_gradient_boosting
CH0206,rihanna,1,1,1.0164129263360784,decision_margin,4,v3_hgb_leaves7_l210,hist_gradient_boosting
CH0222,rihanna,1,0,-0.869713343258254,decision_margin,4,v3_hgb_leaves7_l210,hist_gradient_boosting
CH0226,rihanna,1,1,0.5413961561866669,decision_margin,4,v3_hgb_leaves7_l210,hist_gradient_boosting
CH0238,rihanna,1,1,0.049034172200476366,decision_margin,4,v3_hgb_leaves7_l210,hist_gradient_boosting
CH0248,rihanna,1,0,-1.2296961125452397,decision_margin,4,v3_hgb_leaves7_l210,hist_gradient_boosting
CH0249,drake,1,1,0.4645882928501515,decision_margin,4,v3_hgb_leaves7_l210,hist_gradient_boosting
CH0254,rihanna,1,0,-0.07857299575180815,decision_margin,4,v3_hgb_leaves7_l210,hist_gradient_boosting
CH0257,drake,1,0,-0.3291658281706833,decision_margin,4,v3_hgb_leaves7_l210,hist_gradient_boosting
CH0262,drake,1,0,-0.08622253158762408,decision_margin,4,v3_hgb_leaves7_l210,hist_gradient_boosting
CH0280,drake,1,0,-0.17915379041592364,decision_margin,4,v3_hgb_leaves7_l210,hist_gradient_boosting
CH0295,akon,1,1,0.34477302807307764,decision_margin,4,v3_hgb_leaves7_l210,hist_gradient_boosting
CH0301,rihanna,1,1,0.4644706729758734,decision_margin,4,v3_hgb_leaves7_l210,hist_gradient_boosting
CH0309,rihanna,1,0,-1.3943777572821956,decision_margin,4,v3_hgb_leaves7_l210,hist_gradient_boosting
CH0311,rihanna,1,1,0.22504995727779498,decision_margin,4,v3_hgb_leaves7_l210,hist_gradient_boosting
CH0327,akon,1,1,0.4779472642175849,decision_margin,4,v3_hgb_leaves7_l210,hist_gradient_boosting
CH0332,justin timberlake,1,0,-0.4576210887872379,decision_margin,4,v3_hgb_leaves7_l210,hist_gradient_boosting
CH0338,justin timberlake,1,0,-0.6734376511905632,decision_margin,4,v3_hgb_leaves7_l210,hist_gradient_boosting
CH0341,justin timberlake,1,1,0.39179590046038343,decision_margin,4,v3_hgb_leaves7_l210,hist_gradient_boosting
CH0345,rihanna,1,0,-0.8310981687119025,decision_margin,4,v3_hgb_leaves7_l210,hist_gradient_boosting
CH0347,justin timberlake,1,0,-0.4180186156175051,decision_margin,4,v3_hgb_leaves7_l210,hist_gradient_boosting
CH0352,rihanna,1,1,1.1230447070526384,decision_margin,4,v3_hgb_leaves7_l210,hist_gradient_boosting
CH0355,rihanna,1,1,0.5182626935284184,decision_margin,4,v3_hgb_leaves7_l210,hist_gradient_boosting
CH0441,the weeknd,0,0,-0.4131808448621725,decision_margin,4,v3_hgb_leaves7_l210,hist_gradient_boosting
CH0442,the weeknd,0,0,-1.2084635432836506,decision_margin,4,v3_hgb_leaves7_l210,hist_gradient_boosting
CH0443,the weeknd,0,1,0.014950778095316997,decision_margin,4,v3_hgb_leaves7_l210,hist_gradient_boosting
CH0444,the weeknd,0,1,0.1517342009633541,decision_margin,4,v3_hgb_leaves7_l210,hist_gradient_boosting
CH0445,the weeknd,0,0,-0.2783925393858152,decision_margin,4,v3_hgb_leaves7_l210,hist_gradient_boosting
CH0447,the weeknd,0,0,-0.33223331096596603,decision_margin,4,v3_hgb_leaves7_l210,hist_gradient_boosting
CH0448,the weeknd,0,0,-0.5002677361825203,decision_margin,4,v3_hgb_leaves7_l210,hist_gradient_boosting
CH0449,the weeknd,0,0,-0.7183370412156781,decision_margin,4,v3_hgb_leaves7_l210,hist_gradient_boosting
CH0450,the weeknd,0,0,-0.41624777334180557,decision_margin,4,v3_hgb_leaves7_l210,hist_gradient_boosting
CH0451,the weeknd,0,0,-0.021089784411926785,decision_margin,4,v3_hgb_leaves7_l210,hist_gradient_boosting
CH0469,imagine dragons,0,0,-0.5591740771236371,decision_margin,4,v3_hgb_leaves7_l210,hist_gradient_boosting
CH0479,xxxtentacion,0,0,-0.38713490658032573,decision_margin,4,v3_hgb_leaves7_l210,hist_gradient_boosting
CH0484,drake,0,1,0.25446434820136526,decision_margin,4,v3_hgb_leaves7_l210,hist_gradient_boosting
CH0490,drake,0,1,0.015587172719207598,decision_margin,4,v3_hgb_leaves7_l210,hist_gradient_boosting
CH0491,drake,0,0,-0.3204134066046584,decision_margin,4,v3_hgb_leaves7_l210,hist_gradient_boosting
CH0495,xxxtentacion,0,0,-0.3864714525525109,decision_margin,4,v3_hgb_leaves7_l210,hist_gradient_boosting
CH0502,xxxtentacion,0,0,-0.1434630588301193,decision_margin,4,v3_hgb_leaves7_l210,hist_gradient_boosting
CH0512,drake,0,0,-0.7645640741379207,decision_margin,4,v3_hgb_leaves7_l210,hist_gradient_boosting
CH0513,the weeknd,0,0,-0.5357507578381312,decision_margin,4,v3_hgb_leaves7_l210,hist_gradient_boosting
CH0518,future,0,1,0.20257761203129265,decision_margin,4,v3_hgb_leaves7_l210,hist_gradient_boosting
CH0519,the weeknd,0,0,-0.1287807667633548,decision_margin,4,v3_hgb_leaves7_l210,hist_gradient_boosting
CH0522,the weeknd,0,1,0.9874612330535117,decision_margin,4,v3_hgb_leaves7_l210,hist_gradient_boosting
CH0524,rihanna,0,1,0.16737480291898427,decision_margin,4,v3_hgb_leaves7_l210,hist_gradient_boosting
CH0530,drake,0,1,0.2447681903024348,decision_margin,4,v3_hgb_leaves7_l210,hist_gradient_boosting
CH0531,drake,0,1,0.9538609121993189,decision_margin,4,v3_hgb_leaves7_l210,hist_gradient_boosting
CH0535,the weeknd,0,1,0.18473925915394784,decision_margin,4,v3_hgb_leaves7_l210,hist_gradient_boosting
CH0544,drake,0,0,-0.4642873112515213,decision_margin,4,v3_hgb_leaves7_l210,hist_gradient_boosting
CH0562,future,0,1,0.5159711573779875,decision_margin,4,v3_hgb_leaves7_l210,hist_gradient_boosting
CH0566,drake,0,0,-0.5364476830288345,decision_margin,4,v3_hgb_leaves7_l210,hist_gradient_boosting
CH0567,imagine dragons,0,1,0.25522333829447336,decision_margin,4,v3_hgb_leaves7_l210,hist_gradient_boosting
CH0568,drake,0,1,0.42312658691456756,decision_margin,4,v3_hgb_leaves7_l210,hist_gradient_boosting
CH0570,drake,0,1,0.19055553328600938,decision_margin,4,v3_hgb_leaves7_l210,hist_gradient_boosting
CH0572,drake,0,1,0.5217999753555791,decision_margin,4,v3_hgb_leaves7_l210,hist_gradient_boosting
CH0577,the weeknd,0,0,-1.1946758230382584,decision_margin,4,v3_hgb_leaves7_l210,hist_gradient_boosting
CH0583,pharrell williams,0,1,0.13078890961702222,decision_margin,4,v3_hgb_leaves7_l210,hist_gradient_boosting
CH0588,imagine dragons,0,0,-0.4340118078695179,decision_margin,4,v3_hgb_leaves7_l210,hist_gradient_boosting
CH0591,drake,0,1,0.5788971852665885,decision_margin,4,v3_hgb_leaves7_l210,hist_gradient_boosting
CH0592,justin timberlake,0,1,0.12239773614294398,decision_margin,4,v3_hgb_leaves7_l210,hist_gradient_boosting
CH0595,future,0,1,0.03586556027816718,decision_margin,4,v3_hgb_leaves7_l210,hist_gradient_boosting
CH0597,drake,0,1,0.7731921874803465,decision_margin,4,v3_hgb_leaves7_l210,hist_gradient_boosting
CH0602,rihanna,0,0,-0.23998704065842413,decision_margin,4,v3_hgb_leaves7_l210,hist_gradient_boosting
CH0607,justin timberlake,0,1,0.5441208409750891,decision_margin,4,v3_hgb_leaves7_l210,hist_gradient_boosting
CH0613,justin timberlake,0,0,-0.9305160040311449,decision_margin,4,v3_hgb_leaves7_l210,hist_gradient_boosting
CH0614,future,0,1,0.7222366310908775,decision_margin,4,v3_hgb_leaves7_l210,hist_gradient_boosting
CH0620,the weeknd,0,0,-0.3299836985597329,decision_margin,4,v3_hgb_leaves7_l210,hist_gradient_boosting
CH0625,future,0,1,1.0146865818344002,decision_margin,4,v3_hgb_leaves7_l210,hist_gradient_boosting
CH0642,drake,0,0,-0.5347666254490816,decision_margin,4,v3_hgb_leaves7_l210,hist_gradient_boosting
CH0644,drake,0,0,-0.2315015436332521,decision_margin,4,v3_hgb_leaves7_l210,hist_gradient_boosting
CH0645,rihanna,0,0,-0.4378956233036996,decision_margin,4,v3_hgb_leaves7_l210,hist_gradient_boosting
CH0647,rihanna,0,1,0.2800701269296456,decision_margin,4,v3_hgb_leaves7_l210,hist_gradient_boosting
CH0649,drake,0,0,-1.016598118172779,decision_margin,4,v3_hgb_leaves7_l210,hist_gradient_boosting
CH0659,akon,0,1,0.43763304921544316,decision_margin,4,v3_hgb_leaves7_l210,hist_gradient_boosting
CH0674,rihanna,0,1,0.058035347552438776,decision_margin,4,v3_hgb_leaves7_l210,hist_gradient_boosting
CH0698,rihanna,0,0,-0.8917267730575038,decision_margin,4,v3_hgb_leaves7_l210,hist_gradient_boosting
CH0729,akon,0,0,-0.5438920720929914,decision_margin,4,v3_hgb_leaves7_l210,hist_gradient_boosting
CH0749,rihanna,0,0,-0.13775299050806686,decision_margin,4,v3_hgb_leaves7_l210,hist_gradient_boosting
CH0001,the weeknd,1,0,0.49562842712459315,uncalibrated_class_1_probability,4,v3_knn31_quantile_pca15,knn
CH0019,drake,1,0,0.4405717355910934,uncalibrated_class_1_probability,4,v3_knn31_quantile_pca15,knn
CH0022,the weeknd,1,1,0.5184328490430731,uncalibrated_class_1_probability,4,v3_knn31_quantile_pca15,knn
CH0030,the weeknd,1,1,0.5394293577969276,uncalibrated_class_1_probability,4,v3_knn31_quantile_pca15,knn
CH0032,drake,1,1,0.5162327893773865,uncalibrated_class_1_probability,4,v3_knn31_quantile_pca15,knn
CH0071,drake,1,0,0.4808423966508866,uncalibrated_class_1_probability,4,v3_knn31_quantile_pca15,knn
CH0073,drake,1,0,0.32341241378141566,uncalibrated_class_1_probability,4,v3_knn31_quantile_pca15,knn
CH0074,drake,1,0,0.36694177541500256,uncalibrated_class_1_probability,4,v3_knn31_quantile_pca15,knn
CH0075,xxxtentacion,1,1,0.5477692201755582,uncalibrated_class_1_probability,4,v3_knn31_quantile_pca15,knn
CH0078,imagine dragons,1,0,0.4732322275885092,uncalibrated_class_1_probability,4,v3_knn31_quantile_pca15,knn
CH0081,imagine dragons,1,1,0.5126099996725461,uncalibrated_class_1_probability,4,v3_knn31_quantile_pca15,knn
CH0085,drake,1,1,0.5233106336852728,uncalibrated_class_1_probability,4,v3_knn31_quantile_pca15,knn
CH0090,imagine dragons,1,1,0.5183724151266819,uncalibrated_class_1_probability,4,v3_knn31_quantile_pca15,knn
CH0092,the weeknd,1,1,0.5116672805507045,uncalibrated_class_1_probability,4,v3_knn31_quantile_pca15,knn
CH0093,drake,1,1,0.5114984771710226,uncalibrated_class_1_probability,4,v3_knn31_quantile_pca15,knn
CH0094,xxxtentacion,1,0,0.48850034199655434,uncalibrated_class_1_probability,4,v3_knn31_quantile_pca15,knn
CH0095,xxxtentacion,1,0,0.48325695095462456,uncalibrated_class_1_probability,4,v3_knn31_quantile_pca15,knn
CH0097,imagine dragons,1,1,0.6806420997830237,uncalibrated_class_1_probability,4,v3_knn31_quantile_pca15,knn
CH0100,future,1,0,0.43083602534553683,uncalibrated_class_1_probability,4,v3_knn31_quantile_pca15,knn
CH0103,rihanna,1,0,0.3724955571104419,uncalibrated_class_1_probability,4,v3_knn31_quantile_pca15,knn
CH0104,drake,1,0,0.48464382365086217,uncalibrated_class_1_probability,4,v3_knn31_quantile_pca15,knn
CH0111,drake,1,1,0.5523636148109091,uncalibrated_class_1_probability,4,v3_knn31_quantile_pca15,knn
CH0123,rihanna,1,0,0.31793638903588056,uncalibrated_class_1_probability,4,v3_knn31_quantile_pca15,knn
CH0126,drake,1,0,0.38833511130442516,uncalibrated_class_1_probability,4,v3_knn31_quantile_pca15,knn
CH0129,the weeknd,1,0,0.368599714838817,uncalibrated_class_1_probability,4,v3_knn31_quantile_pca15,knn
CH0132,drake,1,1,0.5001580576505353,uncalibrated_class_1_probability,4,v3_knn31_quantile_pca15,knn
CH0135,the weeknd,1,0,0.48568847417097855,uncalibrated_class_1_probability,4,v3_knn31_quantile_pca15,knn
CH0138,the weeknd,1,0,0.41994316336508675,uncalibrated_class_1_probability,4,v3_knn31_quantile_pca15,knn
CH0145,future,1,0,0.38873325983875723,uncalibrated_class_1_probability,4,v3_knn31_quantile_pca15,knn
CH0150,the weeknd,1,0,0.46458080433302507,uncalibrated_class_1_probability,4,v3_knn31_quantile_pca15,knn
CH0158,rihanna,1,1,0.6323386483428381,uncalibrated_class_1_probability,4,v3_knn31_quantile_pca15,knn
CH0166,drake,1,0,0.4609760889127547,uncalibrated_class_1_probability,4,v3_knn31_quantile_pca15,knn
CH0167,pharrell williams,1,0,0.3320425747958952,uncalibrated_class_1_probability,4,v3_knn31_quantile_pca15,knn
CH0168,imagine dragons,1,1,0.6304744892915314,uncalibrated_class_1_probability,4,v3_knn31_quantile_pca15,knn
CH0173,justin timberlake,1,0,0.3628162825008937,uncalibrated_class_1_probability,4,v3_knn31_quantile_pca15,knn
CH0176,imagine dragons,1,0,0.35752605454178205,uncalibrated_class_1_probability,4,v3_knn31_quantile_pca15,knn
CH0179,drake,1,0,0.26133699949284955,uncalibrated_class_1_probability,4,v3_knn31_quantile_pca15,knn
CH0180,justin timberlake,1,0,0.4853525613111208,uncalibrated_class_1_probability,4,v3_knn31_quantile_pca15,knn
CH0185,rihanna,1,0,0.4651064520880942,uncalibrated_class_1_probability,4,v3_knn31_quantile_pca15,knn
CH0186,drake,1,0,0.2956086643844126,uncalibrated_class_1_probability,4,v3_knn31_quantile_pca15,knn
CH0190,imagine dragons,1,0,0.4228768845302402,uncalibrated_class_1_probability,4,v3_knn31_quantile_pca15,knn
CH0195,rihanna,1,0,0.4600741519345757,uncalibrated_class_1_probability,4,v3_knn31_quantile_pca15,knn
CH0206,rihanna,1,0,0.4960553266514286,uncalibrated_class_1_probability,4,v3_knn31_quantile_pca15,knn
CH0222,rihanna,1,0,0.28769768254083133,uncalibrated_class_1_probability,4,v3_knn31_quantile_pca15,knn
CH0226,rihanna,1,1,0.5435693399361926,uncalibrated_class_1_probability,4,v3_knn31_quantile_pca15,knn
CH0238,rihanna,1,1,0.7101648161244521,uncalibrated_class_1_probability,4,v3_knn31_quantile_pca15,knn
CH0248,rihanna,1,0,0.35042413652107535,uncalibrated_class_1_probability,4,v3_knn31_quantile_pca15,knn
CH0249,drake,1,0,0.4310725784807127,uncalibrated_class_1_probability,4,v3_knn31_quantile_pca15,knn
CH0254,rihanna,1,0,0.40802476221230005,uncalibrated_class_1_probability,4,v3_knn31_quantile_pca15,knn
CH0257,drake,1,0,0.4230427739813644,uncalibrated_class_1_probability,4,v3_knn31_quantile_pca15,knn
CH0262,drake,1,0,0.3223143023466031,uncalibrated_class_1_probability,4,v3_knn31_quantile_pca15,knn
CH0280,drake,1,1,0.5519961273220038,uncalibrated_class_1_probability,4,v3_knn31_quantile_pca15,knn
CH0295,akon,1,1,0.5539889919900531,uncalibrated_class_1_probability,4,v3_knn31_quantile_pca15,knn
CH0301,rihanna,1,1,0.5362479095015747,uncalibrated_class_1_probability,4,v3_knn31_quantile_pca15,knn
CH0309,rihanna,1,1,0.5436568015116996,uncalibrated_class_1_probability,4,v3_knn31_quantile_pca15,knn
CH0311,rihanna,1,1,0.5068963470184907,uncalibrated_class_1_probability,4,v3_knn31_quantile_pca15,knn
CH0327,akon,1,0,0.4554378143815869,uncalibrated_class_1_probability,4,v3_knn31_quantile_pca15,knn
CH0332,justin timberlake,1,0,0.49048293430144513,uncalibrated_class_1_probability,4,v3_knn31_quantile_pca15,knn
CH0338,justin timberlake,1,0,0.4002456456870823,uncalibrated_class_1_probability,4,v3_knn31_quantile_pca15,knn
CH0341,justin timberlake,1,1,0.5926055658557345,uncalibrated_class_1_probability,4,v3_knn31_quantile_pca15,knn
CH0345,rihanna,1,1,0.5237489402769049,uncalibrated_class_1_probability,4,v3_knn31_quantile_pca15,knn
CH0347,justin timberlake,1,0,0.41129220284385304,uncalibrated_class_1_probability,4,v3_knn31_quantile_pca15,knn
CH0352,rihanna,1,1,0.5416303754276401,uncalibrated_class_1_probability,4,v3_knn31_quantile_pca15,knn
CH0355,rihanna,1,1,0.5497756556853465,uncalibrated_class_1_probability,4,v3_knn31_quantile_pca15,knn
CH0441,the weeknd,0,0,0.39636250182372756,uncalibrated_class_1_probability,4,v3_knn31_quantile_pca15,knn
CH0442,the weeknd,0,0,0.38144307618607737,uncalibrated_class_1_probability,4,v3_knn31_quantile_pca15,knn
CH0443,the weeknd,0,1,0.5227173459270318,uncalibrated_class_1_probability,4,v3_knn31_quantile_pca15,knn
CH0444,the weeknd,0,0,0.439142655666117,uncalibrated_class_1_probability,4,v3_knn31_quantile_pca15,knn
CH0445,the weeknd,0,0,0.4529770193886198,uncalibrated_class_1_probability,4,v3_knn31_quantile_pca15,knn
CH0447,the weeknd,0,0,0.25870687065499315,uncalibrated_class_1_probability,4,v3_knn31_quantile_pca15,knn
CH0448,the weeknd,0,0,0.34597674632847647,uncalibrated_class_1_probability,4,v3_knn31_quantile_pca15,knn
CH0449,the weeknd,0,0,0.4876133600026715,uncalibrated_class_1_probability,4,v3_knn31_quantile_pca15,knn
CH0450,the weeknd,0,1,0.5568820628745519,uncalibrated_class_1_probability,4,v3_knn31_quantile_pca15,knn
CH0451,the weeknd,0,0,0.36330677595233807,uncalibrated_class_1_probability,4,v3_knn31_quantile_pca15,knn
CH0469,imagine dragons,0,0,0.38999596385858587,uncalibrated_class_1_probability,4,v3_knn31_quantile_pca15,knn
CH0479,xxxtentacion,0,0,0.399540784295207,uncalibrated_class_1_probability,4,v3_knn31_quantile_pca15,knn
CH0484,drake,0,0,0.4497318762794805,uncalibrated_class_1_probability,4,v3_knn31_quantile_pca15,knn
CH0490,drake,0,0,0.45942772388306685,uncalibrated_class_1_probability,4,v3_knn31_quantile_pca15,knn
CH0491,drake,0,1,0.5488798191939174,uncalibrated_class_1_probability,4,v3_knn31_quantile_pca15,knn
CH0495,xxxtentacion,0,0,0.49853476034955757,uncalibrated_class_1_probability,4,v3_knn31_quantile_pca15,knn
CH0502,xxxtentacion,0,0,0.4205049733376029,uncalibrated_class_1_probability,4,v3_knn31_quantile_pca15,knn
CH0512,drake,0,0,0.4779806551214038,uncalibrated_class_1_probability,4,v3_knn31_quantile_pca15,knn
CH0513,the weeknd,0,0,0.31285074417533176,uncalibrated_class_1_probability,4,v3_knn31_quantile_pca15,knn
CH0518,future,0,0,0.4330356689283503,uncalibrated_class_1_probability,4,v3_knn31_quantile_pca15,knn
CH0519,the weeknd,0,0,0.44976623748874706,uncalibrated_class_1_probability,4,v3_knn31_quantile_pca15,knn
CH0522,the weeknd,0,0,0.3917340326817847,uncalibrated_class_1_probability,4,v3_knn31_quantile_pca15,knn
CH0524,rihanna,0,0,0.4810390082707191,uncalibrated_class_1_probability,4,v3_knn31_quantile_pca15,knn
CH0530,drake,0,0,0.4185084542126036,uncalibrated_class_1_probability,4,v3_knn31_quantile_pca15,knn
CH0531,drake,0,0,0.3973820274900284,uncalibrated_class_1_probability,4,v3_knn31_quantile_pca15,knn
CH0535,the weeknd,0,0,0.4229283444054992,uncalibrated_class_1_probability,4,v3_knn31_quantile_pca15,knn
CH0544,drake,0,0,0.42669221776556204,uncalibrated_class_1_probability,4,v3_knn31_quantile_pca15,knn
CH0562,future,0,0,0.4409044910200061,uncalibrated_class_1_probability,4,v3_knn31_quantile_pca15,knn
CH0566,drake,0,0,0.3753128698895231,uncalibrated_class_1_probability,4,v3_knn31_quantile_pca15,knn
CH0567,imagine dragons,0,1,0.6242563183863016,uncalibrated_class_1_probability,4,v3_knn31_quantile_pca15,knn
CH0568,drake,0,1,0.6441819068825357,uncalibrated_class_1_probability,4,v3_knn31_quantile_pca15,knn
CH0570,drake,0,0,0.4515209348898486,uncalibrated_class_1_probability,4,v3_knn31_quantile_pca15,knn
CH0572,drake,0,0,0.46609778233795557,uncalibrated_class_1_probability,4,v3_knn31_quantile_pca15,knn
CH0577,the weeknd,0,0,0.4049894276649648,uncalibrated_class_1_probability,4,v3_knn31_quantile_pca15,knn
CH0583,pharrell williams,0,0,0.3485654639097584,uncalibrated_class_1_probability,4,v3_knn31_quantile_pca15,knn
CH0588,imagine dragons,0,0,0.41063608694871423,uncalibrated_class_1_probability,4,v3_knn31_quantile_pca15,knn
CH0591,drake,0,1,0.567178940214954,uncalibrated_class_1_probability,4,v3_knn31_quantile_pca15,knn
CH0592,justin timberlake,0,0,0.4519195215545259,uncalibrated_class_1_probability,4,v3_knn31_quantile_pca15,knn
CH0595,future,0,0,0.4243201705341424,uncalibrated_class_1_probability,4,v3_knn31_quantile_pca15,knn
CH0597,drake,0,0,0.4856672764877714,uncalibrated_class_1_probability,4,v3_knn31_quantile_pca15,knn
CH0602,rihanna,0,0,0.42486952943588924,uncalibrated_class_1_probability,4,v3_knn31_quantile_pca15,knn
CH0607,justin timberlake,0,1,0.5817041215292981,uncalibrated_class_1_probability,4,v3_knn31_quantile_pca15,knn
CH0613,justin timberlake,0,0,0.4452788803472022,uncalibrated_class_1_probability,4,v3_knn31_quantile_pca15,knn
CH0614,future,0,0,0.38932392852792114,uncalibrated_class_1_probability,4,v3_knn31_quantile_pca15,knn
CH0620,the weeknd,0,0,0.4816812904615746,uncalibrated_class_1_probability,4,v3_knn31_quantile_pca15,knn
CH0625,future,0,1,0.6617634122830379,uncalibrated_class_1_probability,4,v3_knn31_quantile_pca15,knn
CH0642,drake,0,0,0.4802449590980827,uncalibrated_class_1_probability,4,v3_knn31_quantile_pca15,knn
CH0644,drake,0,0,0.357963280996444,uncalibrated_class_1_probability,4,v3_knn31_quantile_pca15,knn
CH0645,rihanna,0,0,0.42676139599122037,uncalibrated_class_1_probability,4,v3_knn31_quantile_pca15,knn
CH0647,rihanna,0,1,0.5107618770168841,uncalibrated_class_1_probability,4,v3_knn31_quantile_pca15,knn
CH0649,drake,0,0,0.4380252307068135,uncalibrated_class_1_probability,4,v3_knn31_quantile_pca15,knn
CH0659,akon,0,1,0.6403523276952865,uncalibrated_class_1_probability,4,v3_knn31_quantile_pca15,knn
CH0674,rihanna,0,1,0.591696952292782,uncalibrated_class_1_probability,4,v3_knn31_quantile_pca15,knn
CH0698,rihanna,0,0,0.4740821445687842,uncalibrated_class_1_probability,4,v3_knn31_quantile_pca15,knn
CH0729,akon,0,0,0.4869151190526668,uncalibrated_class_1_probability,4,v3_knn31_quantile_pca15,knn
CH0749,rihanna,0,0,0.4523590107636881,uncalibrated_class_1_probability,4,v3_knn31_quantile_pca15,knn
CH0001,the weeknd,1,1,5.536742036835346,decision_margin,4,v3_lda_quantile_all,lda
CH0019,drake,1,0,-2.599064567111287,decision_margin,4,v3_lda_quantile_all,lda
CH0022,the weeknd,1,0,-4.219372596867688,decision_margin,4,v3_lda_quantile_all,lda
CH0030,the weeknd,1,1,0.31113514145906107,decision_margin,4,v3_lda_quantile_all,lda
CH0032,drake,1,1,6.402093171430257,decision_margin,4,v3_lda_quantile_all,lda
CH0071,drake,1,0,-0.23663705633973553,decision_margin,4,v3_lda_quantile_all,lda
CH0073,drake,1,0,-2.8810018976734875,decision_margin,4,v3_lda_quantile_all,lda
CH0074,drake,1,0,-0.23210818825381008,decision_margin,4,v3_lda_quantile_all,lda
CH0075,xxxtentacion,1,1,0.06166930353585087,decision_margin,4,v3_lda_quantile_all,lda
CH0078,imagine dragons,1,1,1.0797620196560271,decision_margin,4,v3_lda_quantile_all,lda
CH0081,imagine dragons,1,1,4.779541243296804,decision_margin,4,v3_lda_quantile_all,lda
CH0085,drake,1,1,5.009300071660162,decision_margin,4,v3_lda_quantile_all,lda
CH0090,imagine dragons,1,1,3.3079606740863623,decision_margin,4,v3_lda_quantile_all,lda
CH0092,the weeknd,1,0,-3.8164486748750606,decision_margin,4,v3_lda_quantile_all,lda
CH0093,drake,1,0,-3.395756769408381,decision_margin,4,v3_lda_quantile_all,lda
CH0094,xxxtentacion,1,0,-4.694331857733997,decision_margin,4,v3_lda_quantile_all,lda
CH0095,xxxtentacion,1,0,-3.363128128682796,decision_margin,4,v3_lda_quantile_all,lda
CH0097,imagine dragons,1,1,6.166053909218659,decision_margin,4,v3_lda_quantile_all,lda
CH0100,future,1,0,-0.4230260624851656,decision_margin,4,v3_lda_quantile_all,lda
CH0103,rihanna,1,0,-2.3647742042259954,decision_margin,4,v3_lda_quantile_all,lda
CH0104,drake,1,1,11.251788597377384,decision_margin,4,v3_lda_quantile_all,lda
CH0111,drake,1,1,0.12090643269899681,decision_margin,4,v3_lda_quantile_all,lda
CH0123,rihanna,1,0,-3.30269498321433,decision_margin,4,v3_lda_quantile_all,lda
CH0126,drake,1,0,-1.8282821043305972,decision_margin,4,v3_lda_quantile_all,lda
CH0129,the weeknd,1,0,-1.438974947216703,decision_margin,4,v3_lda_quantile_all,lda
CH0132,drake,1,1,4.687479504933318,decision_margin,4,v3_lda_quantile_all,lda
CH0135,the weeknd,1,0,-0.27627543645176367,decision_margin,4,v3_lda_quantile_all,lda
CH0138,the weeknd,1,1,3.122385887505331,decision_margin,4,v3_lda_quantile_all,lda
CH0145,future,1,1,0.34037052383198096,decision_margin,4,v3_lda_quantile_all,lda
CH0150,the weeknd,1,1,2.7465644730363517,decision_margin,4,v3_lda_quantile_all,lda
CH0158,rihanna,1,0,-0.15928690309689042,decision_margin,4,v3_lda_quantile_all,lda
CH0166,drake,1,0,-2.697793821291561,decision_margin,4,v3_lda_quantile_all,lda
CH0167,pharrell williams,1,1,0.045153958586904075,decision_margin,4,v3_lda_quantile_all,lda
CH0168,imagine dragons,1,1,1.3357388155574532,decision_margin,4,v3_lda_quantile_all,lda
CH0173,justin timberlake,1,1,3.798989248669403,decision_margin,4,v3_lda_quantile_all,lda
CH0176,imagine dragons,1,1,3.5663671557333947,decision_margin,4,v3_lda_quantile_all,lda
CH0179,drake,1,1,2.8217448555002376,decision_margin,4,v3_lda_quantile_all,lda
CH0180,justin timberlake,1,0,-4.062959588269374,decision_margin,4,v3_lda_quantile_all,lda
CH0185,rihanna,1,0,-2.3766397444760994,decision_margin,4,v3_lda_quantile_all,lda
CH0186,drake,1,0,-1.2011530639981425,decision_margin,4,v3_lda_quantile_all,lda
CH0190,imagine dragons,1,0,-5.161238297763619,decision_margin,4,v3_lda_quantile_all,lda
CH0195,rihanna,1,1,4.026765459801565,decision_margin,4,v3_lda_quantile_all,lda
CH0206,rihanna,1,1,6.134065207970121,decision_margin,4,v3_lda_quantile_all,lda
CH0222,rihanna,1,1,0.640635009568344,decision_margin,4,v3_lda_quantile_all,lda
CH0226,rihanna,1,1,1.6656927140967044,decision_margin,4,v3_lda_quantile_all,lda
CH0238,rihanna,1,1,1.8708823510264985,decision_margin,4,v3_lda_quantile_all,lda
CH0248,rihanna,1,0,-5.0495440512875485,decision_margin,4,v3_lda_quantile_all,lda
CH0249,drake,1,0,-0.13754917445119386,decision_margin,4,v3_lda_quantile_all,lda
CH0254,rihanna,1,0,-0.6715783144197343,decision_margin,4,v3_lda_quantile_all,lda
CH0257,drake,1,1,4.281420063232435,decision_margin,4,v3_lda_quantile_all,lda
CH0262,drake,1,0,-3.7448804845434465,decision_margin,4,v3_lda_quantile_all,lda
CH0280,drake,1,1,1.9005864426626058,decision_margin,4,v3_lda_quantile_all,lda
CH0295,akon,1,0,-0.7060252164711223,decision_margin,4,v3_lda_quantile_all,lda
CH0301,rihanna,1,0,-0.056884898709681275,decision_margin,4,v3_lda_quantile_all,lda
CH0309,rihanna,1,0,-3.4034352037311155,decision_margin,4,v3_lda_quantile_all,lda
CH0311,rihanna,1,1,0.3476738065953229,decision_margin,4,v3_lda_quantile_all,lda
CH0327,akon,1,1,2.0606822376466507,decision_margin,4,v3_lda_quantile_all,lda
CH0332,justin timberlake,1,0,-2.215274179036826,decision_margin,4,v3_lda_quantile_all,lda
CH0338,justin timberlake,1,0,-2.582626553439437,decision_margin,4,v3_lda_quantile_all,lda
CH0341,justin timberlake,1,0,-0.23214843585511824,decision_margin,4,v3_lda_quantile_all,lda
CH0345,rihanna,1,0,-2.8869451765637417,decision_margin,4,v3_lda_quantile_all,lda
CH0347,justin timberlake,1,0,-2.587263160947588,decision_margin,4,v3_lda_quantile_all,lda
CH0352,rihanna,1,1,7.2461005805445,decision_margin,4,v3_lda_quantile_all,lda
CH0355,rihanna,1,0,-0.4488410150298887,decision_margin,4,v3_lda_quantile_all,lda
CH0441,the weeknd,0,0,-3.5787781402256846,decision_margin,4,v3_lda_quantile_all,lda
CH0442,the weeknd,0,0,-15.459221828263866,decision_margin,4,v3_lda_quantile_all,lda
CH0443,the weeknd,0,1,2.992096041220978,decision_margin,4,v3_lda_quantile_all,lda
CH0444,the weeknd,0,0,-1.2826474762139723,decision_margin,4,v3_lda_quantile_all,lda
CH0445,the weeknd,0,0,-0.5866295972020925,decision_margin,4,v3_lda_quantile_all,lda
CH0447,the weeknd,0,0,-2.5385091076369797,decision_margin,4,v3_lda_quantile_all,lda
CH0448,the weeknd,0,1,0.3220606015912191,decision_margin,4,v3_lda_quantile_all,lda
CH0449,the weeknd,0,0,-5.319856276455138,decision_margin,4,v3_lda_quantile_all,lda
CH0450,the weeknd,0,1,1.5669680061685014,decision_margin,4,v3_lda_quantile_all,lda
CH0451,the weeknd,0,1,4.748019533606804,decision_margin,4,v3_lda_quantile_all,lda
CH0469,imagine dragons,0,0,-3.2520808568460082,decision_margin,4,v3_lda_quantile_all,lda
CH0479,xxxtentacion,0,1,6.902996085798906,decision_margin,4,v3_lda_quantile_all,lda
CH0484,drake,0,0,-2.168040045172275,decision_margin,4,v3_lda_quantile_all,lda
CH0490,drake,0,0,-0.09469966409721176,decision_margin,4,v3_lda_quantile_all,lda
CH0491,drake,0,0,-1.4425726507233678,decision_margin,4,v3_lda_quantile_all,lda
CH0495,xxxtentacion,0,1,6.237700797439437,decision_margin,4,v3_lda_quantile_all,lda
CH0502,xxxtentacion,0,1,3.764902337233573,decision_margin,4,v3_lda_quantile_all,lda
CH0512,drake,0,1,0.8149318144717514,decision_margin,4,v3_lda_quantile_all,lda
CH0513,the weeknd,0,0,-0.19335583026901904,decision_margin,4,v3_lda_quantile_all,lda
CH0518,future,0,0,-4.155432110546927,decision_margin,4,v3_lda_quantile_all,lda
CH0519,the weeknd,0,1,0.5365301521854455,decision_margin,4,v3_lda_quantile_all,lda
CH0522,the weeknd,0,1,3.8745768508747522,decision_margin,4,v3_lda_quantile_all,lda
CH0524,rihanna,0,0,-0.5766731558368252,decision_margin,4,v3_lda_quantile_all,lda
CH0530,drake,0,1,0.7661496072802123,decision_margin,4,v3_lda_quantile_all,lda
CH0531,drake,0,1,3.816341883589036,decision_margin,4,v3_lda_quantile_all,lda
CH0535,the weeknd,0,1,0.6019644473420742,decision_margin,4,v3_lda_quantile_all,lda
CH0544,drake,0,1,1.1381009326983795,decision_margin,4,v3_lda_quantile_all,lda
CH0562,future,0,1,1.6002065004659047,decision_margin,4,v3_lda_quantile_all,lda
CH0566,drake,0,0,-0.044476904308122345,decision_margin,4,v3_lda_quantile_all,lda
CH0567,imagine dragons,0,1,5.528842982422256,decision_margin,4,v3_lda_quantile_all,lda
CH0568,drake,0,1,5.5854926556342335,decision_margin,4,v3_lda_quantile_all,lda
CH0570,drake,0,1,2.3950031487770342,decision_margin,4,v3_lda_quantile_all,lda
CH0572,drake,0,1,3.8026166933535164,decision_margin,4,v3_lda_quantile_all,lda
CH0577,the weeknd,0,0,-1.097845628986188,decision_margin,4,v3_lda_quantile_all,lda
CH0583,pharrell williams,0,1,2.4644854623712664,decision_margin,4,v3_lda_quantile_all,lda
CH0588,imagine dragons,0,0,-1.4580211352100774,decision_margin,4,v3_lda_quantile_all,lda
CH0591,drake,0,1,2.2242353537751303,decision_margin,4,v3_lda_quantile_all,lda
CH0592,justin timberlake,0,1,3.3592559180660384,decision_margin,4,v3_lda_quantile_all,lda
CH0595,future,0,1,2.8988994101240015,decision_margin,4,v3_lda_quantile_all,lda
CH0597,drake,0,0,-2.1297046619917124,decision_margin,4,v3_lda_quantile_all,lda
CH0602,rihanna,0,0,-3.428883979965202,decision_margin,4,v3_lda_quantile_all,lda
CH0607,justin timberlake,0,1,1.0306878627319183,decision_margin,4,v3_lda_quantile_all,lda
CH0613,justin timberlake,0,0,-2.694361685501494,decision_margin,4,v3_lda_quantile_all,lda
CH0614,future,0,1,2.3415889967034467,decision_margin,4,v3_lda_quantile_all,lda
CH0620,the weeknd,0,1,1.9971881716314401,decision_margin,4,v3_lda_quantile_all,lda
CH0625,future,0,1,4.604864276656793,decision_margin,4,v3_lda_quantile_all,lda
CH0642,drake,0,1,0.8056278609557586,decision_margin,4,v3_lda_quantile_all,lda
CH0644,drake,0,0,-5.516792745138405,decision_margin,4,v3_lda_quantile_all,lda
CH0645,rihanna,0,1,2.7571008350383153,decision_margin,4,v3_lda_quantile_all,lda
CH0647,rihanna,0,1,5.046304893849386,decision_margin,4,v3_lda_quantile_all,lda
CH0649,drake,0,1,0.9702152980872039,decision_margin,4,v3_lda_quantile_all,lda
CH0659,akon,0,0,-0.8439356391091062,decision_margin,4,v3_lda_quantile_all,lda
CH0674,rihanna,0,0,-1.4075399149718368,decision_margin,4,v3_lda_quantile_all,lda
CH0698,rihanna,0,0,-5.6080808662468815,decision_margin,4,v3_lda_quantile_all,lda
CH0729,akon,0,0,-2.2578133188577905,decision_margin,4,v3_lda_quantile_all,lda
CH0749,rihanna,0,0,-2.149871113332932,decision_margin,4,v3_lda_quantile_all,lda
CH0001,the weeknd,1,0,-0.15840686067058557,decision_margin,4,v4_lr_std74_standard_0.03,logistic
CH0019,drake,1,1,0.7840250473409284,decision_margin,4,v4_lr_std74_standard_0.03,logistic
CH0022,the weeknd,1,1,0.4284444067587826,decision_margin,4,v4_lr_std74_standard_0.03,logistic
CH0030,the weeknd,1,1,0.1344182183038374,decision_margin,4,v4_lr_std74_standard_0.03,logistic
CH0032,drake,1,1,1.5233300017626932,decision_margin,4,v4_lr_std74_standard_0.03,logistic
CH0071,drake,1,0,-0.3273349892885656,decision_margin,4,v4_lr_std74_standard_0.03,logistic
CH0073,drake,1,1,0.5957596267950581,decision_margin,4,v4_lr_std74_standard_0.03,logistic
CH0074,drake,1,1,0.8762658041979929,decision_margin,4,v4_lr_std74_standard_0.03,logistic
CH0075,xxxtentacion,1,1,0.11459818319068182,decision_margin,4,v4_lr_std74_standard_0.03,logistic
CH0078,imagine dragons,1,0,-0.9071596308073581,decision_margin,4,v4_lr_std74_standard_0.03,logistic
CH0081,imagine dragons,1,1,1.5123497172309661,decision_margin,4,v4_lr_std74_standard_0.03,logistic
CH0085,drake,1,1,0.16561232810362658,decision_margin,4,v4_lr_std74_standard_0.03,logistic
CH0090,imagine dragons,1,1,0.38606669446714914,decision_margin,4,v4_lr_std74_standard_0.03,logistic
CH0092,the weeknd,1,0,-1.1572826087503578,decision_margin,4,v4_lr_std74_standard_0.03,logistic
CH0093,drake,1,1,0.6027886777909042,decision_margin,4,v4_lr_std74_standard_0.03,logistic
CH0094,xxxtentacion,1,0,-1.1900653956726455,decision_margin,4,v4_lr_std74_standard_0.03,logistic
CH0095,xxxtentacion,1,0,-0.5659700219842119,decision_margin,4,v4_lr_std74_standard_0.03,logistic
CH0097,imagine dragons,1,1,0.7223043553568669,decision_margin,4,v4_lr_std74_standard_0.03,logistic
CH0100,future,1,1,0.6830900153843132,decision_margin,4,v4_lr_std74_standard_0.03,logistic
CH0103,rihanna,1,0,-0.8741672985589617,decision_margin,4,v4_lr_std74_standard_0.03,logistic
CH0104,drake,1,1,1.4109125397536584,decision_margin,4,v4_lr_std74_standard_0.03,logistic
CH0111,drake,1,1,0.6726464303612082,decision_margin,4,v4_lr_std74_standard_0.03,logistic
CH0123,rihanna,1,0,-0.2596029522348945,decision_margin,4,v4_lr_std74_standard_0.03,logistic
CH0126,drake,1,1,0.11242928601917634,decision_margin,4,v4_lr_std74_standard_0.03,logistic
CH0129,the weeknd,1,0,-0.48940381871861016,decision_margin,4,v4_lr_std74_standard_0.03,logistic
CH0132,drake,1,1,1.0514679844506971,decision_margin,4,v4_lr_std74_standard_0.03,logistic
CH0135,the weeknd,1,0,-0.3023354991963084,decision_margin,4,v4_lr_std74_standard_0.03,logistic
CH0138,the weeknd,1,1,0.011370833564894444,decision_margin,4,v4_lr_std74_standard_0.03,logistic
CH0145,future,1,1,0.9053383038214022,decision_margin,4,v4_lr_std74_standard_0.03,logistic
CH0150,the weeknd,1,1,0.5596979679111169,decision_margin,4,v4_lr_std74_standard_0.03,logistic
CH0158,rihanna,1,1,0.3692938410236235,decision_margin,4,v4_lr_std74_standard_0.03,logistic
CH0166,drake,1,1,0.20131353276364988,decision_margin,4,v4_lr_std74_standard_0.03,logistic
CH0167,pharrell williams,1,1,0.10467897699046802,decision_margin,4,v4_lr_std74_standard_0.03,logistic
CH0168,imagine dragons,1,1,0.5483492888715948,decision_margin,4,v4_lr_std74_standard_0.03,logistic
CH0173,justin timberlake,1,1,0.030425113757515606,decision_margin,4,v4_lr_std74_standard_0.03,logistic
CH0176,imagine dragons,1,0,-0.06627475705235356,decision_margin,4,v4_lr_std74_standard_0.03,logistic
CH0179,drake,1,1,0.14338803599185185,decision_margin,4,v4_lr_std74_standard_0.03,logistic
CH0180,justin timberlake,1,0,-0.87945799387776,decision_margin,4,v4_lr_std74_standard_0.03,logistic
CH0185,rihanna,1,0,-0.4171023439475101,decision_margin,4,v4_lr_std74_standard_0.03,logistic
CH0186,drake,1,0,-0.7448978121325088,decision_margin,4,v4_lr_std74_standard_0.03,logistic
CH0190,imagine dragons,1,0,-0.3653155638687864,decision_margin,4,v4_lr_std74_standard_0.03,logistic
CH0195,rihanna,1,1,0.8193737530575156,decision_margin,4,v4_lr_std74_standard_0.03,logistic
CH0206,rihanna,1,1,1.2233983833449122,decision_margin,4,v4_lr_std74_standard_0.03,logistic
CH0222,rihanna,1,0,-0.02409750954782142,decision_margin,4,v4_lr_std74_standard_0.03,logistic
CH0226,rihanna,1,1,0.47322033161480503,decision_margin,4,v4_lr_std74_standard_0.03,logistic
CH0238,rihanna,1,1,0.5694217246379515,decision_margin,4,v4_lr_std74_standard_0.03,logistic
CH0248,rihanna,1,0,-0.45158605381980454,decision_margin,4,v4_lr_std74_standard_0.03,logistic
CH0249,drake,1,1,0.88648146575582,decision_margin,4,v4_lr_std74_standard_0.03,logistic
CH0254,rihanna,1,1,0.239936784900051,decision_margin,4,v4_lr_std74_standard_0.03,logistic
CH0257,drake,1,1,0.7661103116033572,decision_margin,4,v4_lr_std74_standard_0.03,logistic
CH0262,drake,1,0,-0.7875766947266857,decision_margin,4,v4_lr_std74_standard_0.03,logistic
CH0280,drake,1,0,-0.04821173209486662,decision_margin,4,v4_lr_std74_standard_0.03,logistic
CH0295,akon,1,0,-0.23105512312336357,decision_margin,4,v4_lr_std74_standard_0.03,logistic
CH0301,rihanna,1,1,0.5826557922950306,decision_margin,4,v4_lr_std74_standard_0.03,logistic
CH0309,rihanna,1,0,-1.3892085865932593,decision_margin,4,v4_lr_std74_standard_0.03,logistic
CH0311,rihanna,1,1,0.6559740194757668,decision_margin,4,v4_lr_std74_standard_0.03,logistic
CH0327,akon,1,1,0.4514482864951166,decision_margin,4,v4_lr_std74_standard_0.03,logistic
CH0332,justin timberlake,1,1,0.6004530867353143,decision_margin,4,v4_lr_std74_standard_0.03,logistic
CH0338,justin timberlake,1,0,-0.19047179785663437,decision_margin,4,v4_lr_std74_standard_0.03,logistic
CH0341,justin timberlake,1,1,1.5707267251923271,decision_margin,4,v4_lr_std74_standard_0.03,logistic
CH0345,rihanna,1,1,0.1312830284585611,decision_margin,4,v4_lr_std74_standard_0.03,logistic
CH0347,justin timberlake,1,1,0.6313794551073293,decision_margin,4,v4_lr_std74_standard_0.03,logistic
CH0352,rihanna,1,1,1.082972828513772,decision_margin,4,v4_lr_std74_standard_0.03,logistic
CH0355,rihanna,1,1,0.32109412373957885,decision_margin,4,v4_lr_std74_standard_0.03,logistic
CH0441,the weeknd,0,0,-0.15348101745549736,decision_margin,4,v4_lr_std74_standard_0.03,logistic
CH0442,the weeknd,0,0,-1.6336196992967187,decision_margin,4,v4_lr_std74_standard_0.03,logistic
CH0443,the weeknd,0,1,0.45152500420170905,decision_margin,4,v4_lr_std74_standard_0.03,logistic
CH0444,the weeknd,0,0,-1.3961687215425411,decision_margin,4,v4_lr_std74_standard_0.03,logistic
CH0445,the weeknd,0,0,-0.13807937872649567,decision_margin,4,v4_lr_std74_standard_0.03,logistic
CH0447,the weeknd,0,0,-1.2977262841320383,decision_margin,4,v4_lr_std74_standard_0.03,logistic
CH0448,the weeknd,0,0,-1.1558836168704154,decision_margin,4,v4_lr_std74_standard_0.03,logistic
CH0449,the weeknd,0,0,-0.5509411642572795,decision_margin,4,v4_lr_std74_standard_0.03,logistic
CH0450,the weeknd,0,1,0.31242595014649127,decision_margin,4,v4_lr_std74_standard_0.03,logistic
CH0451,the weeknd,0,0,-0.46944581032462745,decision_margin,4,v4_lr_std74_standard_0.03,logistic
CH0469,imagine dragons,0,0,-0.37911839738677805,decision_margin,4,v4_lr_std74_standard_0.03,logistic
CH0479,xxxtentacion,0,1,1.2791196251544497,decision_margin,4,v4_lr_std74_standard_0.03,logistic
CH0484,drake,0,1,0.43277868294430655,decision_margin,4,v4_lr_std74_standard_0.03,logistic
CH0490,drake,0,0,-0.3822236965909136,decision_margin,4,v4_lr_std74_standard_0.03,logistic
CH0491,drake,0,0,-0.3417906450203909,decision_margin,4,v4_lr_std74_standard_0.03,logistic
CH0495,xxxtentacion,0,1,0.17072541311195216,decision_margin,4,v4_lr_std74_standard_0.03,logistic
CH0502,xxxtentacion,0,0,-0.09570539048455673,decision_margin,4,v4_lr_std74_standard_0.03,logistic
CH0512,drake,0,0,-0.24698953398109097,decision_margin,4,v4_lr_std74_standard_0.03,logistic
CH0513,the weeknd,0,1,0.49587999325382226,decision_margin,4,v4_lr_std74_standard_0.03,logistic
CH0518,future,0,1,0.406136490488451,decision_margin,4,v4_lr_std74_standard_0.03,logistic
CH0519,the weeknd,0,1,0.6250403987551131,decision_margin,4,v4_lr_std74_standard_0.03,logistic
CH0522,the weeknd,0,1,0.9548153133586249,decision_margin,4,v4_lr_std74_standard_0.03,logistic
CH0524,rihanna,0,1,0.18934253094313336,decision_margin,4,v4_lr_std74_standard_0.03,logistic
CH0530,drake,0,0,-0.41667824313609986,decision_margin,4,v4_lr_std74_standard_0.03,logistic
CH0531,drake,0,1,0.8938601051723026,decision_margin,4,v4_lr_std74_standard_0.03,logistic
CH0535,the weeknd,0,0,-0.35217942303814265,decision_margin,4,v4_lr_std74_standard_0.03,logistic
CH0544,drake,0,1,0.2880292151029959,decision_margin,4,v4_lr_std74_standard_0.03,logistic
CH0562,future,0,1,1.2676134220298052,decision_margin,4,v4_lr_std74_standard_0.03,logistic
CH0566,drake,0,1,0.03833012097040439,decision_margin,4,v4_lr_std74_standard_0.03,logistic
CH0567,imagine dragons,0,1,0.6756428654185347,decision_margin,4,v4_lr_std74_standard_0.03,logistic
CH0568,drake,0,1,1.2533095303087711,decision_margin,4,v4_lr_std74_standard_0.03,logistic
CH0570,drake,0,1,0.7767887320185299,decision_margin,4,v4_lr_std74_standard_0.03,logistic
CH0572,drake,0,1,0.5385431791080058,decision_margin,4,v4_lr_std74_standard_0.03,logistic
CH0577,the weeknd,0,0,-0.8812336478385903,decision_margin,4,v4_lr_std74_standard_0.03,logistic
CH0583,pharrell williams,0,0,-0.1926164964725139,decision_margin,4,v4_lr_std74_standard_0.03,logistic
CH0588,imagine dragons,0,1,0.032605896677010804,decision_margin,4,v4_lr_std74_standard_0.03,logistic
CH0591,drake,0,0,-0.5354093091234629,decision_margin,4,v4_lr_std74_standard_0.03,logistic
CH0592,justin timberlake,0,1,0.9926539843537401,decision_margin,4,v4_lr_std74_standard_0.03,logistic
CH0595,future,0,1,0.7554012339489569,decision_margin,4,v4_lr_std74_standard_0.03,logistic
CH0597,drake,0,0,-0.0922002383813092,decision_margin,4,v4_lr_std74_standard_0.03,logistic
CH0602,rihanna,0,0,-0.5433302747797288,decision_margin,4,v4_lr_std74_standard_0.03,logistic
CH0607,justin timberlake,0,0,-0.22058362914885052,decision_margin,4,v4_lr_std74_standard_0.03,logistic
CH0613,justin timberlake,0,0,-0.8603314966954142,decision_margin,4,v4_lr_std74_standard_0.03,logistic
CH0614,future,0,1,1.1659369883686281,decision_margin,4,v4_lr_std74_standard_0.03,logistic
CH0620,the weeknd,0,0,-0.6657968688578116,decision_margin,4,v4_lr_std74_standard_0.03,logistic
CH0625,future,0,1,0.15943836273536088,decision_margin,4,v4_lr_std74_standard_0.03,logistic
CH0642,drake,0,1,0.1726068407651405,decision_margin,4,v4_lr_std74_standard_0.03,logistic
CH0644,drake,0,0,-0.4388600314001068,decision_margin,4,v4_lr_std74_standard_0.03,logistic
CH0645,rihanna,0,0,-0.6782438010700609,decision_margin,4,v4_lr_std74_standard_0.03,logistic
CH0647,rihanna,0,1,0.3040042640019608,decision_margin,4,v4_lr_std74_standard_0.03,logistic
CH0649,drake,0,0,-0.9931125852653635,decision_margin,4,v4_lr_std74_standard_0.03,logistic
CH0659,akon,0,1,0.8849843801742834,decision_margin,4,v4_lr_std74_standard_0.03,logistic
CH0674,rihanna,0,0,-0.1225540260634368,decision_margin,4,v4_lr_std74_standard_0.03,logistic
CH0698,rihanna,0,0,-1.37633099769144,decision_margin,4,v4_lr_std74_standard_0.03,logistic
CH0729,akon,0,0,-0.34130547062321137,decision_margin,4,v4_lr_std74_standard_0.03,logistic
CH0749,rihanna,0,1,0.12663797195642518,decision_margin,4,v4_lr_std74_standard_0.03,logistic
