track_id,label,artist_group,seed,fold,lr_mi_50,dummy
CH0001,1,the weeknd,0,3,0,0
CH0002,1,olivia rodrigo,0,0,0,0
CH0003,1,olivia rodrigo,0,0,0,0
CH0005,1,bts,0,0,1,0
CH0006,1,olivia rodrigo,0,0,1,0
CH0008,1,ed sheeran,0,3,0,0
CH0009,1,luke combs,0,4,0,0
CH0013,1,olivia rodrigo,0,0,1,0
CH0014,1,bts,0,0,1,0
CH0015,1,doja cat,0,1,1,0
CH0016,1,taylor swift,0,1,1,0
CH0017,1,luke combs,0,4,0,0
CH0018,1,doja cat,0,1,1,0
CH0019,1,drake,0,2,0,0
CH0020,1,justin bieber,0,2,1,0
CH0022,1,the weeknd,0,3,1,0
CH0024,1,post malone,0,2,0,0
CH0026,1,maroon 5,0,0,0,0
CH0027,1,doja cat,0,1,0,0
CH0030,1,the weeknd,0,3,0,0
CH0031,1,dababy,0,3,1,0
CH0032,1,drake,0,2,1,0
CH0034,1,lil baby,0,1,0,0
CH0035,1,travis scott,0,4,0,0
CH0037,1,justin bieber,0,2,1,0
CH0039,1,lil baby,0,1,0,0
CH0040,1,lil baby,0,1,0,0
CH0041,1,jonas brothers,0,1,1,0
CH0042,1,lil baby,0,1,0,0
CH0043,1,halsey,0,0,0,0
CH0045,1,luke combs,0,4,0,0
CH0046,1,juice wrld,0,1,0,0
CH0048,1,luke combs,0,4,0,0
CH0049,1,halsey,0,0,1,0
CH0050,1,post malone,0,2,0,0
CH0052,1,travis scott,0,4,1,0
CH0053,1,jonas brothers,0,1,0,0
CH0055,1,dababy,0,3,1,0
CH0057,1,post malone,0,2,0,0
CH0060,1,taylor swift,0,1,1,0
CH0061,1,luke combs,0,4,0,0
CH0062,1,juice wrld,0,1,0,0
CH0064,1,luke combs,0,4,0,0
CH0068,1,lil baby,0,1,0,0
CH0069,1,p!nk,0,4,1,0
CH0070,1,juice wrld,0,1,0,0
CH0071,1,drake,0,2,0,0
CH0072,1,ed sheeran,0,3,0,0
CH0073,1,drake,0,2,0,0
CH0074,1,drake,0,2,0,0
CH0075,1,xxxtentacion,0,1,1,0
CH0076,1,camila cabello,0,3,0,0
CH0078,1,imagine dragons,0,0,0,0
CH0079,1,taylor swift,0,1,1,0
CH0080,1,halsey,0,0,0,0
CH0081,1,imagine dragons,0,0,0,0
CH0082,1,post malone,0,2,0,0
CH0085,1,drake,0,2,1,0
CH0087,1,maroon 5,0,0,1,0
CH0090,1,imagine dragons,0,0,1,0
CH0091,1,ed sheeran,0,3,1,0
CH0092,1,the weeknd,0,3,0,0
CH0093,1,drake,0,2,0,0
CH0094,1,xxxtentacion,0,1,0,0
CH0095,1,xxxtentacion,0,1,0,0
CH0096,1,luke combs,0,4,1,0
CH0097,1,imagine dragons,0,0,1,0
CH0098,1,bruno mars,0,2,1,0
CH0099,1,kendrick lamar,0,2,0,0
CH0100,1,future,0,2,0,0
CH0101,1,bruno mars,0,2,1,0
CH0103,1,rihanna,0,3,0,0
CH0104,1,drake,0,2,1,0
CH0105,1,taylor swift,0,1,1,0
CH0106,1,ed sheeran,0,3,0,0
CH0107,1,the chainsmokers,0,1,1,0
CH0109,1,halsey,0,0,0,0
CH0110,1,kendrick lamar,0,2,1,0
CH0111,1,drake,0,2,1,0
CH0112,1,travis scott,0,4,1,0
CH0113,1,luke combs,0,4,0,0
CH0114,1,p!nk,0,4,0,0
CH0116,1,adele,0,4,0,0
CH0119,1,justin bieber,0,2,1,0
CH0120,1,justin bieber,0,2,0,0
CH0121,1,twenty one pilots,0,4,0,0
CH0122,1,adele,0,4,0,0
CH0123,1,rihanna,0,3,0,0
CH0124,1,twenty one pilots,0,4,1,0
CH0126,1,drake,0,2,0,0
CH0127,1,adele,0,4,1,0
CH0128,1,justin bieber,0,2,1,0
CH0129,1,the weeknd,0,3,1,0
CH0130,1,p!nk,0,4,0,0
CH0132,1,drake,0,2,0,0
CH0133,1,meghan trainor,0,0,1,0
CH0135,1,the weeknd,0,3,1,0
CH0136,1,meghan trainor,0,0,0,0
CH0137,1,post malone,0,2,1,0
CH0138,1,the weeknd,0,3,0,0
CH0139,1,coldplay,0,2,0,0
CH0140,1,travis scott,0,4,0,0
CH0141,1,taylor swift,0,1,1,0
CH0142,1,adele,0,4,0,0
CH0143,1,chris brown,0,3,0,0
CH0144,1,coldplay,0,2,1,0
CH0145,1,future,0,2,1,0
CH0146,1,ed sheeran,0,3,0,0
CH0148,1,maroon 5,0,0,1,0
CH0149,1,taylor swift,0,1,1,0
CH0150,1,the weeknd,0,3,1,0
CH0151,1,taylor swift,0,1,0,0
CH0152,1,meghan trainor,0,0,1,0
CH0154,1,meghan trainor,0,0,0,0
CH0155,1,taylor swift,0,1,1,0
CH0156,1,ed sheeran,0,3,0,0
CH0157,1,maroon 5,0,0,0,0
CH0158,1,rihanna,0,3,1,0
CH0160,1,beyonce,0,4,0,0
CH0161,1,one direction,0,4,1,0
CH0163,1,meghan trainor,0,0,1,0
CH0164,1,ed sheeran,0,3,0,0
CH0165,1,one direction,0,4,0,0
CH0166,1,drake,0,2,1,0
CH0167,1,pharrell williams,0,0,1,0
CH0168,1,imagine dragons,0,0,0,0
CH0169,1,one direction,0,4,1,0
CH0170,1,maroon 5,0,0,1,0
CH0171,1,nicki minaj,0,0,0,0
CH0173,1,justin timberlake,0,1,0,0
CH0174,1,katy perry,0,2,1,0
CH0175,1,coldplay,0,2,1,0
CH0176,1,imagine dragons,0,0,1,0
CH0177,1,katy perry,0,2,1,0
CH0178,1,beyonce,0,4,0,0
CH0179,1,drake,0,2,0,0
CH0180,1,justin timberlake,0,1,0,0
CH0181,1,bruno mars,0,2,0,0
CH0182,1,bruno mars,0,2,0,0
CH0183,1,taylor swift,0,1,0,0
CH0185,1,rihanna,0,3,0,0
CH0186,1,drake,0,2,1,0
CH0187,1,maroon 5,0,0,0,0
CH0189,1,maroon 5,0,0,1,0
CH0190,1,imagine dragons,0,0,0,0
CH0191,1,maroon 5,0,0,1,0
CH0192,1,p!nk,0,4,0,0
CH0193,1,ke$ha,0,0,1,0
CH0195,1,rihanna,0,3,0,0
CH0196,1,taylor swift,0,1,1,0
CH0197,1,one direction,0,4,1,0
CH0198,1,ed sheeran,0,3,0,0
CH0199,1,kendrick lamar,0,2,0,0
CH0200,1,ne-yo,0,3,1,0
CH0201,1,nicki minaj,0,0,0,0
CH0202,1,one direction,0,4,0,0
CH0203,1,adele,0,4,0,0
CH0205,1,katy perry,0,2,0,0
CH0206,1,rihanna,0,3,1,0
CH0207,1,bruno mars,0,2,1,0
CH0208,1,justin bieber,0,2,1,0
CH0209,1,katy perry,0,2,1,0
CH0210,1,taylor swift,0,1,1,0
CH0211,1,p!nk,0,4,1,0
CH0212,1,katy perry,0,2,0,0
CH0213,1,adele,0,4,1,0
CH0214,1,chris brown,0,3,0,0
CH0215,1,adele,0,4,0,0
CH0216,1,coldplay,0,2,0,0
CH0218,1,adele,0,4,1,0
CH0219,1,usher,0,3,0,0
CH0220,1,nicki minaj,0,0,0,0
CH0221,1,chris brown,0,3,0,0
CH0222,1,rihanna,0,3,1,0
CH0223,1,katy perry,0,2,1,0
CH0224,1,bruno mars,0,2,0,0
CH0225,1,nicki minaj,0,0,0,0
CH0226,1,rihanna,0,3,1,0
CH0227,1,katy perry,0,2,0,0
CH0228,1,bruno mars,0,2,1,0
CH0229,1,p!nk,0,4,1,0
CH0231,1,p!nk,0,4,0,0
CH0232,1,lil wayne,0,4,0,0
CH0233,1,bruno mars,0,2,1,0
CH0234,1,britney spears,0,0,1,0
CH0236,1,ke$ha,0,0,1,0
CH0237,1,ke$ha,0,0,1,0
CH0238,1,rihanna,0,3,1,0
CH0239,1,britney spears,0,0,1,0
CH0240,1,chris brown,0,3,0,0
CH0242,1,britney spears,0,0,1,0
CH0243,1,usher,0,3,1,0
CH0244,1,avril lavigne,0,3,1,0
CH0246,1,taylor swift,0,1,1,0
CH0247,1,katy perry,0,2,1,0
CH0248,1,rihanna,0,3,0,0
CH0249,1,drake,0,2,1,0
CH0250,1,beyonce,0,4,1,0
CH0251,1,chris brown,0,3,1,0
CH0252,1,ke$ha,0,0,0,0
CH0254,1,rihanna,0,3,1,0
CH0256,1,ke$ha,0,0,1,0
CH0257,1,drake,0,2,0,0
CH0259,1,taylor swift,0,1,0,0
CH0260,1,taylor swift,0,1,1,0
CH0261,1,ke$ha,0,0,0,0
CH0262,1,drake,0,2,1,0
CH0263,1,maroon 5,0,0,0,0
CH0265,1,nicki minaj,0,0,0,0
CH0267,1,britney spears,0,0,1,0
CH0269,1,usher,0,3,0,0
CH0270,1,taylor swift,0,1,0,0
CH0271,1,beyonce,0,4,0,0
CH0273,1,daughtry,0,0,1,0
CH0276,1,taylor swift,0,1,1,0
CH0277,1,beyonce,0,4,1,0
CH0280,1,drake,0,2,0,0
CH0281,1,beyonce,0,4,1,0
CH0282,1,katy perry,0,2,1,0
CH0283,1,britney spears,0,0,1,0
CH0285,1,katy perry,0,2,0,0
CH0286,1,p!nk,0,4,0,0
CH0287,1,britney spears,0,0,0,0
CH0288,1,ne-yo,0,3,1,0
CH0290,1,p!nk,0,4,1,0
CH0291,1,beyonce,0,4,1,0
CH0292,1,nickelback,0,4,0,0
CH0293,1,p!nk,0,4,1,0
CH0294,1,coldplay,0,2,0,0
CH0295,1,akon,0,1,0,0
CH0296,1,ne-yo,0,3,0,0
CH0297,1,daughtry,0,0,1,0
CH0298,1,nickelback,0,4,1,0
CH0299,1,britney spears,0,0,1,0
CH0300,1,taylor swift,0,1,0,0
CH0301,1,rihanna,0,3,0,0
CH0302,1,beyonce,0,4,0,0
CH0303,1,justin bieber,0,2,1,0
CH0305,1,leona lewis,0,1,1,0
CH0307,1,chris brown,0,3,1,0
CH0308,1,chris brown,0,3,0,0
CH0309,1,rihanna,0,3,0,0
CH0310,1,katy perry,0,2,1,0
CH0311,1,rihanna,0,3,1,0
CH0312,1,ne-yo,0,3,0,0
CH0313,1,fergie,0,1,0,0
CH0315,1,taylor swift,0,1,0,0
CH0316,1,lil wayne,0,4,1,0
CH0318,1,taylor swift,0,1,0,0
CH0319,1,leona lewis,0,1,1,0
CH0320,1,jonas brothers,0,1,1,0
CH0321,1,fergie,0,1,0,0
CH0322,1,britney spears,0,0,0,0
CH0324,1,daughtry,0,0,1,0
CH0325,1,beyonce,0,4,1,0
CH0327,1,akon,0,1,1,0
CH0328,1,avril lavigne,0,3,0,0
CH0329,1,maroon 5,0,0,1,0
CH0330,1,daughtry,0,0,1,0
CH0331,1,fergie,0,1,1,0
CH0332,1,justin timberlake,0,1,0,0
CH0334,1,daughtry,0,0,1,0
CH0336,1,p!nk,0,4,0,0
CH0337,1,nickelback,0,4,0,0
CH0338,1,justin timberlake,0,1,0,0
CH0339,1,nickelback,0,4,0,0
CH0340,1,ne-yo,0,3,1,0
CH0341,1,justin timberlake,0,1,1,0
CH0342,1,avril lavigne,0,3,0,0
CH0343,1,p!nk,0,4,0,0
CH0344,1,gwen stefani,0,4,1,0
CH0345,1,rihanna,0,3,0,0
CH0346,1,nickelback,0,4,0,0
CH0347,1,justin timberlake,0,1,1,0
CH0348,1,sean paul,0,1,0,0
CH0350,1,chris brown,0,3,1,0
CH0351,1,ne-yo,0,3,1,0
CH0352,1,rihanna,0,3,1,0
CH0353,1,fergie,0,1,0,0
CH0354,1,rascal flatts,0,0,1,0
CH0355,1,rihanna,0,3,0,0
CH0356,1,chris brown,0,3,1,0
CH0357,1,t.i.,0,1,0,0
CH0358,1,nickelback,0,4,0,0
CH0359,1,ne-yo,0,3,0,0
CH0360,1,rascal flatts,0,0,1,0
CH0362,1,sean paul,0,1,0,0
CH0363,1,chris brown,0,3,0,0
CH0365,1,ne-yo,0,3,1,0
CH0366,1,p!nk,0,4,0,0
CH0367,0,adele,0,4,0,0
CH0368,0,taylor swift,0,1,0,0
CH0369,0,adele,0,4,1,0
CH0370,0,ed sheeran,0,3,0,0
CH0371,0,adele,0,4,0,0
CH0372,0,adele,0,4,0,0
CH0373,0,adele,0,4,0,0
CH0374,0,adele,0,4,0,0
CH0375,0,justin bieber,0,2,0,0
CH0376,0,adele,0,4,0,0
CH0378,0,adele,0,4,1,0
CH0379,0,luke combs,0,4,1,0
CH0380,0,adele,0,4,0,0
CH0381,0,adele,0,4,0,0
CH0382,0,adele,0,4,0,0
CH0383,0,juice wrld,0,1,1,0
CH0385,0,taylor swift,0,1,1,0
CH0386,0,doja cat,0,1,1,0
CH0387,0,luke combs,0,4,1,0
CH0388,0,taylor swift,0,1,1,0
CH0389,0,travis scott,0,4,0,0
CH0390,0,jonas brothers,0,1,0,0
CH0391,0,bts,0,0,0,0
CH0392,0,post malone,0,2,0,0
CH0393,0,doja cat,0,1,1,0
CH0394,0,camila cabello,0,3,0,0
CH0395,0,dababy,0,3,1,0
CH0396,0,olivia rodrigo,0,0,0,0
CH0397,0,olivia rodrigo,0,0,0,0
CH0398,0,dababy,0,3,0,0
CH0400,0,olivia rodrigo,0,0,0,0
CH0401,0,justin bieber,0,2,1,0
CH0402,0,dababy,0,3,0,0
CH0403,0,justin bieber,0,2,0,0
CH0405,0,justin bieber,0,2,0,0
CH0408,0,ed sheeran,0,3,0,0
CH0410,0,justin bieber,0,2,0,0
CH0412,0,taylor swift,0,1,0,0
CH0414,0,taylor swift,0,1,0,0
CH0416,0,bts,0,0,0,0
CH0417,0,bts,0,0,1,0
CH0418,0,bts,0,0,1,0
CH0422,0,bts,0,0,0,0
CH0423,0,bts,0,0,0,0
CH0424,0,bts,0,0,1,0
CH0428,0,juice wrld,0,1,0,0
CH0429,0,juice wrld,0,1,0,0
CH0430,0,juice wrld,0,1,0,0
CH0432,0,juice wrld,0,1,0,0
CH0433,0,juice wrld,0,1,0,0
CH0434,0,juice wrld,0,1,0,0
CH0436,0,juice wrld,0,1,0,0
CH0437,0,juice wrld,0,1,0,0
CH0438,0,juice wrld,0,1,0,0
CH0439,0,juice wrld,0,1,0,0
CH0440,0,juice wrld,0,1,0,0
CH0441,0,the weeknd,0,3,0,0
CH0442,0,the weeknd,0,3,0,0
CH0443,0,the weeknd,0,3,1,0
CH0444,0,the weeknd,0,3,0,0
CH0445,0,the weeknd,0,3,0,0
CH0447,0,the weeknd,0,3,0,0
CH0448,0,the weeknd,0,3,1,0
CH0449,0,the weeknd,0,3,1,0
CH0450,0,the weeknd,0,3,0,0
CH0451,0,the weeknd,0,3,1,0
CH0452,0,jonas brothers,0,1,0,0
CH0454,0,jonas brothers,0,1,0,0
CH0455,0,taylor swift,0,1,0,0
CH0456,0,halsey,0,0,0,0
CH0457,0,dababy,0,3,0,0
CH0458,0,juice wrld,0,1,0,0
CH0459,0,doja cat,0,1,0,0
CH0462,0,katy perry,0,2,0,0
CH0463,0,taylor swift,0,1,1,0
CH0464,0,halsey,0,0,0,0
CH0465,0,jonas brothers,0,1,1,0
CH0466,0,beyonce,0,4,1,0
CH0468,0,nicki minaj,0,0,0,0
CH0469,0,imagine dragons,0,0,0,0
CH0470,0,lil baby,0,1,0,0
CH0472,0,juice wrld,0,1,1,0
CH0473,0,chris brown,0,3,0,0
CH0474,0,juice wrld,0,1,0,0
CH0476,0,katy perry,0,2,0,0
CH0477,0,luke combs,0,4,1,0
CH0478,0,lil wayne,0,4,1,0
CH0479,0,xxxtentacion,0,1,1,0
CH0481,0,camila cabello,0,3,1,0
CH0482,0,juice wrld,0,1,0,0
CH0484,0,drake,0,2,0,0
CH0485,0,juice wrld,0,1,0,0
CH0487,0,twenty one pilots,0,4,0,0
CH0490,0,drake,0,2,0,0
CH0491,0,drake,0,2,0,0
CH0492,0,meghan trainor,0,0,1,0
CH0493,0,p!nk,0,4,0,0
CH0494,0,chris brown,0,3,0,0
CH0495,0,xxxtentacion,0,1,1,0
CH0496,0,post malone,0,2,0,0
CH0497,0,taylor swift,0,1,0,0
CH0498,0,lil baby,0,1,1,0
CH0500,0,luke combs,0,4,0,0
CH0501,0,taylor swift,0,1,0,0
CH0502,0,xxxtentacion,0,1,1,0
CH0503,0,taylor swift,0,1,1,0
CH0504,0,chris brown,0,3,1,0
CH0505,0,post malone,0,2,1,0
CH0506,0,bruno mars,0,2,0,0
CH0507,0,travis scott,0,4,0,0
CH0508,0,rascal flatts,0,0,1,0
CH0509,0,camila cabello,0,3,0,0
CH0510,0,chris brown,0,3,1,0
CH0512,0,drake,0,2,1,0
CH0513,0,the weeknd,0,3,0,0
CH0514,0,kendrick lamar,0,2,0,0
CH0516,0,nicki minaj,0,0,1,0
CH0517,0,ed sheeran,0,3,1,0
CH0518,0,future,0,2,0,0
CH0519,0,the weeknd,0,3,1,0
CH0520,0,ed sheeran,0,3,0,0
CH0522,0,the weeknd,0,3,0,0
CH0524,0,rihanna,0,3,0,0
CH0525,0,katy perry,0,2,1,0
CH0529,0,fergie,0,1,1,0
CH0530,0,drake,0,2,1,0
CH0531,0,drake,0,2,0,0
CH0533,0,rascal flatts,0,0,0,0
CH0534,0,taylor swift,0,1,0,0
CH0535,0,the weeknd,0,3,0,0
CH0536,0,justin bieber,0,2,1,0
CH0538,0,gwen stefani,0,4,1,0
CH0541,0,justin bieber,0,2,1,0
CH0542,0,gwen stefani,0,4,0,0
CH0543,0,halsey,0,0,1,0
CH0544,0,drake,0,2,0,0
CH0546,0,justin bieber,0,2,0,0
CH0547,0,justin bieber,0,2,0,0
CH0548,0,justin bieber,0,2,0,0
CH0549,0,justin bieber,0,2,1,0
CH0550,0,chris brown,0,3,0,0
CH0551,0,justin bieber,0,2,0,0
CH0552,0,one direction,0,4,0,0
CH0553,0,one direction,0,4,0,0
CH0554,0,justin bieber,0,2,1,0
CH0555,0,one direction,0,4,0,0
CH0557,0,one direction,0,4,0,0
CH0558,0,justin bieber,0,2,0,0
CH0559,0,one direction,0,4,0,0
CH0560,0,maroon 5,0,0,0,0
CH0561,0,nicki minaj,0,0,1,0
CH0562,0,future,0,2,1,0
CH0564,0,kendrick lamar,0,2,0,0
CH0565,0,twenty one pilots,0,4,0,0
CH0566,0,drake,0,2,1,0
CH0567,0,imagine dragons,0,0,1,0
CH0568,0,drake,0,2,1,0
CH0569,0,kendrick lamar,0,2,1,0
CH0570,0,drake,0,2,1,0
CH0571,0,kendrick lamar,0,2,1,0
CH0572,0,drake,0,2,1,0
CH0573,0,twenty one pilots,0,4,0,0
CH0575,0,fergie,0,1,0,0
CH0576,0,one direction,0,4,0,0
CH0577,0,the weeknd,0,3,0,0
CH0578,0,kendrick lamar,0,2,0,0
CH0579,0,gwen stefani,0,4,0,0
CH0580,0,katy perry,0,2,0,0
CH0581,0,one direction,0,4,1,0
CH0582,0,nicki minaj,0,0,1,0
CH0583,0,pharrell williams,0,0,1,0
CH0584,0,usher,0,3,1,0
CH0585,0,bruno mars,0,2,1,0
CH0586,0,rascal flatts,0,0,1,0
CH0587,0,coldplay,0,2,0,0
CH0588,0,imagine dragons,0,0,1,0
CH0589,0,katy perry,0,2,1,0
CH0590,0,beyonce,0,4,0,0
CH0591,0,drake,0,2,1,0
CH0592,0,justin timberlake,0,1,1,0
CH0593,0,justin bieber,0,2,0,0
CH0595,0,future,0,2,1,0
CH0596,0,britney spears,0,0,0,0
CH0597,0,drake,0,2,0,0
CH0598,0,daughtry,0,0,1,0
CH0600,0,one direction,0,4,1,0
CH0601,0,one direction,0,4,0,0
CH0602,0,rihanna,0,3,1,0
CH0603,0,bruno mars,0,2,0,0
CH0604,0,one direction,0,4,0,0
CH0605,0,britney spears,0,0,1,0
CH0607,0,justin timberlake,0,1,0,0
CH0608,0,britney spears,0,0,1,0
CH0609,0,avril lavigne,0,3,0,0
CH0610,0,chris brown,0,3,1,0
CH0612,0,one direction,0,4,0,0
CH0613,0,justin timberlake,0,1,0,0
CH0614,0,future,0,2,1,0
CH0615,0,ke$ha,0,0,1,0
CH0616,0,kendrick lamar,0,2,1,0
CH0617,0,rascal flatts,0,0,0,0
CH0618,0,nicki minaj,0,0,1,0
CH0619,0,one direction,0,4,0,0
CH0620,0,the weeknd,0,3,0,0
CH0621,0,chris brown,0,3,0,0
CH0622,0,adele,0,4,0,0
CH0623,0,one direction,0,4,1,0
CH0624,0,taylor swift,0,1,1,0
CH0625,0,future,0,2,1,0
CH0626,0,rascal flatts,0,0,0,0
CH0627,0,beyonce,0,4,0,0
CH0628,0,one direction,0,4,1,0
CH0629,0,taylor swift,0,1,0,0
CH0630,0,taylor swift,0,1,0,0
CH0631,0,rascal flatts,0,0,1,0
CH0633,0,justin bieber,0,2,1,0
CH0635,0,nickelback,0,4,1,0
CH0636,0,avril lavigne,0,3,1,0
CH0637,0,lil wayne,0,4,0,0
CH0638,0,beyonce,0,4,1,0
CH0639,0,nicki minaj,0,0,1,0
CH0640,0,taylor swift,0,1,0,0
CH0641,0,taylor swift,0,1,0,0
CH0642,0,drake,0,2,0,0
CH0643,0,britney spears,0,0,0,0
CH0644,0,drake,0,2,0,0
CH0645,0,rihanna,0,3,0,0
CH0646,0,taylor swift,0,1,0,0
CH0647,0,rihanna,0,3,1,0
CH0648,0,maroon 5,0,0,0,0
CH0649,0,drake,0,2,0,0
CH0650,0,avril lavigne,0,3,1,0
CH0651,0,taylor swift,0,1,1,0
CH0652,0,rascal flatts,0,0,0,0
CH0653,0,nicki minaj,0,0,1,0
CH0654,0,chris brown,0,3,0,0
CH0655,0,nicki minaj,0,0,0,0
CH0657,0,rascal flatts,0,0,0,0
CH0658,0,daughtry,0,0,1,0
CH0659,0,akon,0,1,1,0
CH0660,0,ne-yo,0,3,0,0
CH0661,0,ne-yo,0,3,1,0
CH0662,0,nickelback,0,4,1,0
CH0663,0,p!nk,0,4,0,0
CH0664,0,ne-yo,0,3,0,0
CH0666,0,justin bieber,0,2,0,0
CH0669,0,rascal flatts,0,0,1,0
CH0670,0,taylor swift,0,1,1,0
CH0671,0,avril lavigne,0,3,0,0
CH0672,0,taylor swift,0,1,0,0
CH0674,0,rihanna,0,3,0,0
CH0676,0,justin bieber,0,2,0,0
CH0677,0,usher,0,3,0,0
CH0678,0,nickelback,0,4,0,0
CH0680,0,chris brown,0,3,1,0
CH0681,0,lil wayne,0,4,0,0
CH0682,0,p!nk,0,4,1,0
CH0683,0,justin bieber,0,2,1,0
CH0685,0,justin bieber,0,2,1,0
CH0686,0,rascal flatts,0,0,1,0
CH0687,0,beyonce,0,4,0,0
CH0688,0,sean paul,0,1,0,0
CH0690,0,daughtry,0,0,1,0
CH0692,0,rascal flatts,0,0,0,0
CH0693,0,lil wayne,0,4,0,0
CH0694,0,katy perry,0,2,0,0
CH0697,0,taylor swift,0,1,1,0
CH0698,0,rihanna,0,3,0,0
CH0699,0,usher,0,3,0,0
CH0700,0,rascal flatts,0,0,1,0
CH0702,0,leona lewis,0,1,1,0
CH0703,0,daughtry,0,0,1,0
CH0704,0,nickelback,0,4,0,0
CH0705,0,jonas brothers,0,1,1,0
CH0706,0,jonas brothers,0,1,1,0
CH0707,0,taylor swift,0,1,0,0
CH0708,0,chris brown,0,3,0,0
CH0711,0,usher,0,3,0,0
CH0712,0,jonas brothers,0,1,1,0
CH0713,0,jonas brothers,0,1,0,0
CH0715,0,taylor swift,0,1,0,0
CH0716,0,britney spears,0,0,1,0
CH0717,0,maroon 5,0,0,0,0
CH0718,0,ne-yo,0,3,1,0
CH0719,0,daughtry,0,0,1,0
CH0720,0,maroon 5,0,0,0,0
CH0721,0,chris brown,0,3,0,0
CH0722,0,britney spears,0,0,0,0
CH0724,0,rascal flatts,0,0,0,0
CH0726,0,jonas brothers,0,1,1,0
CH0728,0,rascal flatts,0,0,1,0
CH0729,0,akon,0,1,0,0
CH0730,0,ne-yo,0,3,0,0
CH0731,0,avril lavigne,0,3,0,0
CH0732,0,gwen stefani,0,4,1,0
CH0733,0,beyonce,0,4,0,0
CH0737,0,rascal flatts,0,0,0,0
CH0738,0,jonas brothers,0,1,0,0
CH0739,0,rascal flatts,0,0,0,0
CH0740,0,taylor swift,0,1,0,0
CH0743,0,beyonce,0,4,0,0
CH0744,0,beyonce,0,4,1,0
CH0745,0,rascal flatts,0,0,1,0
CH0747,0,gwen stefani,0,4,1,0
CH0748,0,gwen stefani,0,4,0,0
CH0749,0,rihanna,0,3,0,0
CH0751,0,rascal flatts,0,0,1,0
CH0001,1,the weeknd,1,3,0,0
CH0002,1,olivia rodrigo,1,4,1,0
CH0003,1,olivia rodrigo,1,4,1,0
CH0005,1,bts,1,0,1,0
CH0006,1,olivia rodrigo,1,4,1,0
CH0008,1,ed sheeran,1,3,0,0
CH0009,1,luke combs,1,0,0,0
CH0013,1,olivia rodrigo,1,4,0,0
CH0014,1,bts,1,0,0,0
CH0015,1,doja cat,1,4,1,0
CH0016,1,taylor swift,1,2,1,0
CH0017,1,luke combs,1,0,0,0
CH0018,1,doja cat,1,4,0,0
CH0019,1,drake,1,0,0,0
CH0020,1,justin bieber,1,2,0,0
CH0022,1,the weeknd,1,3,1,0
CH0024,1,post malone,1,4,0,0
CH0026,1,maroon 5,1,0,1,0
CH0027,1,doja cat,1,4,1,0
CH0030,1,the weeknd,1,3,0,0
CH0031,1,dababy,1,3,0,0
CH0032,1,drake,1,0,1,0
CH0034,1,lil baby,1,2,1,0
CH0035,1,travis scott,1,1,0,0
CH0037,1,justin bieber,1,2,0,0
CH0039,1,lil baby,1,2,0,0
CH0040,1,lil baby,1,2,0,0
CH0041,1,jonas brothers,1,1,0,0
CH0042,1,lil baby,1,2,0,0
CH0043,1,halsey,1,1,0,0
CH0045,1,luke combs,1,0,0,0
CH0046,1,juice wrld,1,1,0,0
CH0048,1,luke combs,1,0,0,0
CH0049,1,halsey,1,1,0,0
CH0050,1,post malone,1,4,0,0
CH0052,1,travis scott,1,1,1,0
CH0053,1,jonas brothers,1,1,0,0
CH0055,1,dababy,1,3,1,0
CH0057,1,post malone,1,4,0,0
CH0060,1,taylor swift,1,2,1,0
CH0061,1,luke combs,1,0,1,0
CH0062,1,juice wrld,1,1,0,0
CH0064,1,luke combs,1,0,1,0
CH0068,1,lil baby,1,2,1,0
CH0069,1,p!nk,1,4,0,0
CH0070,1,juice wrld,1,1,0,0
CH0071,1,drake,1,0,0,0
CH0072,1,ed sheeran,1,3,0,0
CH0073,1,drake,1,0,0,0
CH0074,1,drake,1,0,0,0
CH0075,1,xxxtentacion,1,1,1,0
CH0076,1,camila cabello,1,1,0,0
CH0078,1,imagine dragons,1,4,0,0
CH0079,1,taylor swift,1,2,1,0
CH0080,1,halsey,1,1,1,0
CH0081,1,imagine dragons,1,4,1,0
CH0082,1,post malone,1,4,0,0
CH0085,1,drake,1,0,1,0
CH0087,1,maroon 5,1,0,1,0
CH0090,1,imagine dragons,1,4,1,0
CH0091,1,ed sheeran,1,3,1,0
CH0092,1,the weeknd,1,3,0,0
CH0093,1,drake,1,0,0,0
CH0094,1,xxxtentacion,1,1,0,0
CH0095,1,xxxtentacion,1,1,0,0
CH0096,1,luke combs,1,0,1,0
CH0097,1,imagine dragons,1,4,1,0
CH0098,1,bruno mars,1,1,1,0
CH0099,1,kendrick lamar,1,3,0,0
CH0100,1,future,1,3,1,0
CH0101,1,bruno mars,1,1,0,0
CH0103,1,rihanna,1,3,0,0
CH0104,1,drake,1,0,1,0
CH0105,1,taylor swift,1,2,0,0
CH0106,1,ed sheeran,1,3,1,0
CH0107,1,the chainsmokers,1,2,0,0
CH0109,1,halsey,1,1,0,0
CH0110,1,kendrick lamar,1,3,0,0
CH0111,1,drake,1,0,1,0
CH0112,1,travis scott,1,1,0,0
CH0113,1,luke combs,1,0,1,0
CH0114,1,p!nk,1,4,0,0
CH0116,1,adele,1,4,0,0
CH0119,1,justin bieber,1,2,1,0
CH0120,1,justin bieber,1,2,1,0
CH0121,1,twenty one pilots,1,2,0,0
CH0122,1,adele,1,4,0,0
CH0123,1,rihanna,1,3,0,0
CH0124,1,twenty one pilots,1,2,1,0
CH0126,1,drake,1,0,1,0
CH0127,1,adele,1,4,1,0
CH0128,1,justin bieber,1,2,0,0
CH0129,1,the weeknd,1,3,0,0
CH0130,1,p!nk,1,4,0,0
CH0132,1,drake,1,0,0,0
CH0133,1,meghan trainor,1,4,1,0
CH0135,1,the weeknd,1,3,1,0
CH0136,1,meghan trainor,1,4,0,0
CH0137,1,post malone,1,4,1,0
CH0138,1,the weeknd,1,3,1,0
CH0139,1,coldplay,1,1,0,0
CH0140,1,travis scott,1,1,0,0
CH0141,1,taylor swift,1,2,1,0
CH0142,1,adele,1,4,0,0
CH0143,1,chris brown,1,2,0,0
CH0144,1,coldplay,1,1,0,0
CH0145,1,future,1,3,1,0
CH0146,1,ed sheeran,1,3,1,0
CH0148,1,maroon 5,1,0,0,0
CH0149,1,taylor swift,1,2,1,0
CH0150,1,the weeknd,1,3,1,0
CH0151,1,taylor swift,1,2,0,0
CH0152,1,meghan trainor,1,4,1,0
CH0154,1,meghan trainor,1,4,1,0
CH0155,1,taylor swift,1,2,1,0
CH0156,1,ed sheeran,1,3,0,0
CH0157,1,maroon 5,1,0,0,0
CH0158,1,rihanna,1,3,1,0
CH0160,1,beyonce,1,3,1,0
CH0161,1,one direction,1,4,0,0
CH0163,1,meghan trainor,1,4,1,0
CH0164,1,ed sheeran,1,3,0,0
CH0165,1,one direction,1,4,0,0
CH0166,1,drake,1,0,0,0
CH0167,1,pharrell williams,1,4,0,0
CH0168,1,imagine dragons,1,4,1,0
CH0169,1,one direction,1,4,0,0
CH0170,1,maroon 5,1,0,1,0
CH0171,1,nicki minaj,1,1,0,0
CH0173,1,justin timberlake,1,2,0,0
CH0174,1,katy perry,1,1,0,0
CH0175,1,coldplay,1,1,0,0
CH0176,1,imagine dragons,1,4,1,0
CH0177,1,katy perry,1,1,1,0
CH0178,1,beyonce,1,3,0,0
CH0179,1,drake,1,0,0,0
CH0180,1,justin timberlake,1,2,0,0
CH0181,1,bruno mars,1,1,0,0
CH0182,1,bruno mars,1,1,0,0
CH0183,1,taylor swift,1,2,1,0
CH0185,1,rihanna,1,3,0,0
CH0186,1,drake,1,0,0,0
CH0187,1,maroon 5,1,0,0,0
CH0189,1,maroon 5,1,0,1,0
CH0190,1,imagine dragons,1,4,1,0
CH0191,1,maroon 5,1,0,1,0
CH0192,1,p!nk,1,4,1,0
CH0193,1,ke$ha,1,0,0,0
CH0195,1,rihanna,1,3,0,0
CH0196,1,taylor swift,1,2,1,0
CH0197,1,one direction,1,4,1,0
CH0198,1,ed sheeran,1,3,0,0
CH0199,1,kendrick lamar,1,3,0,0
CH0200,1,ne-yo,1,0,1,0
CH0201,1,nicki minaj,1,1,1,0
CH0202,1,one direction,1,4,0,0
CH0203,1,adele,1,4,0,0
CH0205,1,katy perry,1,1,0,0
CH0206,1,rihanna,1,3,1,0
CH0207,1,bruno mars,1,1,0,0
CH0208,1,justin bieber,1,2,0,0
CH0209,1,katy perry,1,1,1,0
CH0210,1,taylor swift,1,2,1,0
CH0211,1,p!nk,1,4,1,0
CH0212,1,katy perry,1,1,1,0
CH0213,1,adele,1,4,1,0
CH0214,1,chris brown,1,2,1,0
CH0215,1,adele,1,4,0,0
CH0216,1,coldplay,1,1,0,0
CH0218,1,adele,1,4,1,0
CH0219,1,usher,1,4,0,0
CH0220,1,nicki minaj,1,1,0,0
CH0221,1,chris brown,1,2,0,0
CH0222,1,rihanna,1,3,1,0
CH0223,1,katy perry,1,1,1,0
CH0224,1,bruno mars,1,1,0,0
CH0225,1,nicki minaj,1,1,0,0
CH0226,1,rihanna,1,3,0,0
CH0227,1,katy perry,1,1,1,0
CH0228,1,bruno mars,1,1,1,0
CH0229,1,p!nk,1,4,1,0
CH0231,1,p!nk,1,4,0,0
CH0232,1,lil wayne,1,4,1,0
CH0233,1,bruno mars,1,1,1,0
CH0234,1,britney spears,1,2,0,0
CH0236,1,ke$ha,1,0,1,0
CH0237,1,ke$ha,1,0,1,0
CH0238,1,rihanna,1,3,1,0
CH0239,1,britney spears,1,2,1,0
CH0240,1,chris brown,1,2,1,0
CH0242,1,britney spears,1,2,1,0
CH0243,1,usher,1,4,0,0
CH0244,1,avril lavigne,1,0,1,0
CH0246,1,taylor swift,1,2,1,0
CH0247,1,katy perry,1,1,1,0
CH0248,1,rihanna,1,3,0,0
CH0249,1,drake,1,0,0,0
CH0250,1,beyonce,1,3,1,0
CH0251,1,chris brown,1,2,1,0
CH0252,1,ke$ha,1,0,1,0
CH0254,1,rihanna,1,3,1,0
CH0256,1,ke$ha,1,0,1,0
CH0257,1,drake,1,0,0,0
CH0259,1,taylor swift,1,2,0,0
CH0260,1,taylor swift,1,2,1,0
CH0261,1,ke$ha,1,0,0,0
CH0262,1,drake,1,0,0,0
CH0263,1,maroon 5,1,0,0,0
CH0265,1,nicki minaj,1,1,0,0
CH0267,1,britney spears,1,2,1,0
CH0269,1,usher,1,4,0,0
CH0270,1,taylor swift,1,2,1,0
CH0271,1,beyonce,1,3,0,0
CH0273,1,daughtry,1,3,0,0
CH0276,1,taylor swift,1,2,1,0
CH0277,1,beyonce,1,3,1,0
CH0280,1,drake,1,0,1,0
CH0281,1,beyonce,1,3,1,0
CH0282,1,katy perry,1,1,1,0
CH0283,1,britney spears,1,2,0,0
CH0285,1,katy perry,1,1,1,0
CH0286,1,p!nk,1,4,1,0
CH0287,1,britney spears,1,2,1,0
CH0288,1,ne-yo,1,0,1,0
CH0290,1,p!nk,1,4,1,0
CH0291,1,beyonce,1,3,1,0
CH0292,1,nickelback,1,3,0,0
CH0293,1,p!nk,1,4,1,0
CH0294,1,coldplay,1,1,0,0
CH0295,1,akon,1,4,0,0
CH0296,1,ne-yo,1,0,1,0
CH0297,1,daughtry,1,3,1,0
CH0298,1,nickelback,1,3,1,0
CH0299,1,britney spears,1,2,1,0
CH0300,1,taylor swift,1,2,0,0
CH0301,1,rihanna,1,3,1,0
CH0302,1,beyonce,1,3,0,0
CH0303,1,justin bieber,1,2,0,0
CH0305,1,leona lewis,1,1,1,0
CH0307,1,chris brown,1,2,0,0
CH0308,1,chris brown,1,2,0,0
CH0309,1,rihanna,1,3,0,0
CH0310,1,katy perry,1,1,0,0
CH0311,1,rihanna,1,3,1,0
CH0312,1,ne-yo,1,0,0,0
CH0313,1,fergie,1,1,1,0
CH0315,1,taylor swift,1,2,0,0
CH0316,1,lil wayne,1,4,0,0
CH0318,1,taylor swift,1,2,0,0
CH0319,1,leona lewis,1,1,1,0
CH0320,1,jonas brothers,1,1,1,0
CH0321,1,fergie,1,1,0,0
CH0322,1,britney spears,1,2,1,0
CH0324,1,daughtry,1,3,0,0
CH0325,1,beyonce,1,3,1,0
CH0327,1,akon,1,4,1,0
CH0328,1,avril lavigne,1,0,1,0
CH0329,1,maroon 5,1,0,1,0
CH0330,1,daughtry,1,3,1,0
CH0331,1,fergie,1,1,1,0
CH0332,1,justin timberlake,1,2,1,0
CH0334,1,daughtry,1,3,0,0
CH0336,1,p!nk,1,4,0,0
CH0337,1,nickelback,1,3,0,0
CH0338,1,justin timberlake,1,2,0,0
CH0339,1,nickelback,1,3,0,0
CH0340,1,ne-yo,1,0,1,0
CH0341,1,justin timberlake,1,2,1,0
CH0342,1,avril lavigne,1,0,0,0
CH0343,1,p!nk,1,4,0,0
CH0344,1,gwen stefani,1,4,1,0
CH0345,1,rihanna,1,3,0,0
CH0346,1,nickelback,1,3,0,0
CH0347,1,justin timberlake,1,2,1,0
CH0348,1,sean paul,1,1,0,0
CH0350,1,chris brown,1,2,1,0
CH0351,1,ne-yo,1,0,0,0
CH0352,1,rihanna,1,3,1,0
CH0353,1,fergie,1,1,0,0
CH0354,1,rascal flatts,1,0,1,0
CH0355,1,rihanna,1,3,0,0
CH0356,1,chris brown,1,2,0,0
CH0357,1,t.i.,1,1,0,0
CH0358,1,nickelback,1,3,0,0
CH0359,1,ne-yo,1,0,1,0
CH0360,1,rascal flatts,1,0,1,0
CH0362,1,sean paul,1,1,1,0
CH0363,1,chris brown,1,2,1,0
CH0365,1,ne-yo,1,0,1,0
CH0366,1,p!nk,1,4,0,0
CH0367,0,adele,1,4,0,0
CH0368,0,taylor swift,1,2,1,0
CH0369,0,adele,1,4,1,0
CH0370,0,ed sheeran,1,3,0,0
CH0371,0,adele,1,4,0,0
CH0372,0,adele,1,4,0,0
CH0373,0,adele,1,4,0,0
CH0374,0,adele,1,4,0,0
CH0375,0,justin bieber,1,2,0,0
CH0376,0,adele,1,4,0,0
CH0378,0,adele,1,4,1,0
CH0379,0,luke combs,1,0,0,0
CH0380,0,adele,1,4,0,0
CH0381,0,adele,1,4,0,0
CH0382,0,adele,1,4,0,0
CH0383,0,juice wrld,1,1,1,0
CH0385,0,taylor swift,1,2,1,0
CH0386,0,doja cat,1,4,1,0
CH0387,0,luke combs,1,0,1,0
CH0388,0,taylor swift,1,2,0,0
CH0389,0,travis scott,1,1,0,0
CH0390,0,jonas brothers,1,1,0,0
CH0391,0,bts,1,0,0,0
CH0392,0,post malone,1,4,0,0
CH0393,0,doja cat,1,4,1,0
CH0394,0,camila cabello,1,1,0,0
CH0395,0,dababy,1,3,0,0
CH0396,0,olivia rodrigo,1,4,0,0
CH0397,0,olivia rodrigo,1,4,1,0
CH0398,0,dababy,1,3,0,0
CH0400,0,olivia rodrigo,1,4,1,0
CH0401,0,justin bieber,1,2,0,0
CH0402,0,dababy,1,3,0,0
CH0403,0,justin bieber,1,2,1,0
CH0405,0,justin bieber,1,2,1,0
CH0408,0,ed sheeran,1,3,0,0
CH0410,0,justin bieber,1,2,0,0
CH0412,0,taylor swift,1,2,0,0
CH0414,0,taylor swift,1,2,1,0
CH0416,0,bts,1,0,1,0
CH0417,0,bts,1,0,1,0
CH0418,0,bts,1,0,0,0
CH0422,0,bts,1,0,0,0
CH0423,0,bts,1,0,1,0
CH0424,0,bts,1,0,0,0
CH0428,0,juice wrld,1,1,1,0
CH0429,0,juice wrld,1,1,1,0
CH0430,0,juice wrld,1,1,0,0
CH0432,0,juice wrld,1,1,0,0
CH0433,0,juice wrld,1,1,0,0
CH0434,0,juice wrld,1,1,0,0
CH0436,0,juice wrld,1,1,0,0
CH0437,0,juice wrld,1,1,1,0
CH0438,0,juice wrld,1,1,0,0
CH0439,0,juice wrld,1,1,0,0
CH0440,0,juice wrld,1,1,1,0
CH0441,0,the weeknd,1,3,0,0
CH0442,0,the weeknd,1,3,0,0
CH0443,0,the weeknd,1,3,1,0
CH0444,0,the weeknd,1,3,0,0
CH0445,0,the weeknd,1,3,0,0
CH0447,0,the weeknd,1,3,0,0
CH0448,0,the weeknd,1,3,0,0
CH0449,0,the weeknd,1,3,1,0
CH0450,0,the weeknd,1,3,0,0
CH0451,0,the weeknd,1,3,1,0
CH0452,0,jonas brothers,1,1,0,0
CH0454,0,jonas brothers,1,1,0,0
CH0455,0,taylor swift,1,2,0,0
CH0456,0,halsey,1,1,0,0
CH0457,0,dababy,1,3,0,0
CH0458,0,juice wrld,1,1,0,0
CH0459,0,doja cat,1,4,1,0
CH0462,0,katy perry,1,1,1,0
CH0463,0,taylor swift,1,2,0,0
CH0464,0,halsey,1,1,0,0
CH0465,0,jonas brothers,1,1,0,0
CH0466,0,beyonce,1,3,1,0
CH0468,0,nicki minaj,1,1,1,0
CH0469,0,imagine dragons,1,4,1,0
CH0470,0,lil baby,1,2,0,0
CH0472,0,juice wrld,1,1,0,0
CH0473,0,chris brown,1,2,0,0
CH0474,0,juice wrld,1,1,0,0
CH0476,0,katy perry,1,1,1,0
CH0477,0,luke combs,1,0,1,0
CH0478,0,lil wayne,1,4,0,0
CH0479,0,xxxtentacion,1,1,0,0
CH0481,0,camila cabello,1,1,0,0
CH0482,0,juice wrld,1,1,0,0
CH0484,0,drake,1,0,0,0
CH0485,0,juice wrld,1,1,1,0
CH0487,0,twenty one pilots,1,2,1,0
CH0490,0,drake,1,0,1,0
CH0491,0,drake,1,0,1,0
CH0492,0,meghan trainor,1,4,1,0
CH0493,0,p!nk,1,4,0,0
CH0494,0,chris brown,1,2,0,0
CH0495,0,xxxtentacion,1,1,0,0
CH0496,0,post malone,1,4,0,0
CH0497,0,taylor swift,1,2,0,0
CH0498,0,lil baby,1,2,0,0
CH0500,0,luke combs,1,0,1,0
CH0501,0,taylor swift,1,2,1,0
CH0502,0,xxxtentacion,1,1,1,0
CH0503,0,taylor swift,1,2,1,0
CH0504,0,chris brown,1,2,0,0
CH0505,0,post malone,1,4,1,0
CH0506,0,bruno mars,1,1,0,0
CH0507,0,travis scott,1,1,0,0
CH0508,0,rascal flatts,1,0,1,0
CH0509,0,camila cabello,1,1,1,0
CH0510,0,chris brown,1,2,0,0
CH0512,0,drake,1,0,0,0
CH0513,0,the weeknd,1,3,0,0
CH0514,0,kendrick lamar,1,3,0,0
CH0516,0,nicki minaj,1,1,1,0
CH0517,0,ed sheeran,1,3,0,0
CH0518,0,future,1,3,0,0
CH0519,0,the weeknd,1,3,1,0
CH0520,0,ed sheeran,1,3,0,0
CH0522,0,the weeknd,1,3,0,0
CH0524,0,rihanna,1,3,0,0
CH0525,0,katy perry,1,1,0,0
CH0529,0,fergie,1,1,1,0
CH0530,0,drake,1,0,0,0
CH0531,0,drake,1,0,1,0
CH0533,0,rascal flatts,1,0,0,0
CH0534,0,taylor swift,1,2,1,0
CH0535,0,the weeknd,1,3,1,0
CH0536,0,justin bieber,1,2,0,0
CH0538,0,gwen stefani,1,4,1,0
CH0541,0,justin bieber,1,2,0,0
CH0542,0,gwen stefani,1,4,0,0
CH0543,0,halsey,1,1,1,0
CH0544,0,drake,1,0,0,0
CH0546,0,justin bieber,1,2,0,0
CH0547,0,justin bieber,1,2,0,0
CH0548,0,justin bieber,1,2,0,0
CH0549,0,justin bieber,1,2,1,0
CH0550,0,chris brown,1,2,0,0
CH0551,0,justin bieber,1,2,1,0
CH0552,0,one direction,1,4,0,0
CH0553,0,one direction,1,4,1,0
CH0554,0,justin bieber,1,2,1,0
CH0555,0,one direction,1,4,1,0
CH0557,0,one direction,1,4,1,0
CH0558,0,justin bieber,1,2,0,0
CH0559,0,one direction,1,4,0,0
CH0560,0,maroon 5,1,0,1,0
CH0561,0,nicki minaj,1,1,1,0
CH0562,0,future,1,3,1,0
CH0564,0,kendrick lamar,1,3,0,0
CH0565,0,twenty one pilots,1,2,0,0
CH0566,0,drake,1,0,1,0
CH0567,0,imagine dragons,1,4,1,0
CH0568,0,drake,1,0,0,0
CH0569,0,kendrick lamar,1,3,0,0
CH0570,0,drake,1,0,0,0
CH0571,0,kendrick lamar,1,3,1,0
CH0572,0,drake,1,0,0,0
CH0573,0,twenty one pilots,1,2,0,0
CH0575,0,fergie,1,1,1,0
CH0576,0,one direction,1,4,1,0
CH0577,0,the weeknd,1,3,0,0
CH0578,0,kendrick lamar,1,3,0,0
CH0579,0,gwen stefani,1,4,0,0
CH0580,0,katy perry,1,1,0,0
CH0581,0,one direction,1,4,0,0
CH0582,0,nicki minaj,1,1,0,0
CH0583,0,pharrell williams,1,4,1,0
CH0584,0,usher,1,4,1,0
CH0585,0,bruno mars,1,1,0,0
CH0586,0,rascal flatts,1,0,1,0
CH0587,0,coldplay,1,1,1,0
CH0588,0,imagine dragons,1,4,1,0
CH0589,0,katy perry,1,1,0,0
CH0590,0,beyonce,1,3,1,0
CH0591,0,drake,1,0,0,0
CH0592,0,justin timberlake,1,2,1,0
CH0593,0,justin bieber,1,2,0,0
CH0595,0,future,1,3,1,0
CH0596,0,britney spears,1,2,0,0
CH0597,0,drake,1,0,0,0
CH0598,0,daughtry,1,3,0,0
CH0600,0,one direction,1,4,1,0
CH0601,0,one direction,1,4,0,0
CH0602,0,rihanna,1,3,0,0
CH0603,0,bruno mars,1,1,0,0
CH0604,0,one direction,1,4,1,0
CH0605,0,britney spears,1,2,1,0
CH0607,0,justin timberlake,1,2,0,0
CH0608,0,britney spears,1,2,1,0
CH0609,0,avril lavigne,1,0,1,0
CH0610,0,chris brown,1,2,1,0
CH0612,0,one direction,1,4,0,0
CH0613,0,justin timberlake,1,2,0,0
CH0614,0,future,1,3,1,0
CH0615,0,ke$ha,1,0,1,0
CH0616,0,kendrick lamar,1,3,0,0
CH0617,0,rascal flatts,1,0,0,0
CH0618,0,nicki minaj,1,1,1,0
CH0619,0,one direction,1,4,0,0
CH0620,0,the weeknd,1,3,0,0
CH0621,0,chris brown,1,2,1,0
CH0622,0,adele,1,4,1,0
CH0623,0,one direction,1,4,1,0
CH0624,0,taylor swift,1,2,1,0
CH0625,0,future,1,3,1,0
CH0626,0,rascal flatts,1,0,0,0
CH0627,0,beyonce,1,3,0,0
CH0628,0,one direction,1,4,1,0
CH0629,0,taylor swift,1,2,1,0
CH0630,0,taylor swift,1,2,0,0
CH0631,0,rascal flatts,1,0,0,0
CH0633,0,justin bieber,1,2,0,0
CH0635,0,nickelback,1,3,1,0
CH0636,0,avril lavigne,1,0,0,0
CH0637,0,lil wayne,1,4,0,0
CH0638,0,beyonce,1,3,1,0
CH0639,0,nicki minaj,1,1,1,0
CH0640,0,taylor swift,1,2,0,0
CH0641,0,taylor swift,1,2,0,0
CH0642,0,drake,1,0,1,0
CH0643,0,britney spears,1,2,0,0
CH0644,0,drake,1,0,1,0
CH0645,0,rihanna,1,3,0,0
CH0646,0,taylor swift,1,2,1,0
CH0647,0,rihanna,1,3,1,0
CH0648,0,maroon 5,1,0,0,0
CH0649,0,drake,1,0,0,0
CH0650,0,avril lavigne,1,0,1,0
CH0651,0,taylor swift,1,2,1,0
CH0652,0,rascal flatts,1,0,0,0
CH0653,0,nicki minaj,1,1,0,0
CH0654,0,chris brown,1,2,0,0
CH0655,0,nicki minaj,1,1,1,0
CH0657,0,rascal flatts,1,0,1,0
CH0658,0,daughtry,1,3,1,0
CH0659,0,akon,1,4,1,0
CH0660,0,ne-yo,1,0,0,0
CH0661,0,ne-yo,1,0,1,0
CH0662,0,nickelback,1,3,1,0
CH0663,0,p!nk,1,4,0,0
CH0664,0,ne-yo,1,0,0,0
CH0666,0,justin bieber,1,2,1,0
CH0669,0,rascal flatts,1,0,1,0
CH0670,0,taylor swift,1,2,1,0
CH0671,0,avril lavigne,1,0,1,0
CH0672,0,taylor swift,1,2,1,0
CH0674,0,rihanna,1,3,1,0
CH0676,0,justin bieber,1,2,0,0
CH0677,0,usher,1,4,1,0
CH0678,0,nickelback,1,3,0,0
CH0680,0,chris brown,1,2,1,0
CH0681,0,lil wayne,1,4,0,0
CH0682,0,p!nk,1,4,1,0
CH0683,0,justin bieber,1,2,0,0
CH0685,0,justin bieber,1,2,0,0
CH0686,0,rascal flatts,1,0,1,0
CH0687,0,beyonce,1,3,0,0
CH0688,0,sean paul,1,1,0,0
CH0690,0,daughtry,1,3,0,0
CH0692,0,rascal flatts,1,0,0,0
CH0693,0,lil wayne,1,4,0,0
CH0694,0,katy perry,1,1,0,0
CH0697,0,taylor swift,1,2,1,0
CH0698,0,rihanna,1,3,0,0
CH0699,0,usher,1,4,0,0
CH0700,0,rascal flatts,1,0,0,0
CH0702,0,leona lewis,1,1,1,0
CH0703,0,daughtry,1,3,0,0
CH0704,0,nickelback,1,3,0,0
CH0705,0,jonas brothers,1,1,0,0
CH0706,0,jonas brothers,1,1,1,0
CH0707,0,taylor swift,1,2,1,0
CH0708,0,chris brown,1,2,0,0
CH0711,0,usher,1,4,1,0
CH0712,0,jonas brothers,1,1,1,0
CH0713,0,jonas brothers,1,1,0,0
CH0715,0,taylor swift,1,2,0,0
CH0716,0,britney spears,1,2,1,0
CH0717,0,maroon 5,1,0,0,0
CH0718,0,ne-yo,1,0,1,0
CH0719,0,daughtry,1,3,0,0
CH0720,0,maroon 5,1,0,0,0
CH0721,0,chris brown,1,2,1,0
CH0722,0,britney spears,1,2,0,0
CH0724,0,rascal flatts,1,0,0,0
CH0726,0,jonas brothers,1,1,1,0
CH0728,0,rascal flatts,1,0,1,0
CH0729,0,akon,1,4,1,0
CH0730,0,ne-yo,1,0,1,0
CH0731,0,avril lavigne,1,0,0,0
CH0732,0,gwen stefani,1,4,1,0
CH0733,0,beyonce,1,3,0,0
CH0737,0,rascal flatts,1,0,0,0
CH0738,0,jonas brothers,1,1,1,0
CH0739,0,rascal flatts,1,0,0,0
CH0740,0,taylor swift,1,2,0,0
CH0743,0,beyonce,1,3,0,0
CH0744,0,beyonce,1,3,1,0
CH0745,0,rascal flatts,1,0,0,0
CH0747,0,gwen stefani,1,4,1,0
CH0748,0,gwen stefani,1,4,1,0
CH0749,0,rihanna,1,3,0,0
CH0751,0,rascal flatts,1,0,0,0
CH0001,1,the weeknd,2,4,0,0
CH0002,1,olivia rodrigo,2,2,0,0
CH0003,1,olivia rodrigo,2,2,0,0
CH0005,1,bts,2,2,1,0
CH0006,1,olivia rodrigo,2,2,1,0
CH0008,1,ed sheeran,2,4,0,0
CH0009,1,luke combs,2,2,0,0
CH0013,1,olivia rodrigo,2,2,0,0
CH0014,1,bts,2,2,0,0
CH0015,1,doja cat,2,3,1,0
CH0016,1,taylor swift,2,3,1,0
CH0017,1,luke combs,2,2,0,0
CH0018,1,doja cat,2,3,0,0
CH0019,1,drake,2,0,0,0
CH0020,1,justin bieber,2,2,0,0
CH0022,1,the weeknd,2,4,1,0
CH0024,1,post malone,2,4,0,0
CH0026,1,maroon 5,2,0,0,0
CH0027,1,doja cat,2,3,1,0
CH0030,1,the weeknd,2,4,1,0
CH0031,1,dababy,2,4,1,0
CH0032,1,drake,2,0,1,0
CH0034,1,lil baby,2,0,0,0
CH0035,1,travis scott,2,2,0,0
CH0037,1,justin bieber,2,2,0,0
CH0039,1,lil baby,2,0,1,0
CH0040,1,lil baby,2,0,0,0
CH0041,1,jonas brothers,2,1,0,0
CH0042,1,lil baby,2,0,0,0
CH0043,1,halsey,2,2,0,0
CH0045,1,luke combs,2,2,0,0
CH0046,1,juice wrld,2,1,0,0
CH0048,1,luke combs,2,2,0,0
CH0049,1,halsey,2,2,1,0
CH0050,1,post malone,2,4,0,0
CH0052,1,travis scott,2,2,0,0
CH0053,1,jonas brothers,2,1,1,0
CH0055,1,dababy,2,4,1,0
CH0057,1,post malone,2,4,0,0
CH0060,1,taylor swift,2,3,1,0
CH0061,1,luke combs,2,2,1,0
CH0062,1,juice wrld,2,1,1,0
CH0064,1,luke combs,2,2,1,0
CH0068,1,lil baby,2,0,0,0
CH0069,1,p!nk,2,3,1,0
CH0070,1,juice wrld,2,1,0,0
CH0071,1,drake,2,0,1,0
CH0072,1,ed sheeran,2,4,0,0
CH0073,1,drake,2,0,0,0
CH0074,1,drake,2,0,0,0
CH0075,1,xxxtentacion,2,2,1,0
CH0076,1,camila cabello,2,2,0,0
CH0078,1,imagine dragons,2,1,0,0
CH0079,1,taylor swift,2,3,0,0
CH0080,1,halsey,2,2,0,0
CH0081,1,imagine dragons,2,1,1,0
CH0082,1,post malone,2,4,0,0
CH0085,1,drake,2,0,1,0
CH0087,1,maroon 5,2,0,0,0
CH0090,1,imagine dragons,2,1,1,0
CH0091,1,ed sheeran,2,4,0,0
CH0092,1,the weeknd,2,4,0,0
CH0093,1,drake,2,0,1,0
CH0094,1,xxxtentacion,2,2,0,0
CH0095,1,xxxtentacion,2,2,0,0
CH0096,1,luke combs,2,2,1,0
CH0097,1,imagine dragons,2,1,1,0
CH0098,1,bruno mars,2,0,1,0
CH0099,1,kendrick lamar,2,2,1,0
CH0100,1,future,2,1,1,0
CH0101,1,bruno mars,2,0,0,0
CH0103,1,rihanna,2,4,0,0
CH0104,1,drake,2,0,1,0
CH0105,1,taylor swift,2,3,0,0
CH0106,1,ed sheeran,2,4,0,0
CH0107,1,the chainsmokers,2,1,0,0
CH0109,1,halsey,2,2,0,0
CH0110,1,kendrick lamar,2,2,0,0
CH0111,1,drake,2,0,0,0
CH0112,1,travis scott,2,2,0,0
CH0113,1,luke combs,2,2,1,0
CH0114,1,p!nk,2,3,1,0
CH0116,1,adele,2,0,1,0
CH0119,1,justin bieber,2,2,1,0
CH0120,1,justin bieber,2,2,0,0
CH0121,1,twenty one pilots,2,1,0,0
CH0122,1,adele,2,0,0,0
CH0123,1,rihanna,2,4,1,0
CH0124,1,twenty one pilots,2,1,0,0
CH0126,1,drake,2,0,1,0
CH0127,1,adele,2,0,1,0
CH0128,1,justin bieber,2,2,1,0
CH0129,1,the weeknd,2,4,1,0
CH0130,1,p!nk,2,3,0,0
CH0132,1,drake,2,0,1,0
CH0133,1,meghan trainor,2,2,0,0
CH0135,1,the weeknd,2,4,0,0
CH0136,1,meghan trainor,2,2,0,0
CH0137,1,post malone,2,4,1,0
CH0138,1,the weeknd,2,4,1,0
CH0139,1,coldplay,2,1,0,0
CH0140,1,travis scott,2,2,0,0
CH0141,1,taylor swift,2,3,1,0
CH0142,1,adele,2,0,0,0
CH0143,1,chris brown,2,0,0,0
CH0144,1,coldplay,2,1,1,0
CH0145,1,future,2,1,0,0
CH0146,1,ed sheeran,2,4,0,0
CH0148,1,maroon 5,2,0,0,0
CH0149,1,taylor swift,2,3,1,0
CH0150,1,the weeknd,2,4,0,0
CH0151,1,taylor swift,2,3,0,0
CH0152,1,meghan trainor,2,2,0,0
CH0154,1,meghan trainor,2,2,0,0
CH0155,1,taylor swift,2,3,1,0
CH0156,1,ed sheeran,2,4,1,0
CH0157,1,maroon 5,2,0,0,0
CH0158,1,rihanna,2,4,1,0
CH0160,1,beyonce,2,4,0,0
CH0161,1,one direction,2,3,0,0
CH0163,1,meghan trainor,2,2,1,0
CH0164,1,ed sheeran,2,4,0,0
CH0165,1,one direction,2,3,0,0
CH0166,1,drake,2,0,1,0
CH0167,1,pharrell williams,2,3,0,0
CH0168,1,imagine dragons,2,1,0,0
CH0169,1,one direction,2,3,0,0
CH0170,1,maroon 5,2,0,1,0
CH0171,1,nicki minaj,2,4,0,0
CH0173,1,justin timberlake,2,2,0,0
CH0174,1,katy perry,2,1,0,0
CH0175,1,coldplay,2,1,0,0
CH0176,1,imagine dragons,2,1,0,0
CH0177,1,katy perry,2,1,0,0
CH0178,1,beyonce,2,4,0,0
CH0179,1,drake,2,0,0,0
CH0180,1,justin timberlake,2,2,1,0
CH0181,1,bruno mars,2,0,0,0
CH0182,1,bruno mars,2,0,0,0
CH0183,1,taylor swift,2,3,0,0
CH0185,1,rihanna,2,4,0,0
CH0186,1,drake,2,0,0,0
CH0187,1,maroon 5,2,0,0,0
CH0189,1,maroon 5,2,0,1,0
CH0190,1,imagine dragons,2,1,0,0
CH0191,1,maroon 5,2,0,1,0
CH0192,1,p!nk,2,3,0,0
CH0193,1,ke$ha,2,2,0,0
CH0195,1,rihanna,2,4,1,0
CH0196,1,taylor swift,2,3,1,0
CH0197,1,one direction,2,3,1,0
CH0198,1,ed sheeran,2,4,0,0
CH0199,1,kendrick lamar,2,2,0,0
CH0200,1,ne-yo,2,1,1,0
CH0201,1,nicki minaj,2,4,0,0
CH0202,1,one direction,2,3,0,0
CH0203,1,adele,2,0,1,0
CH0205,1,katy perry,2,1,0,0
CH0206,1,rihanna,2,4,1,0
CH0207,1,bruno mars,2,0,1,0
CH0208,1,justin bieber,2,2,1,0
CH0209,1,katy perry,2,1,1,0
CH0210,1,taylor swift,2,3,1,0
CH0211,1,p!nk,2,3,1,0
CH0212,1,katy perry,2,1,0,0
CH0213,1,adele,2,0,1,0
CH0214,1,chris brown,2,0,1,0
CH0215,1,adele,2,0,0,0
CH0216,1,coldplay,2,1,1,0
CH0218,1,adele,2,0,0,0
CH0219,1,usher,2,3,0,0
CH0220,1,nicki minaj,2,4,0,0
CH0221,1,chris brown,2,0,0,0
CH0222,1,rihanna,2,4,0,0
CH0223,1,katy perry,2,1,0,0
CH0224,1,bruno mars,2,0,0,0
CH0225,1,nicki minaj,2,4,1,0
CH0226,1,rihanna,2,4,1,0
CH0227,1,katy perry,2,1,1,0
CH0228,1,bruno mars,2,0,1,0
CH0229,1,p!nk,2,3,1,0
CH0231,1,p!nk,2,3,1,0
CH0232,1,lil wayne,2,4,0,0
CH0233,1,bruno mars,2,0,0,0
CH0234,1,britney spears,2,3,1,0
CH0236,1,ke$ha,2,2,1,0
CH0237,1,ke$ha,2,2,1,0
CH0238,1,rihanna,2,4,1,0
CH0239,1,britney spears,2,3,1,0
CH0240,1,chris brown,2,0,1,0
CH0242,1,britney spears,2,3,1,0
CH0243,1,usher,2,3,0,0
CH0244,1,avril lavigne,2,4,1,0
CH0246,1,taylor swift,2,3,1,0
CH0247,1,katy perry,2,1,1,0
CH0248,1,rihanna,2,4,0,0
CH0249,1,drake,2,0,0,0
CH0250,1,beyonce,2,4,1,0
CH0251,1,chris brown,2,0,1,0
CH0252,1,ke$ha,2,2,1,0
CH0254,1,rihanna,2,4,1,0
CH0256,1,ke$ha,2,2,1,0
CH0257,1,drake,2,0,0,0
CH0259,1,taylor swift,2,3,0,0
CH0260,1,taylor swift,2,3,1,0
CH0261,1,ke$ha,2,2,0,0
CH0262,1,drake,2,0,0,0
CH0263,1,maroon 5,2,0,0,0
CH0265,1,nicki minaj,2,4,1,0
CH0267,1,britney spears,2,3,1,0
CH0269,1,usher,2,3,0,0
CH0270,1,taylor swift,2,3,1,0
CH0271,1,beyonce,2,4,1,0
CH0273,1,daughtry,2,1,0,0
CH0276,1,taylor swift,2,3,0,0
CH0277,1,beyonce,2,4,1,0
CH0280,1,drake,2,0,0,0
CH0281,1,beyonce,2,4,1,0
CH0282,1,katy perry,2,1,1,0
CH0283,1,britney spears,2,3,1,0
CH0285,1,katy perry,2,1,0,0
CH0286,1,p!nk,2,3,1,0
CH0287,1,britney spears,2,3,1,0
CH0288,1,ne-yo,2,1,1,0
CH0290,1,p!nk,2,3,1,0
CH0291,1,beyonce,2,4,1,0
CH0292,1,nickelback,2,1,0,0
CH0293,1,p!nk,2,3,1,0
CH0294,1,coldplay,2,1,0,0
CH0295,1,akon,2,1,0,0
CH0296,1,ne-yo,2,1,0,0
CH0297,1,daughtry,2,1,0,0
CH0298,1,nickelback,2,1,1,0
CH0299,1,britney spears,2,3,1,0
CH0300,1,taylor swift,2,3,0,0
CH0301,1,rihanna,2,4,1,0
CH0302,1,beyonce,2,4,0,0
CH0303,1,justin bieber,2,2,0,0
CH0305,1,leona lewis,2,1,0,0
CH0307,1,chris brown,2,0,0,0
CH0308,1,chris brown,2,0,0,0
CH0309,1,rihanna,2,4,0,0
CH0310,1,katy perry,2,1,1,0
CH0311,1,rihanna,2,4,1,0
CH0312,1,ne-yo,2,1,0,0
CH0313,1,fergie,2,2,0,0
CH0315,1,taylor swift,2,3,1,0
CH0316,1,lil wayne,2,4,1,0
CH0318,1,taylor swift,2,3,0,0
CH0319,1,leona lewis,2,1,1,0
CH0320,1,jonas brothers,2,1,1,0
CH0321,1,fergie,2,2,0,0
CH0322,1,britney spears,2,3,1,0
CH0324,1,daughtry,2,1,1,0
CH0325,1,beyonce,2,4,1,0
CH0327,1,akon,2,1,1,0
CH0328,1,avril lavigne,2,4,1,0
CH0329,1,maroon 5,2,0,1,0
CH0330,1,daughtry,2,1,1,0
CH0331,1,fergie,2,2,1,0
CH0332,1,justin timberlake,2,2,0,0
CH0334,1,daughtry,2,1,1,0
CH0336,1,p!nk,2,3,0,0
CH0337,1,nickelback,2,1,0,0
CH0338,1,justin timberlake,2,2,0,0
CH0339,1,nickelback,2,1,0,0
CH0340,1,ne-yo,2,1,0,0
CH0341,1,justin timberlake,2,2,0,0
CH0342,1,avril lavigne,2,4,0,0
CH0343,1,p!nk,2,3,1,0
CH0344,1,gwen stefani,2,3,1,0
CH0345,1,rihanna,2,4,0,0
CH0346,1,nickelback,2,1,0,0
CH0347,1,justin timberlake,2,2,1,0
CH0348,1,sean paul,2,1,1,0
CH0350,1,chris brown,2,0,1,0
CH0351,1,ne-yo,2,1,1,0
CH0352,1,rihanna,2,4,1,0
CH0353,1,fergie,2,2,0,0
CH0354,1,rascal flatts,2,0,1,0
CH0355,1,rihanna,2,4,0,0
CH0356,1,chris brown,2,0,0,0
CH0357,1,t.i.,2,3,1,0
CH0358,1,nickelback,2,1,0,0
CH0359,1,ne-yo,2,1,0,0
CH0360,1,rascal flatts,2,0,1,0
CH0362,1,sean paul,2,1,1,0
CH0363,1,chris brown,2,0,1,0
CH0365,1,ne-yo,2,1,1,0
CH0366,1,p!nk,2,3,0,0
CH0367,0,adele,2,0,1,0
CH0368,0,taylor swift,2,3,0,0
CH0369,0,adele,2,0,0,0
CH0370,0,ed sheeran,2,4,0,0
CH0371,0,adele,2,0,0,0
CH0372,0,adele,2,0,0,0
CH0373,0,adele,2,0,0,0
CH0374,0,adele,2,0,1,0
CH0375,0,justin bieber,2,2,0,0
CH0376,0,adele,2,0,1,0
CH0378,0,adele,2,0,1,0
CH0379,0,luke combs,2,2,0,0
CH0380,0,adele,2,0,0,0
CH0381,0,adele,2,0,0,0
CH0382,0,adele,2,0,1,0
CH0383,0,juice wrld,2,1,1,0
CH0385,0,taylor swift,2,3,1,0
CH0386,0,doja cat,2,3,1,0
CH0387,0,luke combs,2,2,1,0
CH0388,0,taylor swift,2,3,0,0
CH0389,0,travis scott,2,2,1,0
CH0390,0,jonas brothers,2,1,1,0
CH0391,0,bts,2,2,0,0
CH0392,0,post malone,2,4,0,0
CH0393,0,doja cat,2,3,1,0
CH0394,0,camila cabello,2,2,0,0
CH0395,0,dababy,2,4,1,0
CH0396,0,olivia rodrigo,2,2,0,0
CH0397,0,olivia rodrigo,2,2,1,0
CH0398,0,dababy,2,4,0,0
CH0400,0,olivia rodrigo,2,2,0,0
CH0401,0,justin bieber,2,2,0,0
CH0402,0,dababy,2,4,0,0
CH0403,0,justin bieber,2,2,0,0
CH0405,0,justin bieber,2,2,0,0
CH0408,0,ed sheeran,2,4,0,0
CH0410,0,justin bieber,2,2,0,0
CH0412,0,taylor swift,2,3,0,0
CH0414,0,taylor swift,2,3,1,0
CH0416,0,bts,2,2,1,0
CH0417,0,bts,2,2,1,0
CH0418,0,bts,2,2,1,0
CH0422,0,bts,2,2,0,0
CH0423,0,bts,2,2,1,0
CH0424,0,bts,2,2,1,0
CH0428,0,juice wrld,2,1,0,0
CH0429,0,juice wrld,2,1,1,0
CH0430,0,juice wrld,2,1,0,0
CH0432,0,juice wrld,2,1,0,0
CH0433,0,juice wrld,2,1,1,0
CH0434,0,juice wrld,2,1,0,0
CH0436,0,juice wrld,2,1,0,0
CH0437,0,juice wrld,2,1,0,0
CH0438,0,juice wrld,2,1,0,0
CH0439,0,juice wrld,2,1,0,0
CH0440,0,juice wrld,2,1,0,0
CH0441,0,the weeknd,2,4,1,0
CH0442,0,the weeknd,2,4,0,0
CH0443,0,the weeknd,2,4,1,0
CH0444,0,the weeknd,2,4,0,0
CH0445,0,the weeknd,2,4,1,0
CH0447,0,the weeknd,2,4,0,0
CH0448,0,the weeknd,2,4,1,0
CH0449,0,the weeknd,2,4,1,0
CH0450,0,the weeknd,2,4,1,0
CH0451,0,the weeknd,2,4,1,0
CH0452,0,jonas brothers,2,1,0,0
CH0454,0,jonas brothers,2,1,1,0
CH0455,0,taylor swift,2,3,0,0
CH0456,0,halsey,2,2,0,0
CH0457,0,dababy,2,4,0,0
CH0458,0,juice wrld,2,1,0,0
CH0459,0,doja cat,2,3,1,0
CH0462,0,katy perry,2,1,0,0
CH0463,0,taylor swift,2,3,0,0
CH0464,0,halsey,2,2,0,0
CH0465,0,jonas brothers,2,1,0,0
CH0466,0,beyonce,2,4,1,0
CH0468,0,nicki minaj,2,4,0,0
CH0469,0,imagine dragons,2,1,0,0
CH0470,0,lil baby,2,0,0,0
CH0472,0,juice wrld,2,1,0,0
CH0473,0,chris brown,2,0,0,0
CH0474,0,juice wrld,2,1,1,0
CH0476,0,katy perry,2,1,0,0
CH0477,0,luke combs,2,2,1,0
CH0478,0,lil wayne,2,4,0,0
CH0479,0,xxxtentacion,2,2,0,0
CH0481,0,camila cabello,2,2,0,0
CH0482,0,juice wrld,2,1,0,0
CH0484,0,drake,2,0,0,0
CH0485,0,juice wrld,2,1,0,0
CH0487,0,twenty one pilots,2,1,0,0
CH0490,0,drake,2,0,1,0
CH0491,0,drake,2,0,1,0
CH0492,0,meghan trainor,2,2,1,0
CH0493,0,p!nk,2,3,0,0
CH0494,0,chris brown,2,0,1,0
CH0495,0,xxxtentacion,2,2,0,0
CH0496,0,post malone,2,4,0,0
CH0497,0,taylor swift,2,3,0,0
CH0498,0,lil baby,2,0,1,0
CH0500,0,luke combs,2,2,1,0
CH0501,0,taylor swift,2,3,0,0
CH0502,0,xxxtentacion,2,2,1,0
CH0503,0,taylor swift,2,3,0,0
CH0504,0,chris brown,2,0,1,0
CH0505,0,post malone,2,4,1,0
CH0506,0,bruno mars,2,0,0,0
CH0507,0,travis scott,2,2,1,0
CH0508,0,rascal flatts,2,0,1,0
CH0509,0,camila cabello,2,2,0,0
CH0510,0,chris brown,2,0,0,0
CH0512,0,drake,2,0,1,0
CH0513,0,the weeknd,2,4,0,0
CH0514,0,kendrick lamar,2,2,0,0
CH0516,0,nicki minaj,2,4,0,0
CH0517,0,ed sheeran,2,4,0,0
CH0518,0,future,2,1,0,0
CH0519,0,the weeknd,2,4,1,0
CH0520,0,ed sheeran,2,4,0,0
CH0522,0,the weeknd,2,4,0,0
CH0524,0,rihanna,2,4,0,0
CH0525,0,katy perry,2,1,0,0
CH0529,0,fergie,2,2,0,0
CH0530,0,drake,2,0,0,0
CH0531,0,drake,2,0,0,0
CH0533,0,rascal flatts,2,0,0,0
CH0534,0,taylor swift,2,3,1,0
CH0535,0,the weeknd,2,4,1,0
CH0536,0,justin bieber,2,2,0,0
CH0538,0,gwen stefani,2,3,1,0
CH0541,0,justin bieber,2,2,1,0
CH0542,0,gwen stefani,2,3,1,0
CH0543,0,halsey,2,2,1,0
CH0544,0,drake,2,0,0,0
CH0546,0,justin bieber,2,2,0,0
CH0547,0,justin bieber,2,2,0,0
CH0548,0,justin bieber,2,2,0,0
CH0549,0,justin bieber,2,2,1,0
CH0550,0,chris brown,2,0,0,0
CH0551,0,justin bieber,2,2,1,0
CH0552,0,one direction,2,3,1,0
CH0553,0,one direction,2,3,0,0
CH0554,0,justin bieber,2,2,1,0
CH0555,0,one direction,2,3,1,0
CH0557,0,one direction,2,3,0,0
CH0558,0,justin bieber,2,2,0,0
CH0559,0,one direction,2,3,0,0
CH0560,0,maroon 5,2,0,0,0
CH0561,0,nicki minaj,2,4,1,0
CH0562,0,future,2,1,0,0
CH0564,0,kendrick lamar,2,2,0,0
CH0565,0,twenty one pilots,2,1,0,0
CH0566,0,drake,2,0,1,0
CH0567,0,imagine dragons,2,1,1,0
CH0568,0,drake,2,0,1,0
CH0569,0,kendrick lamar,2,2,0,0
CH0570,0,drake,2,0,0,0
CH0571,0,kendrick lamar,2,2,1,0
CH0572,0,drake,2,0,1,0
CH0573,0,twenty one pilots,2,1,0,0
CH0575,0,fergie,2,2,0,0
CH0576,0,one direction,2,3,1,0
CH0577,0,the weeknd,2,4,0,0
CH0578,0,kendrick lamar,2,2,0,0
CH0579,0,gwen stefani,2,3,1,0
CH0580,0,katy perry,2,1,0,0
CH0581,0,one direction,2,3,1,0
CH0582,0,nicki minaj,2,4,0,0
CH0583,0,pharrell williams,2,3,1,0
CH0584,0,usher,2,3,0,0
CH0585,0,bruno mars,2,0,0,0
CH0586,0,rascal flatts,2,0,0,0
CH0587,0,coldplay,2,1,1,0
CH0588,0,imagine dragons,2,1,0,0
CH0589,0,katy perry,2,1,1,0
CH0590,0,beyonce,2,4,1,0
CH0591,0,drake,2,0,0,0
CH0592,0,justin timberlake,2,2,0,0
CH0593,0,justin bieber,2,2,1,0
CH0595,0,future,2,1,1,0
CH0596,0,britney spears,2,3,1,0
CH0597,0,drake,2,0,0,0
CH0598,0,daughtry,2,1,1,0
CH0600,0,one direction,2,3,0,0
CH0601,0,one direction,2,3,0,0
CH0602,0,rihanna,2,4,1,0
CH0603,0,bruno mars,2,0,0,0
CH0604,0,one direction,2,3,0,0
CH0605,0,britney spears,2,3,1,0
CH0607,0,justin timberlake,2,2,0,0
CH0608,0,britney spears,2,3,1,0
CH0609,0,avril lavigne,2,4,1,0
CH0610,0,chris brown,2,0,1,0
CH0612,0,one direction,2,3,0,0
CH0613,0,justin timberlake,2,2,0,0
CH0614,0,future,2,1,1,0
CH0615,0,ke$ha,2,2,0,0
CH0616,0,kendrick lamar,2,2,1,0
CH0617,0,rascal flatts,2,0,0,0
CH0618,0,nicki minaj,2,4,1,0
CH0619,0,one direction,2,3,0,0
CH0620,0,the weeknd,2,4,0,0
CH0621,0,chris brown,2,0,0,0
CH0622,0,adele,2,0,0,0
CH0623,0,one direction,2,3,1,0
CH0624,0,taylor swift,2,3,1,0
CH0625,0,future,2,1,1,0
CH0626,0,rascal flatts,2,0,0,0
CH0627,0,beyonce,2,4,0,0
CH0628,0,one direction,2,3,0,0
CH0629,0,taylor swift,2,3,1,0
CH0630,0,taylor swift,2,3,1,0
CH0631,0,rascal flatts,2,0,1,0
CH0633,0,justin bieber,2,2,0,0
CH0635,0,nickelback,2,1,1,0
CH0636,0,avril lavigne,2,4,0,0
CH0637,0,lil wayne,2,4,0,0
CH0638,0,beyonce,2,4,1,0
CH0639,0,nicki minaj,2,4,1,0
CH0640,0,taylor swift,2,3,0,0
CH0641,0,taylor swift,2,3,1,0
CH0642,0,drake,2,0,1,0
CH0643,0,britney spears,2,3,0,0
CH0644,0,drake,2,0,0,0
CH0645,0,rihanna,2,4,0,0
CH0646,0,taylor swift,2,3,0,0
CH0647,0,rihanna,2,4,1,0
CH0648,0,maroon 5,2,0,0,0
CH0649,0,drake,2,0,0,0
CH0650,0,avril lavigne,2,4,1,0
CH0651,0,taylor swift,2,3,1,0
CH0652,0,rascal flatts,2,0,0,0
CH0653,0,nicki minaj,2,4,0,0
CH0654,0,chris brown,2,0,0,0
CH0655,0,nicki minaj,2,4,0,0
CH0657,0,rascal flatts,2,0,0,0
CH0658,0,daughtry,2,1,0,0
CH0659,0,akon,2,1,1,0
CH0660,0,ne-yo,2,1,0,0
CH0661,0,ne-yo,2,1,0,0
CH0662,0,nickelback,2,1,1,0
CH0663,0,p!nk,2,3,0,0
CH0664,0,ne-yo,2,1,0,0
CH0666,0,justin bieber,2,2,1,0
CH0669,0,rascal flatts,2,0,0,0
CH0670,0,taylor swift,2,3,1,0
CH0671,0,avril lavigne,2,4,1,0
CH0672,0,taylor swift,2,3,0,0
CH0674,0,rihanna,2,4,0,0
CH0676,0,justin bieber,2,2,0,0
CH0677,0,usher,2,3,0,0
CH0678,0,nickelback,2,1,0,0
CH0680,0,chris brown,2,0,1,0
CH0681,0,lil wayne,2,4,1,0
CH0682,0,p!nk,2,3,1,0
CH0683,0,justin bieber,2,2,0,0
CH0685,0,justin bieber,2,2,1,0
CH0686,0,rascal flatts,2,0,0,0
CH0687,0,beyonce,2,4,0,0
CH0688,0,sean paul,2,1,1,0
CH0690,0,daughtry,2,1,1,0
CH0692,0,rascal flatts,2,0,0,0
CH0693,0,lil wayne,2,4,0,0
CH0694,0,katy perry,2,1,0,0
CH0697,0,taylor swift,2,3,1,0
CH0698,0,rihanna,2,4,0,0
CH0699,0,usher,2,3,1,0
CH0700,0,rascal flatts,2,0,0,0
CH0702,0,leona lewis,2,1,0,0
CH0703,0,daughtry,2,1,0,0
CH0704,0,nickelback,2,1,1,0
CH0705,0,jonas brothers,2,1,1,0
CH0706,0,jonas brothers,2,1,1,0
CH0707,0,taylor swift,2,3,0,0
CH0708,0,chris brown,2,0,0,0
CH0711,0,usher,2,3,1,0
CH0712,0,jonas brothers,2,1,1,0
CH0713,0,jonas brothers,2,1,1,0
CH0715,0,taylor swift,2,3,0,0
CH0716,0,britney spears,2,3,1,0
CH0717,0,maroon 5,2,0,0,0
CH0718,0,ne-yo,2,1,0,0
CH0719,0,daughtry,2,1,0,0
CH0720,0,maroon 5,2,0,0,0
CH0721,0,chris brown,2,0,0,0
CH0722,0,britney spears,2,3,0,0
CH0724,0,rascal flatts,2,0,0,0
CH0726,0,jonas brothers,2,1,1,0
CH0728,0,rascal flatts,2,0,1,0
CH0729,0,akon,2,1,0,0
CH0730,0,ne-yo,2,1,0,0
CH0731,0,avril lavigne,2,4,0,0
CH0732,0,gwen stefani,2,3,1,0
CH0733,0,beyonce,2,4,0,0
CH0737,0,rascal flatts,2,0,0,0
CH0738,0,jonas brothers,2,1,0,0
CH0739,0,rascal flatts,2,0,0,0
CH0740,0,taylor swift,2,3,0,0
CH0743,0,beyonce,2,4,0,0
CH0744,0,beyonce,2,4,1,0
CH0745,0,rascal flatts,2,0,1,0
CH0747,0,gwen stefani,2,3,1,0
CH0748,0,gwen stefani,2,3,1,0
CH0749,0,rihanna,2,4,1,0
CH0751,0,rascal flatts,2,0,0,0
CH0001,1,the weeknd,3,4,1,0
CH0002,1,olivia rodrigo,3,1,0,0
CH0003,1,olivia rodrigo,3,1,0,0
CH0005,1,bts,3,3,0,0
CH0006,1,olivia rodrigo,3,1,1,0
CH0008,1,ed sheeran,3,1,1,0
CH0009,1,luke combs,3,3,0,0
CH0013,1,olivia rodrigo,3,1,0,0
CH0014,1,bts,3,3,0,0
CH0015,1,doja cat,3,2,1,0
CH0016,1,taylor swift,3,0,1,0
CH0017,1,luke combs,3,3,0,0
CH0018,1,doja cat,3,2,0,0
CH0019,1,drake,3,4,0,0
CH0020,1,justin bieber,3,2,1,0
CH0022,1,the weeknd,3,4,1,0
CH0024,1,post malone,3,1,0,0
CH0026,1,maroon 5,3,0,0,0
CH0027,1,doja cat,3,2,1,0
CH0030,1,the weeknd,3,4,1,0
CH0031,1,dababy,3,0,0,0
CH0032,1,drake,3,4,1,0
CH0034,1,lil baby,3,0,0,0
CH0035,1,travis scott,3,0,0,0
CH0037,1,justin bieber,3,2,0,0
CH0039,1,lil baby,3,0,1,0
CH0040,1,lil baby,3,0,0,0
CH0041,1,jonas brothers,3,1,0,0
CH0042,1,lil baby,3,0,0,0
CH0043,1,halsey,3,3,1,0
CH0045,1,luke combs,3,3,0,0
CH0046,1,juice wrld,3,1,0,0
CH0048,1,luke combs,3,3,0,0
CH0049,1,halsey,3,3,0,0
CH0050,1,post malone,3,1,1,0
CH0052,1,travis scott,3,0,1,0
CH0053,1,jonas brothers,3,1,0,0
CH0055,1,dababy,3,0,0,0
CH0057,1,post malone,3,1,0,0
CH0060,1,taylor swift,3,0,1,0
CH0061,1,luke combs,3,3,0,0
CH0062,1,juice wrld,3,1,0,0
CH0064,1,luke combs,3,3,0,0
CH0068,1,lil baby,3,0,0,0
CH0069,1,p!nk,3,3,1,0
CH0070,1,juice wrld,3,1,0,0
CH0071,1,drake,3,4,0,0
CH0072,1,ed sheeran,3,1,1,0
CH0073,1,drake,3,4,0,0
CH0074,1,drake,3,4,1,0
CH0075,1,xxxtentacion,3,2,1,0
CH0076,1,camila cabello,3,1,0,0
CH0078,1,imagine dragons,3,2,0,0
CH0079,1,taylor swift,3,0,0,0
CH0080,1,halsey,3,3,0,0
CH0081,1,imagine dragons,3,2,1,0
CH0082,1,post malone,3,1,0,0
CH0085,1,drake,3,4,1,0
CH0087,1,maroon 5,3,0,1,0
CH0090,1,imagine dragons,3,2,1,0
CH0091,1,ed sheeran,3,1,1,0
CH0092,1,the weeknd,3,4,0,0
CH0093,1,drake,3,4,1,0
CH0094,1,xxxtentacion,3,2,0,0
CH0095,1,xxxtentacion,3,2,0,0
CH0096,1,luke combs,3,3,1,0
CH0097,1,imagine dragons,3,2,1,0
CH0098,1,bruno mars,3,1,1,0
CH0099,1,kendrick lamar,3,3,0,0
CH0100,1,future,3,3,1,0
CH0101,1,bruno mars,3,1,0,0
CH0103,1,rihanna,3,4,0,0
CH0104,1,drake,3,4,1,0
CH0105,1,taylor swift,3,0,1,0
CH0106,1,ed sheeran,3,1,0,0
CH0107,1,the chainsmokers,3,0,0,0
CH0109,1,halsey,3,3,0,0
CH0110,1,kendrick lamar,3,3,1,0
CH0111,1,drake,3,4,0,0
CH0112,1,travis scott,3,0,1,0
CH0113,1,luke combs,3,3,0,0
CH0114,1,p!nk,3,3,0,0
CH0116,1,adele,3,4,0,0
CH0119,1,justin bieber,3,2,1,0
CH0120,1,justin bieber,3,2,0,0
CH0121,1,twenty one pilots,3,2,0,0
CH0122,1,adele,3,4,0,0
CH0123,1,rihanna,3,4,1,0
CH0124,1,twenty one pilots,3,2,0,0
CH0126,1,drake,3,4,0,0
CH0127,1,adele,3,4,0,0
CH0128,1,justin bieber,3,2,1,0
CH0129,1,the weeknd,3,4,0,0
CH0130,1,p!nk,3,3,0,0
CH0132,1,drake,3,4,1,0
CH0133,1,meghan trainor,3,4,1,0
CH0135,1,the weeknd,3,4,1,0
CH0136,1,meghan trainor,3,4,0,0
CH0137,1,post malone,3,1,0,0
CH0138,1,the weeknd,3,4,1,0
CH0139,1,coldplay,3,1,0,0
CH0140,1,travis scott,3,0,0,0
CH0141,1,taylor swift,3,0,1,0
CH0142,1,adele,3,4,0,0
CH0143,1,chris brown,3,1,0,0
CH0144,1,coldplay,3,1,1,0
CH0145,1,future,3,3,1,0
CH0146,1,ed sheeran,3,1,0,0
CH0148,1,maroon 5,3,0,0,0
CH0149,1,taylor swift,3,0,1,0
CH0150,1,the weeknd,3,4,0,0
CH0151,1,taylor swift,3,0,0,0
CH0152,1,meghan trainor,3,4,1,0
CH0154,1,meghan trainor,3,4,0,0
CH0155,1,taylor swift,3,0,1,0
CH0156,1,ed sheeran,3,1,1,0
CH0157,1,maroon 5,3,0,1,0
CH0158,1,rihanna,3,4,1,0
CH0160,1,beyonce,3,0,0,0
CH0161,1,one direction,3,3,0,0
CH0163,1,meghan trainor,3,4,1,0
CH0164,1,ed sheeran,3,1,0,0
CH0165,1,one direction,3,3,0,0
CH0166,1,drake,3,4,0,0
CH0167,1,pharrell williams,3,3,0,0
CH0168,1,imagine dragons,3,2,0,0
CH0169,1,one direction,3,3,1,0
CH0170,1,maroon 5,3,0,0,0
CH0171,1,nicki minaj,3,2,0,0
CH0173,1,justin timberlake,3,3,0,0
CH0174,1,katy perry,3,2,1,0
CH0175,1,coldplay,3,1,0,0
CH0176,1,imagine dragons,3,2,0,0
CH0177,1,katy perry,3,2,1,0
CH0178,1,beyonce,3,0,0,0
CH0179,1,drake,3,4,0,0
CH0180,1,justin timberlake,3,3,0,0
CH0181,1,bruno mars,3,1,0,0
CH0182,1,bruno mars,3,1,0,0
CH0183,1,taylor swift,3,0,1,0
CH0185,1,rihanna,3,4,1,0
CH0186,1,drake,3,4,0,0
CH0187,1,maroon 5,3,0,0,0
CH0189,1,maroon 5,3,0,1,0
CH0190,1,imagine dragons,3,2,0,0
CH0191,1,maroon 5,3,0,1,0
CH0192,1,p!nk,3,3,1,0
CH0193,1,ke$ha,3,2,0,0
CH0195,1,rihanna,3,4,0,0
CH0196,1,taylor swift,3,0,1,0
CH0197,1,one direction,3,3,1,0
CH0198,1,ed sheeran,3,1,0,0
CH0199,1,kendrick lamar,3,3,0,0
CH0200,1,ne-yo,3,1,1,0
CH0201,1,nicki minaj,3,2,0,0
CH0202,1,one direction,3,3,0,0
CH0203,1,adele,3,4,0,0
CH0205,1,katy perry,3,2,0,0
CH0206,1,rihanna,3,4,1,0
CH0207,1,bruno mars,3,1,1,0
CH0208,1,justin bieber,3,2,1,0
CH0209,1,katy perry,3,2,1,0
CH0210,1,taylor swift,3,0,1,0
CH0211,1,p!nk,3,3,1,0
CH0212,1,katy perry,3,2,0,0
CH0213,1,adele,3,4,1,0
CH0214,1,chris brown,3,1,1,0
CH0215,1,adele,3,4,0,0
CH0216,1,coldplay,3,1,0,0
CH0218,1,adele,3,4,1,0
CH0219,1,usher,3,0,0,0
CH0220,1,nicki minaj,3,2,0,0
CH0221,1,chris brown,3,1,1,0
CH0222,1,rihanna,3,4,0,0
CH0223,1,katy perry,3,2,1,0
CH0224,1,bruno mars,3,1,0,0
CH0225,1,nicki minaj,3,2,0,0
CH0226,1,rihanna,3,4,1,0
CH0227,1,katy perry,3,2,0,0
CH0228,1,bruno mars,3,1,1,0
CH0229,1,p!nk,3,3,1,0
CH0231,1,p!nk,3,3,0,0
CH0232,1,lil wayne,3,3,0,0
CH0233,1,bruno mars,3,1,0,0
CH0234,1,britney spears,3,3,0,0
CH0236,1,ke$ha,3,2,1,0
CH0237,1,ke$ha,3,2,1,0
CH0238,1,rihanna,3,4,1,0
CH0239,1,britney spears,3,3,1,0
CH0240,1,chris brown,3,1,0,0
CH0242,1,britney spears,3,3,1,0
CH0243,1,usher,3,0,0,0
CH0244,1,avril lavigne,3,1,1,0
CH0246,1,taylor swift,3,0,1,0
CH0247,1,katy perry,3,2,1,0
CH0248,1,rihanna,3,4,0,0
CH0249,1,drake,3,4,1,0
CH0250,1,beyonce,3,0,1,0
CH0251,1,chris brown,3,1,1,0
CH0252,1,ke$ha,3,2,1,0
CH0254,1,rihanna,3,4,1,0
CH0256,1,ke$ha,3,2,1,0
CH0257,1,drake,3,4,0,0
CH0259,1,taylor swift,3,0,0,0
CH0260,1,taylor swift,3,0,1,0
CH0261,1,ke$ha,3,2,1,0
CH0262,1,drake,3,4,1,0
CH0263,1,maroon 5,3,0,0,0
CH0265,1,nicki minaj,3,2,1,0
CH0267,1,britney spears,3,3,1,0
CH0269,1,usher,3,0,0,0
CH0270,1,taylor swift,3,0,1,0
CH0271,1,beyonce,3,0,0,0
CH0273,1,daughtry,3,3,0,0
CH0276,1,taylor swift,3,0,1,0
CH0277,1,beyonce,3,0,1,0
CH0280,1,drake,3,4,0,0
CH0281,1,beyonce,3,0,1,0
CH0282,1,katy perry,3,2,1,0
CH0283,1,britney spears,3,3,1,0
CH0285,1,katy perry,3,2,0,0
CH0286,1,p!nk,3,3,0,0
CH0287,1,britney spears,3,3,0,0
CH0288,1,ne-yo,3,1,0,0
CH0290,1,p!nk,3,3,1,0
CH0291,1,beyonce,3,0,1,0
CH0292,1,nickelback,3,2,0,0
CH0293,1,p!nk,3,3,1,0
CH0294,1,coldplay,3,1,0,0
CH0295,1,akon,3,4,0,0
CH0296,1,ne-yo,3,1,1,0
CH0297,1,daughtry,3,3,0,0
CH0298,1,nickelback,3,2,1,0
CH0299,1,britney spears,3,3,0,0
CH0300,1,taylor swift,3,0,1,0
CH0301,1,rihanna,3,4,1,0
CH0302,1,beyonce,3,0,0,0
CH0303,1,justin bieber,3,2,0,0
CH0305,1,leona lewis,3,0,1,0
CH0307,1,chris brown,3,1,1,0
CH0308,1,chris brown,3,1,1,0
CH0309,1,rihanna,3,4,0,0
CH0310,1,katy perry,3,2,1,0
CH0311,1,rihanna,3,4,1,0
CH0312,1,ne-yo,3,1,0,0
CH0313,1,fergie,3,2,0,0
CH0315,1,taylor swift,3,0,1,0
CH0316,1,lil wayne,3,3,1,0
CH0318,1,taylor swift,3,0,1,0
CH0319,1,leona lewis,3,0,1,0
CH0320,1,jonas brothers,3,1,1,0
CH0321,1,fergie,3,2,0,0
CH0322,1,britney spears,3,3,1,0
CH0324,1,daughtry,3,3,0,0
CH0325,1,beyonce,3,0,1,0
CH0327,1,akon,3,4,1,0
CH0328,1,avril lavigne,3,1,1,0
CH0329,1,maroon 5,3,0,1,0
CH0330,1,daughtry,3,3,0,0
CH0331,1,fergie,3,2,1,0
CH0332,1,justin timberlake,3,3,0,0
CH0334,1,daughtry,3,3,1,0
CH0336,1,p!nk,3,3,0,0
CH0337,1,nickelback,3,2,0,0
CH0338,1,justin timberlake,3,3,0,0
CH0339,1,nickelback,3,2,0,0
CH0340,1,ne-yo,3,1,1,0
CH0341,1,justin timberlake,3,3,1,0
CH0342,1,avril lavigne,3,1,0,0
CH0343,1,p!nk,3,3,0,0
CH0344,1,gwen stefani,3,2,1,0
CH0345,1,rihanna,3,4,0,0
CH0346,1,nickelback,3,2,0,0
CH0347,1,justin timberlake,3,3,1,0
CH0348,1,sean paul,3,2,0,0
CH0350,1,chris brown,3,1,1,0
CH0351,1,ne-yo,3,1,1,0
CH0352,1,rihanna,3,4,1,0
CH0353,1,fergie,3,2,0,0
CH0354,1,rascal flatts,3,0,1,0
CH0355,1,rihanna,3,4,0,0
CH0356,1,chris brown,3,1,1,0
CH0357,1,t.i.,3,1,0,0
CH0358,1,nickelback,3,2,0,0
CH0359,1,ne-yo,3,1,0,0
CH0360,1,rascal flatts,3,0,1,0
CH0362,1,sean paul,3,2,1,0
CH0363,1,chris brown,3,1,1,0
CH0365,1,ne-yo,3,1,1,0
CH0366,1,p!nk,3,3,0,0
CH0367,0,adele,3,4,1,0
CH0368,0,taylor swift,3,0,0,0
CH0369,0,adele,3,4,0,0
CH0370,0,ed sheeran,3,1,0,0
CH0371,0,adele,3,4,0,0
CH0372,0,adele,3,4,0,0
CH0373,0,adele,3,4,0,0
CH0374,0,adele,3,4,1,0
CH0375,0,justin bieber,3,2,1,0
CH0376,0,adele,3,4,1,0
CH0378,0,adele,3,4,1,0
CH0379,0,luke combs,3,3,0,0
CH0380,0,adele,3,4,0,0
CH0381,0,adele,3,4,0,0
CH0382,0,adele,3,4,1,0
CH0383,0,juice wrld,3,1,1,0
CH0385,0,taylor swift,3,0,1,0
CH0386,0,doja cat,3,2,1,0
CH0387,0,luke combs,3,3,0,0
CH0388,0,taylor swift,3,0,1,0
CH0389,0,travis scott,3,0,0,0
CH0390,0,jonas brothers,3,1,0,0
CH0391,0,bts,3,3,0,0
CH0392,0,post malone,3,1,1,0
CH0393,0,doja cat,3,2,1,0
CH0394,0,camila cabello,3,1,0,0
CH0395,0,dababy,3,0,0,0
CH0396,0,olivia rodrigo,3,1,0,0
CH0397,0,olivia rodrigo,3,1,1,0
CH0398,0,dababy,3,0,0,0
CH0400,0,olivia rodrigo,3,1,0,0
CH0401,0,justin bieber,3,2,0,0
CH0402,0,dababy,3,0,1,0
CH0403,0,justin bieber,3,2,1,0
CH0405,0,justin bieber,3,2,0,0
CH0408,0,ed sheeran,3,1,0,0
CH0410,0,justin bieber,3,2,0,0
CH0412,0,taylor swift,3,0,0,0
CH0414,0,taylor swift,3,0,1,0
CH0416,0,bts,3,3,0,0
CH0417,0,bts,3,3,0,0
CH0418,0,bts,3,3,1,0
CH0422,0,bts,3,3,0,0
CH0423,0,bts,3,3,1,0
CH0424,0,bts,3,3,1,0
CH0428,0,juice wrld,3,1,0,0
CH0429,0,juice wrld,3,1,1,0
CH0430,0,juice wrld,3,1,0,0
CH0432,0,juice wrld,3,1,0,0
CH0433,0,juice wrld,3,1,0,0
CH0434,0,juice wrld,3,1,0,0
CH0436,0,juice wrld,3,1,0,0
CH0437,0,juice wrld,3,1,1,0
CH0438,0,juice wrld,3,1,1,0
CH0439,0,juice wrld,3,1,0,0
CH0440,0,juice wrld,3,1,0,0
CH0441,0,the weeknd,3,4,1,0
CH0442,0,the weeknd,3,4,0,0
CH0443,0,the weeknd,3,4,1,0
CH0444,0,the weeknd,3,4,0,0
CH0445,0,the weeknd,3,4,1,0
CH0447,0,the weeknd,3,4,0,0
CH0448,0,the weeknd,3,4,0,0
CH0449,0,the weeknd,3,4,1,0
CH0450,0,the weeknd,3,4,0,0
CH0451,0,the weeknd,3,4,0,0
CH0452,0,jonas brothers,3,1,1,0
CH0454,0,jonas brothers,3,1,1,0
CH0455,0,taylor swift,3,0,1,0
CH0456,0,halsey,3,3,0,0
CH0457,0,dababy,3,0,0,0
CH0458,0,juice wrld,3,1,0,0
CH0459,0,doja cat,3,2,1,0
CH0462,0,katy perry,3,2,1,0
CH0463,0,taylor swift,3,0,0,0
CH0464,0,halsey,3,3,0,0
CH0465,0,jonas brothers,3,1,0,0
CH0466,0,beyonce,3,0,1,0
CH0468,0,nicki minaj,3,2,0,0
CH0469,0,imagine dragons,3,2,0,0
CH0470,0,lil baby,3,0,1,0
CH0472,0,juice wrld,3,1,0,0
CH0473,0,chris brown,3,1,1,0
CH0474,0,juice wrld,3,1,1,0
CH0476,0,katy perry,3,2,0,0
CH0477,0,luke combs,3,3,0,0
CH0478,0,lil wayne,3,3,1,0
CH0479,0,xxxtentacion,3,2,1,0
CH0481,0,camila cabello,3,1,0,0
CH0482,0,juice wrld,3,1,0,0
CH0484,0,drake,3,4,1,0
CH0485,0,juice wrld,3,1,0,0
CH0487,0,twenty one pilots,3,2,0,0
CH0490,0,drake,3,4,1,0
CH0491,0,drake,3,4,1,0
CH0492,0,meghan trainor,3,4,1,0
CH0493,0,p!nk,3,3,0,0
CH0494,0,chris brown,3,1,0,0
CH0495,0,xxxtentacion,3,2,1,0
CH0496,0,post malone,3,1,0,0
CH0497,0,taylor swift,3,0,0,0
CH0498,0,lil baby,3,0,0,0
CH0500,0,luke combs,3,3,1,0
CH0501,0,taylor swift,3,0,1,0
CH0502,0,xxxtentacion,3,2,1,0
CH0503,0,taylor swift,3,0,0,0
CH0504,0,chris brown,3,1,1,0
CH0505,0,post malone,3,1,1,0
CH0506,0,bruno mars,3,1,0,0
CH0507,0,travis scott,3,0,0,0
CH0508,0,rascal flatts,3,0,1,0
CH0509,0,camila cabello,3,1,0,0
CH0510,0,chris brown,3,1,0,0
CH0512,0,drake,3,4,1,0
CH0513,0,the weeknd,3,4,0,0
CH0514,0,kendrick lamar,3,3,0,0
CH0516,0,nicki minaj,3,2,0,0
CH0517,0,ed sheeran,3,1,1,0
CH0518,0,future,3,3,0,0
CH0519,0,the weeknd,3,4,1,0
CH0520,0,ed sheeran,3,1,0,0
CH0522,0,the weeknd,3,4,0,0
CH0524,0,rihanna,3,4,0,0
CH0525,0,katy perry,3,2,0,0
CH0529,0,fergie,3,2,0,0
CH0530,0,drake,3,4,1,0
CH0531,0,drake,3,4,1,0
CH0533,0,rascal flatts,3,0,0,0
CH0534,0,taylor swift,3,0,1,0
CH0535,0,the weeknd,3,4,1,0
CH0536,0,justin bieber,3,2,1,0
CH0538,0,gwen stefani,3,2,1,0
CH0541,0,justin bieber,3,2,1,0
CH0542,0,gwen stefani,3,2,1,0
CH0543,0,halsey,3,3,1,0
CH0544,0,drake,3,4,0,0
CH0546,0,justin bieber,3,2,0,0
CH0547,0,justin bieber,3,2,0,0
CH0548,0,justin bieber,3,2,0,0
CH0549,0,justin bieber,3,2,1,0
CH0550,0,chris brown,3,1,0,0
CH0551,0,justin bieber,3,2,1,0
CH0552,0,one direction,3,3,0,0
CH0553,0,one direction,3,3,0,0
CH0554,0,justin bieber,3,2,1,0
CH0555,0,one direction,3,3,1,0
CH0557,0,one direction,3,3,0,0
CH0558,0,justin bieber,3,2,0,0
CH0559,0,one direction,3,3,0,0
CH0560,0,maroon 5,3,0,1,0
CH0561,0,nicki minaj,3,2,1,0
CH0562,0,future,3,3,1,0
CH0564,0,kendrick lamar,3,3,1,0
CH0565,0,twenty one pilots,3,2,0,0
CH0566,0,drake,3,4,1,0
CH0567,0,imagine dragons,3,2,1,0
CH0568,0,drake,3,4,1,0
CH0569,0,kendrick lamar,3,3,0,0
CH0570,0,drake,3,4,0,0
CH0571,0,kendrick lamar,3,3,1,0
CH0572,0,drake,3,4,1,0
CH0573,0,twenty one pilots,3,2,1,0
CH0575,0,fergie,3,2,0,0
CH0576,0,one direction,3,3,1,0
CH0577,0,the weeknd,3,4,0,0
CH0578,0,kendrick lamar,3,3,0,0
CH0579,0,gwen stefani,3,2,0,0
CH0580,0,katy perry,3,2,0,0
CH0581,0,one direction,3,3,0,0
CH0582,0,nicki minaj,3,2,0,0
CH0583,0,pharrell williams,3,3,1,0
CH0584,0,usher,3,0,1,0
CH0585,0,bruno mars,3,1,1,0
CH0586,0,rascal flatts,3,0,1,0
CH0587,0,coldplay,3,1,0,0
CH0588,0,imagine dragons,3,2,1,0
CH0589,0,katy perry,3,2,0,0
CH0590,0,beyonce,3,0,1,0
CH0591,0,drake,3,4,1,0
CH0592,0,justin timberlake,3,3,1,0
CH0593,0,justin bieber,3,2,1,0
CH0595,0,future,3,3,0,0
CH0596,0,britney spears,3,3,1,0
CH0597,0,drake,3,4,1,0
CH0598,0,daughtry,3,3,1,0
CH0600,0,one direction,3,3,1,0
CH0601,0,one direction,3,3,0,0
CH0602,0,rihanna,3,4,0,0
CH0603,0,bruno mars,3,1,0,0
CH0604,0,one direction,3,3,1,0
CH0605,0,britney spears,3,3,1,0
CH0607,0,justin timberlake,3,3,1,0
CH0608,0,britney spears,3,3,1,0
CH0609,0,avril lavigne,3,1,0,0
CH0610,0,chris brown,3,1,1,0
CH0612,0,one direction,3,3,0,0
CH0613,0,justin timberlake,3,3,0,0
CH0614,0,future,3,3,1,0
CH0615,0,ke$ha,3,2,0,0
CH0616,0,kendrick lamar,3,3,1,0
CH0617,0,rascal flatts,3,0,0,0
CH0618,0,nicki minaj,3,2,1,0
CH0619,0,one direction,3,3,0,0
CH0620,0,the weeknd,3,4,1,0
CH0621,0,chris brown,3,1,0,0
CH0622,0,adele,3,4,0,0
CH0623,0,one direction,3,3,1,0
CH0624,0,taylor swift,3,0,1,0
CH0625,0,future,3,3,1,0
CH0626,0,rascal flatts,3,0,0,0
CH0627,0,beyonce,3,0,0,0
CH0628,0,one direction,3,3,1,0
CH0629,0,taylor swift,3,0,0,0
CH0630,0,taylor swift,3,0,0,0
CH0631,0,rascal flatts,3,0,1,0
CH0633,0,justin bieber,3,2,1,0
CH0635,0,nickelback,3,2,0,0
CH0636,0,avril lavigne,3,1,1,0
CH0637,0,lil wayne,3,3,0,0
CH0638,0,beyonce,3,0,1,0
CH0639,0,nicki minaj,3,2,1,0
CH0640,0,taylor swift,3,0,0,0
CH0641,0,taylor swift,3,0,1,0
CH0642,0,drake,3,4,1,0
CH0643,0,britney spears,3,3,0,0
CH0644,0,drake,3,4,0,0
CH0645,0,rihanna,3,4,0,0
CH0646,0,taylor swift,3,0,1,0
CH0647,0,rihanna,3,4,1,0
CH0648,0,maroon 5,3,0,1,0
CH0649,0,drake,3,4,0,0
CH0650,0,avril lavigne,3,1,1,0
CH0651,0,taylor swift,3,0,1,0
CH0652,0,rascal flatts,3,0,0,0
CH0653,0,nicki minaj,3,2,0,0
CH0654,0,chris brown,3,1,1,0
CH0655,0,nicki minaj,3,2,0,0
CH0657,0,rascal flatts,3,0,1,0
CH0658,0,daughtry,3,3,1,0
CH0659,0,akon,3,4,1,0
CH0660,0,ne-yo,3,1,0,0
CH0661,0,ne-yo,3,1,1,0
CH0662,0,nickelback,3,2,0,0
CH0663,0,p!nk,3,3,0,0
CH0664,0,ne-yo,3,1,1,0
CH0666,0,justin bieber,3,2,1,0
CH0669,0,rascal flatts,3,0,1,0
CH0670,0,taylor swift,3,0,1,0
CH0671,0,avril lavigne,3,1,0,0
CH0672,0,taylor swift,3,0,1,0
CH0674,0,rihanna,3,4,0,0
CH0676,0,justin bieber,3,2,0,0
CH0677,0,usher,3,0,0,0
CH0678,0,nickelback,3,2,0,0
CH0680,0,chris brown,3,1,1,0
CH0681,0,lil wayne,3,3,0,0
CH0682,0,p!nk,3,3,1,0
CH0683,0,justin bieber,3,2,1,0
CH0685,0,justin bieber,3,2,1,0
CH0686,0,rascal flatts,3,0,1,0
CH0687,0,beyonce,3,0,0,0
CH0688,0,sean paul,3,2,0,0
CH0690,0,daughtry,3,3,0,0
CH0692,0,rascal flatts,3,0,0,0
CH0693,0,lil wayne,3,3,1,0
CH0694,0,katy perry,3,2,0,0
CH0697,0,taylor swift,3,0,1,0
CH0698,0,rihanna,3,4,0,0
CH0699,0,usher,3,0,0,0
CH0700,0,rascal flatts,3,0,0,0
CH0702,0,leona lewis,3,0,1,0
CH0703,0,daughtry,3,3,0,0
CH0704,0,nickelback,3,2,0,0
CH0705,0,jonas brothers,3,1,1,0
CH0706,0,jonas brothers,3,1,1,0
CH0707,0,taylor swift,3,0,1,0
CH0708,0,chris brown,3,1,0,0
CH0711,0,usher,3,0,1,0
CH0712,0,jonas brothers,3,1,1,0
CH0713,0,jonas brothers,3,1,0,0
CH0715,0,taylor swift,3,0,1,0
CH0716,0,britney spears,3,3,1,0
CH0717,0,maroon 5,3,0,0,0
CH0718,0,ne-yo,3,1,0,0
CH0719,0,daughtry,3,3,1,0
CH0720,0,maroon 5,3,0,1,0
CH0721,0,chris brown,3,1,0,0
CH0722,0,britney spears,3,3,0,0
CH0724,0,rascal flatts,3,0,1,0
CH0726,0,jonas brothers,3,1,1,0
CH0728,0,rascal flatts,3,0,1,0
CH0729,0,akon,3,4,0,0
CH0730,0,ne-yo,3,1,0,0
CH0731,0,avril lavigne,3,1,1,0
CH0732,0,gwen stefani,3,2,1,0
CH0733,0,beyonce,3,0,0,0
CH0737,0,rascal flatts,3,0,0,0
CH0738,0,jonas brothers,3,1,0,0
CH0739,0,rascal flatts,3,0,0,0
CH0740,0,taylor swift,3,0,0,0
CH0743,0,beyonce,3,0,1,0
CH0744,0,beyonce,3,0,1,0
CH0745,0,rascal flatts,3,0,1,0
CH0747,0,gwen stefani,3,2,1,0
CH0748,0,gwen stefani,3,2,1,0
CH0749,0,rihanna,3,4,0,0
CH0751,0,rascal flatts,3,0,1,0
CH0001,1,the weeknd,4,3,0,0
CH0002,1,olivia rodrigo,4,3,0,0
CH0003,1,olivia rodrigo,4,3,0,0
CH0005,1,bts,4,4,1,0
CH0006,1,olivia rodrigo,4,3,1,0
CH0008,1,ed sheeran,4,2,0,0
CH0009,1,luke combs,4,2,0,0
CH0013,1,olivia rodrigo,4,3,0,0
CH0014,1,bts,4,4,1,0
CH0015,1,doja cat,4,3,0,0
CH0016,1,taylor swift,4,1,1,0
CH0017,1,luke combs,4,2,0,0
CH0018,1,doja cat,4,3,0,0
CH0019,1,drake,4,0,1,0
CH0020,1,justin bieber,4,2,0,0
CH0022,1,the weeknd,4,3,1,0
CH0024,1,post malone,4,2,0,0
CH0026,1,maroon 5,4,0,0,0
CH0027,1,doja cat,4,3,1,0
CH0030,1,the weeknd,4,3,1,0
CH0031,1,dababy,4,3,0,0
CH0032,1,drake,4,0,0,0
CH0034,1,lil baby,4,3,1,0
CH0035,1,travis scott,4,1,1,0
CH0037,1,justin bieber,4,2,1,0
CH0039,1,lil baby,4,3,0,0
CH0040,1,lil baby,4,3,1,0
CH0041,1,jonas brothers,4,1,0,0
CH0042,1,lil baby,4,3,0,0
CH0043,1,halsey,4,4,1,0
CH0045,1,luke combs,4,2,0,0
CH0046,1,juice wrld,4,1,0,0
CH0048,1,luke combs,4,2,0,0
CH0049,1,halsey,4,4,1,0
CH0050,1,post malone,4,2,0,0
CH0052,1,travis scott,4,1,1,0
CH0053,1,jonas brothers,4,1,1,0
CH0055,1,dababy,4,3,1,0
CH0057,1,post malone,4,2,0,0
CH0060,1,taylor swift,4,1,1,0
CH0061,1,luke combs,4,2,0,0
CH0062,1,juice wrld,4,1,0,0
CH0064,1,luke combs,4,2,1,0
CH0068,1,lil baby,4,3,0,0
CH0069,1,p!nk,4,4,1,0
CH0070,1,juice wrld,4,1,0,0
CH0071,1,drake,4,0,0,0
CH0072,1,ed sheeran,4,2,0,0
CH0073,1,drake,4,0,0,0
CH0074,1,drake,4,0,1,0
CH0075,1,xxxtentacion,4,1,1,0
CH0076,1,camila cabello,4,3,0,0
CH0078,1,imagine dragons,4,4,1,0
CH0079,1,taylor swift,4,1,1,0
CH0080,1,halsey,4,4,0,0
CH0081,1,imagine dragons,4,4,1,0
CH0082,1,post malone,4,2,0,0
CH0085,1,drake,4,0,1,0
CH0087,1,maroon 5,4,0,0,0
CH0090,1,imagine dragons,4,4,1,0
CH0091,1,ed sheeran,4,2,1,0
CH0092,1,the weeknd,4,3,0,0
CH0093,1,drake,4,0,1,0
CH0094,1,xxxtentacion,4,1,0,0
CH0095,1,xxxtentacion,4,1,0,0
CH0096,1,luke combs,4,2,0,0
CH0097,1,imagine dragons,4,4,1,0
CH0098,1,bruno mars,4,0,0,0
CH0099,1,kendrick lamar,4,2,0,0
CH0100,1,future,4,4,1,0
CH0101,1,bruno mars,4,0,0,0
CH0103,1,rihanna,4,3,0,0
CH0104,1,drake,4,0,1,0
CH0105,1,taylor swift,4,1,0,0
CH0106,1,ed sheeran,4,2,0,0
CH0107,1,the chainsmokers,4,2,0,0
CH0109,1,halsey,4,4,0,0
CH0110,1,kendrick lamar,4,2,1,0
CH0111,1,drake,4,0,0,0
CH0112,1,travis scott,4,1,1,0
CH0113,1,luke combs,4,2,0,0
CH0114,1,p!nk,4,4,0,0
CH0116,1,adele,4,3,0,0
CH0119,1,justin bieber,4,2,1,0
CH0120,1,justin bieber,4,2,0,0
CH0121,1,twenty one pilots,4,2,0,0
CH0122,1,adele,4,3,0,0
CH0123,1,rihanna,4,3,0,0
CH0124,1,twenty one pilots,4,2,1,0
CH0126,1,drake,4,0,1,0
CH0127,1,adele,4,3,0,0
CH0128,1,justin bieber,4,2,1,0
CH0129,1,the weeknd,4,3,1,0
CH0130,1,p!nk,4,4,0,0
CH0132,1,drake,4,0,1,0
CH0133,1,meghan trainor,4,0,0,0
CH0135,1,the weeknd,4,3,1,0
CH0136,1,meghan trainor,4,0,0,0
CH0137,1,post malone,4,2,1,0
CH0138,1,the weeknd,4,3,1,0
CH0139,1,coldplay,4,0,0,0
CH0140,1,travis scott,4,1,0,0
CH0141,1,taylor swift,4,1,1,0
CH0142,1,adele,4,3,0,0
CH0143,1,chris brown,4,4,0,0
CH0144,1,coldplay,4,0,0,0
CH0145,1,future,4,4,0,0
CH0146,1,ed sheeran,4,2,0,0
CH0148,1,maroon 5,4,0,0,0
CH0149,1,taylor swift,4,1,1,0
CH0150,1,the weeknd,4,3,1,0
CH0151,1,taylor swift,4,1,0,0
CH0152,1,meghan trainor,4,0,1,0
CH0154,1,meghan trainor,4,0,0,0
CH0155,1,taylor swift,4,1,1,0
CH0156,1,ed sheeran,4,2,1,0
CH0157,1,maroon 5,4,0,0,0
CH0158,1,rihanna,4,3,1,0
CH0160,1,beyonce,4,1,0,0
CH0161,1,one direction,4,4,1,0
CH0163,1,meghan trainor,4,0,1,0
CH0164,1,ed sheeran,4,2,0,0
CH0165,1,one direction,4,4,0,0
CH0166,1,drake,4,0,1,0
CH0167,1,pharrell williams,4,0,1,0
CH0168,1,imagine dragons,4,4,0,0
CH0169,1,one direction,4,4,1,0
CH0170,1,maroon 5,4,0,1,0
CH0171,1,nicki minaj,4,4,0,0
CH0173,1,justin timberlake,4,1,1,0
CH0174,1,katy perry,4,2,1,0
CH0175,1,coldplay,4,0,0,0
CH0176,1,imagine dragons,4,4,0,0
CH0177,1,katy perry,4,2,0,0
CH0178,1,beyonce,4,1,1,0
CH0179,1,drake,4,0,0,0
CH0180,1,justin timberlake,4,1,0,0
CH0181,1,bruno mars,4,0,0,0
CH0182,1,bruno mars,4,0,0,0
CH0183,1,taylor swift,4,1,0,0
CH0185,1,rihanna,4,3,0,0
CH0186,1,drake,4,0,0,0
CH0187,1,maroon 5,4,0,0,0
CH0189,1,maroon 5,4,0,1,0
CH0190,1,imagine dragons,4,4,0,0
CH0191,1,maroon 5,4,0,1,0
CH0192,1,p!nk,4,4,0,0
CH0193,1,ke$ha,4,1,0,0
CH0195,1,rihanna,4,3,0,0
CH0196,1,taylor swift,4,1,1,0
CH0197,1,one direction,4,4,1,0
CH0198,1,ed sheeran,4,2,0,0
CH0199,1,kendrick lamar,4,2,0,0
CH0200,1,ne-yo,4,0,1,0
CH0201,1,nicki minaj,4,4,1,0
CH0202,1,one direction,4,4,0,0
CH0203,1,adele,4,3,0,0
CH0205,1,katy perry,4,2,0,0
CH0206,1,rihanna,4,3,1,0
CH0207,1,bruno mars,4,0,0,0
CH0208,1,justin bieber,4,2,1,0
CH0209,1,katy perry,4,2,1,0
CH0210,1,taylor swift,4,1,1,0
CH0211,1,p!nk,4,4,1,0
CH0212,1,katy perry,4,2,0,0
CH0213,1,adele,4,3,1,0
CH0214,1,chris brown,4,4,1,0
CH0215,1,adele,4,3,0,0
CH0216,1,coldplay,4,0,0,0
CH0218,1,adele,4,3,1,0
CH0219,1,usher,4,3,0,0
CH0220,1,nicki minaj,4,4,0,0
CH0221,1,chris brown,4,4,1,0
CH0222,1,rihanna,4,3,0,0
CH0223,1,katy perry,4,2,1,0
CH0224,1,bruno mars,4,0,0,0
CH0225,1,nicki minaj,4,4,0,0
CH0226,1,rihanna,4,3,1,0
CH0227,1,katy perry,4,2,0,0
CH0228,1,bruno mars,4,0,1,0
CH0229,1,p!nk,4,4,1,0
CH0231,1,p!nk,4,4,0,0
CH0232,1,lil wayne,4,4,0,0
CH0233,1,bruno mars,4,0,0,0
CH0234,1,britney spears,4,2,0,0
CH0236,1,ke$ha,4,1,1,0
CH0237,1,ke$ha,4,1,1,0
CH0238,1,rihanna,4,3,1,0
CH0239,1,britney spears,4,2,1,0
CH0240,1,chris brown,4,4,1,0
CH0242,1,britney spears,4,2,1,0
CH0243,1,usher,4,3,0,0
CH0244,1,avril lavigne,4,4,1,0
CH0246,1,taylor swift,4,1,1,0
CH0247,1,katy perry,4,2,1,0
CH0248,1,rihanna,4,3,0,0
CH0249,1,drake,4,0,0,0
CH0250,1,beyonce,4,1,1,0
CH0251,1,chris brown,4,4,1,0
CH0252,1,ke$ha,4,1,1,0
CH0254,1,rihanna,4,3,1,0
CH0256,1,ke$ha,4,1,1,0
CH0257,1,drake,4,0,1,0
CH0259,1,taylor swift,4,1,0,0
CH0260,1,taylor swift,4,1,1,0
CH0261,1,ke$ha,4,1,0,0
CH0262,1,drake,4,0,1,0
CH0263,1,maroon 5,4,0,0,0
CH0265,1,nicki minaj,4,4,0,0
CH0267,1,britney spears,4,2,1,0
CH0269,1,usher,4,3,1,0
CH0270,1,taylor swift,4,1,1,0
CH0271,1,beyonce,4,1,0,0
CH0273,1,daughtry,4,2,0,0
CH0276,1,taylor swift,4,1,0,0
CH0277,1,beyonce,4,1,1,0
CH0280,1,drake,4,0,1,0
CH0281,1,beyonce,4,1,0,0
CH0282,1,katy perry,4,2,1,0
CH0283,1,britney spears,4,2,1,0
CH0285,1,katy perry,4,2,0,0
CH0286,1,p!nk,4,4,1,0
CH0287,1,britney spears,4,2,0,0
CH0288,1,ne-yo,4,0,0,0
CH0290,1,p!nk,4,4,1,0
CH0291,1,beyonce,4,1,1,0
CH0292,1,nickelback,4,3,0,0
CH0293,1,p!nk,4,4,1,0
CH0294,1,coldplay,4,0,0,0
CH0295,1,akon,4,3,0,0
CH0296,1,ne-yo,4,0,0,0
CH0297,1,daughtry,4,2,0,0
CH0298,1,nickelback,4,3,0,0
CH0299,1,britney spears,4,2,1,0
CH0300,1,taylor swift,4,1,0,0
CH0301,1,rihanna,4,3,1,0
CH0302,1,beyonce,4,1,0,0
CH0303,1,justin bieber,4,2,0,0
CH0305,1,leona lewis,4,1,1,0
CH0307,1,chris brown,4,4,1,0
CH0308,1,chris brown,4,4,1,0
CH0309,1,rihanna,4,3,0,0
CH0310,1,katy perry,4,2,1,0
CH0311,1,rihanna,4,3,1,0
CH0312,1,ne-yo,4,0,0,0
CH0313,1,fergie,4,4,1,0
CH0315,1,taylor swift,4,1,0,0
CH0316,1,lil wayne,4,4,1,0
CH0318,1,taylor swift,4,1,1,0
CH0319,1,leona lewis,4,1,1,0
CH0320,1,jonas brothers,4,1,1,0
CH0321,1,fergie,4,4,0,0
CH0322,1,britney spears,4,2,1,0
CH0324,1,daughtry,4,2,0,0
CH0325,1,beyonce,4,1,1,0
CH0327,1,akon,4,3,1,0
CH0328,1,avril lavigne,4,4,1,0
CH0329,1,maroon 5,4,0,1,0
CH0330,1,daughtry,4,2,1,0
CH0331,1,fergie,4,4,1,0
CH0332,1,justin timberlake,4,1,1,0
CH0334,1,daughtry,4,2,1,0
CH0336,1,p!nk,4,4,0,0
CH0337,1,nickelback,4,3,0,0
CH0338,1,justin timberlake,4,1,0,0
CH0339,1,nickelback,4,3,0,0
CH0340,1,ne-yo,4,0,1,0
CH0341,1,justin timberlake,4,1,1,0
CH0342,1,avril lavigne,4,4,0,0
CH0343,1,p!nk,4,4,0,0
CH0344,1,gwen stefani,4,0,1,0
CH0345,1,rihanna,4,3,0,0
CH0346,1,nickelback,4,3,0,0
CH0347,1,justin timberlake,4,1,1,0
CH0348,1,sean paul,4,4,1,0
CH0350,1,chris brown,4,4,1,0
CH0351,1,ne-yo,4,0,1,0
CH0352,1,rihanna,4,3,1,0
CH0353,1,fergie,4,4,0,0
CH0354,1,rascal flatts,4,0,1,0
CH0355,1,rihanna,4,3,1,0
CH0356,1,chris brown,4,4,1,0
CH0357,1,t.i.,4,1,0,0
CH0358,1,nickelback,4,3,0,0
CH0359,1,ne-yo,4,0,0,0
CH0360,1,rascal flatts,4,0,0,0
CH0362,1,sean paul,4,4,1,0
CH0363,1,chris brown,4,4,1,0
CH0365,1,ne-yo,4,0,1,0
CH0366,1,p!nk,4,4,0,0
CH0367,0,adele,4,3,1,0
CH0368,0,taylor swift,4,1,0,0
CH0369,0,adele,4,3,0,0
CH0370,0,ed sheeran,4,2,0,0
CH0371,0,adele,4,3,1,0
CH0372,0,adele,4,3,0,0
CH0373,0,adele,4,3,0,0
CH0374,0,adele,4,3,1,0
CH0375,0,justin bieber,4,2,0,0
CH0376,0,adele,4,3,1,0
CH0378,0,adele,4,3,1,0
CH0379,0,luke combs,4,2,1,0
CH0380,0,adele,4,3,0,0
CH0381,0,adele,4,3,0,0
CH0382,0,adele,4,3,0,0
CH0383,0,juice wrld,4,1,0,0
CH0385,0,taylor swift,4,1,1,0
CH0386,0,doja cat,4,3,0,0
CH0387,0,luke combs,4,2,1,0
CH0388,0,taylor swift,4,1,0,0
CH0389,0,travis scott,4,1,1,0
CH0390,0,jonas brothers,4,1,0,0
CH0391,0,bts,4,4,0,0
CH0392,0,post malone,4,2,0,0
CH0393,0,doja cat,4,3,1,0
CH0394,0,camila cabello,4,3,0,0
CH0395,0,dababy,4,3,0,0
CH0396,0,olivia rodrigo,4,3,0,0
CH0397,0,olivia rodrigo,4,3,1,0
CH0398,0,dababy,4,3,0,0
CH0400,0,olivia rodrigo,4,3,0,0
CH0401,0,justin bieber,4,2,0,0
CH0402,0,dababy,4,3,0,0
CH0403,0,justin bieber,4,2,0,0
CH0405,0,justin bieber,4,2,0,0
CH0408,0,ed sheeran,4,2,0,0
CH0410,0,justin bieber,4,2,0,0
CH0412,0,taylor swift,4,1,1,0
CH0414,0,taylor swift,4,1,1,0
CH0416,0,bts,4,4,0,0
CH0417,0,bts,4,4,1,0
CH0418,0,bts,4,4,1,0
CH0422,0,bts,4,4,1,0
CH0423,0,bts,4,4,1,0
CH0424,0,bts,4,4,0,0
CH0428,0,juice wrld,4,1,0,0
CH0429,0,juice wrld,4,1,1,0
CH0430,0,juice wrld,4,1,0,0
CH0432,0,juice wrld,4,1,0,0
CH0433,0,juice wrld,4,1,0,0
CH0434,0,juice wrld,4,1,0,0
CH0436,0,juice wrld,4,1,0,0
CH0437,0,juice wrld,4,1,0,0
CH0438,0,juice wrld,4,1,0,0
CH0439,0,juice wrld,4,1,1,0
CH0440,0,juice wrld,4,1,1,0
CH0441,0,the weeknd,4,3,0,0
CH0442,0,the weeknd,4,3,0,0
CH0443,0,the weeknd,4,3,0,0
CH0444,0,the weeknd,4,3,1,0
CH0445,0,the weeknd,4,3,0,0
CH0447,0,the weeknd,4,3,1,0
CH0448,0,the weeknd,4,3,0,0
CH0449,0,the weeknd,4,3,0,0
CH0450,0,the weeknd,4,3,0,0
CH0451,0,the weeknd,4,3,0,0
CH0452,0,jonas brothers,4,1,0,0
CH0454,0,jonas brothers,4,1,0,0
CH0455,0,taylor swift,4,1,1,0
CH0456,0,halsey,4,4,0,0
CH0457,0,dababy,4,3,0,0
CH0458,0,juice wrld,4,1,0,0
CH0459,0,doja cat,4,3,1,0
CH0462,0,katy perry,4,2,1,0
CH0463,0,taylor swift,4,1,1,0
CH0464,0,halsey,4,4,0,0
CH0465,0,jonas brothers,4,1,0,0
CH0466,0,beyonce,4,1,1,0
CH0468,0,nicki minaj,4,4,1,0
CH0469,0,imagine dragons,4,4,0,0
CH0470,0,lil baby,4,3,0,0
CH0472,0,juice wrld,4,1,0,0
CH0473,0,chris brown,4,4,1,0
CH0474,0,juice wrld,4,1,0,0
CH0476,0,katy perry,4,2,0,0
CH0477,0,luke combs,4,2,0,0
CH0478,0,lil wayne,4,4,0,0
CH0479,0,xxxtentacion,4,1,1,0
CH0481,0,camila cabello,4,3,0,0
CH0482,0,juice wrld,4,1,0,0
CH0484,0,drake,4,0,0,0
CH0485,0,juice wrld,4,1,1,0
CH0487,0,twenty one pilots,4,2,0,0
CH0490,0,drake,4,0,0,0
CH0491,0,drake,4,0,1,0
CH0492,0,meghan trainor,4,0,1,0
CH0493,0,p!nk,4,4,1,0
CH0494,0,chris brown,4,4,1,0
CH0495,0,xxxtentacion,4,1,0,0
CH0496,0,post malone,4,2,0,0
CH0497,0,taylor swift,4,1,1,0
CH0498,0,lil baby,4,3,1,0
CH0500,0,luke combs,4,2,1,0
CH0501,0,taylor swift,4,1,1,0
CH0502,0,xxxtentacion,4,1,0,0
CH0503,0,taylor swift,4,1,1,0
CH0504,0,chris brown,4,4,1,0
CH0505,0,post malone,4,2,1,0
CH0506,0,bruno mars,4,0,0,0
CH0507,0,travis scott,4,1,0,0
CH0508,0,rascal flatts,4,0,1,0
CH0509,0,camila cabello,4,3,0,0
CH0510,0,chris brown,4,4,0,0
CH0512,0,drake,4,0,0,0
CH0513,0,the weeknd,4,3,0,0
CH0514,0,kendrick lamar,4,2,0,0
CH0516,0,nicki minaj,4,4,1,0
CH0517,0,ed sheeran,4,2,0,0
CH0518,0,future,4,4,1,0
CH0519,0,the weeknd,4,3,1,0
CH0520,0,ed sheeran,4,2,0,0
CH0522,0,the weeknd,4,3,0,0
CH0524,0,rihanna,4,3,1,0
CH0525,0,katy perry,4,2,1,0
CH0529,0,fergie,4,4,1,0
CH0530,0,drake,4,0,0,0
CH0531,0,drake,4,0,1,0
CH0533,0,rascal flatts,4,0,0,0
CH0534,0,taylor swift,4,1,1,0
CH0535,0,the weeknd,4,3,0,0
CH0536,0,justin bieber,4,2,0,0
CH0538,0,gwen stefani,4,0,1,0
CH0541,0,justin bieber,4,2,0,0
CH0542,0,gwen stefani,4,0,0,0
CH0543,0,halsey,4,4,1,0
CH0544,0,drake,4,0,0,0
CH0546,0,justin bieber,4,2,0,0
CH0547,0,justin bieber,4,2,0,0
CH0548,0,justin bieber,4,2,0,0
CH0549,0,justin bieber,4,2,1,0
CH0550,0,chris brown,4,4,1,0
CH0551,0,justin bieber,4,2,0,0
CH0552,0,one direction,4,4,0,0
CH0553,0,one direction,4,4,1,0
CH0554,0,justin bieber,4,2,1,0
CH0555,0,one direction,4,4,1,0
CH0557,0,one direction,4,4,0,0
CH0558,0,justin bieber,4,2,0,0
CH0559,0,one direction,4,4,0,0
CH0560,0,maroon 5,4,0,0,0
CH0561,0,nicki minaj,4,4,0,0
CH0562,0,future,4,4,1,0
CH0564,0,kendrick lamar,4,2,0,0
CH0565,0,twenty one pilots,4,2,0,0
CH0566,0,drake,4,0,1,0
CH0567,0,imagine dragons,4,4,1,0
CH0568,0,drake,4,0,1,0
CH0569,0,kendrick lamar,4,2,0,0
CH0570,0,drake,4,0,1,0
CH0571,0,kendrick lamar,4,2,1,0
CH0572,0,drake,4,0,1,0
CH0573,0,twenty one pilots,4,2,0,0
CH0575,0,fergie,4,4,1,0
CH0576,0,one direction,4,4,1,0
CH0577,0,the weeknd,4,3,0,0
CH0578,0,kendrick lamar,4,2,0,0
CH0579,0,gwen stefani,4,0,1,0
CH0580,0,katy perry,4,2,0,0
CH0581,0,one direction,4,4,1,0
CH0582,0,nicki minaj,4,4,1,0
CH0583,0,pharrell williams,4,0,0,0
CH0584,0,usher,4,3,0,0
CH0585,0,bruno mars,4,0,0,0
CH0586,0,rascal flatts,4,0,1,0
CH0587,0,coldplay,4,0,0,0
CH0588,0,imagine dragons,4,4,0,0
CH0589,0,katy perry,4,2,0,0
CH0590,0,beyonce,4,1,1,0
CH0591,0,drake,4,0,1,0
CH0592,0,justin timberlake,4,1,1,0
CH0593,0,justin bieber,4,2,0,0
CH0595,0,future,4,4,0,0
CH0596,0,britney spears,4,2,0,0
CH0597,0,drake,4,0,0,0
CH0598,0,daughtry,4,2,1,0
CH0600,0,one direction,4,4,1,0
CH0601,0,one direction,4,4,0,0
CH0602,0,rihanna,4,3,0,0
CH0603,0,bruno mars,4,0,0,0
CH0604,0,one direction,4,4,0,0
CH0605,0,britney spears,4,2,0,0
CH0607,0,justin timberlake,4,1,0,0
CH0608,0,britney spears,4,2,1,0
CH0609,0,avril lavigne,4,4,0,0
CH0610,0,chris brown,4,4,1,0
CH0612,0,one direction,4,4,1,0
CH0613,0,justin timberlake,4,1,0,0
CH0614,0,future,4,4,1,0
CH0615,0,ke$ha,4,1,0,0
CH0616,0,kendrick lamar,4,2,1,0
CH0617,0,rascal flatts,4,0,0,0
CH0618,0,nicki minaj,4,4,1,0
CH0619,0,one direction,4,4,1,0
CH0620,0,the weeknd,4,3,0,0
CH0621,0,chris brown,4,4,0,0
CH0622,0,adele,4,3,1,0
CH0623,0,one direction,4,4,1,0
CH0624,0,taylor swift,4,1,0,0
CH0625,0,future,4,4,1,0
CH0626,0,rascal flatts,4,0,0,0
CH0627,0,beyonce,4,1,0,0
CH0628,0,one direction,4,4,1,0
CH0629,0,taylor swift,4,1,0,0
CH0630,0,taylor swift,4,1,0,0
CH0631,0,rascal flatts,4,0,0,0
CH0633,0,justin bieber,4,2,0,0
CH0635,0,nickelback,4,3,1,0
CH0636,0,avril lavigne,4,4,0,0
CH0637,0,lil wayne,4,4,0,0
CH0638,0,beyonce,4,1,1,0
CH0639,0,nicki minaj,4,4,1,0
CH0640,0,taylor swift,4,1,0,0
CH0641,0,taylor swift,4,1,1,0
CH0642,0,drake,4,0,0,0
CH0643,0,britney spears,4,2,0,0
CH0644,0,drake,4,0,0,0
CH0645,0,rihanna,4,3,0,0
CH0646,0,taylor swift,4,1,0,0
CH0647,0,rihanna,4,3,1,0
CH0648,0,maroon 5,4,0,0,0
CH0649,0,drake,4,0,0,0
CH0650,0,avril lavigne,4,4,1,0
CH0651,0,taylor swift,4,1,1,0
CH0652,0,rascal flatts,4,0,0,0
CH0653,0,nicki minaj,4,4,0,0
CH0654,0,chris brown,4,4,0,0
CH0655,0,nicki minaj,4,4,1,0
CH0657,0,rascal flatts,4,0,0,0
CH0658,0,daughtry,4,2,0,0
CH0659,0,akon,4,3,1,0
CH0660,0,ne-yo,4,0,0,0
CH0661,0,ne-yo,4,0,1,0
CH0662,0,nickelback,4,3,1,0
CH0663,0,p!nk,4,4,0,0
CH0664,0,ne-yo,4,0,0,0
CH0666,0,justin bieber,4,2,1,0
CH0669,0,rascal flatts,4,0,0,0
CH0670,0,taylor swift,4,1,1,0
CH0671,0,avril lavigne,4,4,1,0
CH0672,0,taylor swift,4,1,0,0
CH0674,0,rihanna,4,3,1,0
CH0676,0,justin bieber,4,2,0,0
CH0677,0,usher,4,3,1,0
CH0678,0,nickelback,4,3,0,0
CH0680,0,chris brown,4,4,1,0
CH0681,0,lil wayne,4,4,0,0
CH0682,0,p!nk,4,4,1,0
CH0683,0,justin bieber,4,2,1,0
CH0685,0,justin bieber,4,2,1,0
CH0686,0,rascal flatts,4,0,1,0
CH0687,0,beyonce,4,1,1,0
CH0688,0,sean paul,4,4,1,0
CH0690,0,daughtry,4,2,0,0
CH0692,0,rascal flatts,4,0,0,0
CH0693,0,lil wayne,4,4,1,0
CH0694,0,katy perry,4,2,0,0
CH0697,0,taylor swift,4,1,1,0
CH0698,0,rihanna,4,3,0,0
CH0699,0,usher,4,3,0,0
CH0700,0,rascal flatts,4,0,0,0
CH0702,0,leona lewis,4,1,1,0
CH0703,0,daughtry,4,2,0,0
CH0704,0,nickelback,4,3,0,0
CH0705,0,jonas brothers,4,1,1,0
CH0706,0,jonas brothers,4,1,1,0
CH0707,0,taylor swift,4,1,0,0
CH0708,0,chris brown,4,4,1,0
CH0711,0,usher,4,3,1,0
CH0712,0,jonas brothers,4,1,1,0
CH0713,0,jonas brothers,4,1,0,0
CH0715,0,taylor swift,4,1,0,0
CH0716,0,britney spears,4,2,1,0
CH0717,0,maroon 5,4,0,0,0
CH0718,0,ne-yo,4,0,0,0
CH0719,0,daughtry,4,2,1,0
CH0720,0,maroon 5,4,0,0,0
CH0721,0,chris brown,4,4,0,0
CH0722,0,britney spears,4,2,1,0
CH0724,0,rascal flatts,4,0,0,0
CH0726,0,jonas brothers,4,1,1,0
CH0728,0,rascal flatts,4,0,1,0
CH0729,0,akon,4,3,1,0
CH0730,0,ne-yo,4,0,1,0
CH0731,0,avril lavigne,4,4,0,0
CH0732,0,gwen stefani,4,0,1,0
CH0733,0,beyonce,4,1,0,0
CH0737,0,rascal flatts,4,0,0,0
CH0738,0,jonas brothers,4,1,0,0
CH0739,0,rascal flatts,4,0,0,0
CH0740,0,taylor swift,4,1,0,0
CH0743,0,beyonce,4,1,0,0
CH0744,0,beyonce,4,1,0,0
CH0745,0,rascal flatts,4,0,0,0
CH0747,0,gwen stefani,4,0,0,0
CH0748,0,gwen stefani,4,0,0,0
CH0749,0,rihanna,4,3,0,0
CH0751,0,rascal flatts,4,0,0,0
CH0001,1,the weeknd,5,3,1,0
CH0002,1,olivia rodrigo,5,2,0,0
CH0003,1,olivia rodrigo,5,2,0,0
CH0005,1,bts,5,4,1,0
CH0006,1,olivia rodrigo,5,2,1,0
CH0008,1,ed sheeran,5,4,0,0
CH0009,1,luke combs,5,1,0,0
CH0013,1,olivia rodrigo,5,2,0,0
CH0014,1,bts,5,4,1,0
CH0015,1,doja cat,5,1,0,0
CH0016,1,taylor swift,5,2,1,0
CH0017,1,luke combs,5,1,0,0
CH0018,1,doja cat,5,1,0,0
CH0019,1,drake,5,0,0,0
CH0020,1,justin bieber,5,2,0,0
CH0022,1,the weeknd,5,3,1,0
CH0024,1,post malone,5,1,0,0
CH0026,1,maroon 5,5,0,1,0
CH0027,1,doja cat,5,1,0,0
CH0030,1,the weeknd,5,3,1,0
CH0031,1,dababy,5,4,0,0
CH0032,1,drake,5,0,0,0
CH0034,1,lil baby,5,0,0,0
CH0035,1,travis scott,5,2,0,0
CH0037,1,justin bieber,5,2,1,0
CH0039,1,lil baby,5,0,1,0
CH0040,1,lil baby,5,0,0,0
CH0041,1,jonas brothers,5,1,0,0
CH0042,1,lil baby,5,0,0,0
CH0043,1,halsey,5,3,0,0
CH0045,1,luke combs,5,1,0,0
CH0046,1,juice wrld,5,1,0,0
CH0048,1,luke combs,5,1,0,0
CH0049,1,halsey,5,3,1,0
CH0050,1,post malone,5,1,1,0
CH0052,1,travis scott,5,2,0,0
CH0053,1,jonas brothers,5,1,0,0
CH0055,1,dababy,5,4,0,0
CH0057,1,post malone,5,1,0,0
CH0060,1,taylor swift,5,2,0,0
CH0061,1,luke combs,5,1,0,0
CH0062,1,juice wrld,5,1,1,0
CH0064,1,luke combs,5,1,1,0
CH0068,1,lil baby,5,0,0,0
CH0069,1,p!nk,5,4,1,0
CH0070,1,juice wrld,5,1,0,0
CH0071,1,drake,5,0,0,0
CH0072,1,ed sheeran,5,4,0,0
CH0073,1,drake,5,0,0,0
CH0074,1,drake,5,0,0,0
CH0075,1,xxxtentacion,5,1,1,0
CH0076,1,camila cabello,5,4,1,0
CH0078,1,imagine dragons,5,4,0,0
CH0079,1,taylor swift,5,2,0,0
CH0080,1,halsey,5,3,0,0
CH0081,1,imagine dragons,5,4,1,0
CH0082,1,post malone,5,1,0,0
CH0085,1,drake,5,0,1,0
CH0087,1,maroon 5,5,0,1,0
CH0090,1,imagine dragons,5,4,1,0
CH0091,1,ed sheeran,5,4,1,0
CH0092,1,the weeknd,5,3,1,0
CH0093,1,drake,5,0,0,0
CH0094,1,xxxtentacion,5,1,0,0
CH0095,1,xxxtentacion,5,1,0,0
CH0096,1,luke combs,5,1,0,0
CH0097,1,imagine dragons,5,4,1,0
CH0098,1,bruno mars,5,0,1,0
CH0099,1,kendrick lamar,5,3,1,0
CH0100,1,future,5,4,1,0
CH0101,1,bruno mars,5,0,0,0
CH0103,1,rihanna,5,3,0,0
CH0104,1,drake,5,0,1,0
CH0105,1,taylor swift,5,2,1,0
CH0106,1,ed sheeran,5,4,0,0
CH0107,1,the chainsmokers,5,2,0,0
CH0109,1,halsey,5,3,0,0
CH0110,1,kendrick lamar,5,3,0,0
CH0111,1,drake,5,0,0,0
CH0112,1,travis scott,5,2,0,0
CH0113,1,luke combs,5,1,1,0
CH0114,1,p!nk,5,4,0,0
CH0116,1,adele,5,3,0,0
CH0119,1,justin bieber,5,2,1,0
CH0120,1,justin bieber,5,2,0,0
CH0121,1,twenty one pilots,5,1,0,0
CH0122,1,adele,5,3,1,0
CH0123,1,rihanna,5,3,1,0
CH0124,1,twenty one pilots,5,1,1,0
CH0126,1,drake,5,0,1,0
CH0127,1,adele,5,3,0,0
CH0128,1,justin bieber,5,2,0,0
CH0129,1,the weeknd,5,3,0,0
CH0130,1,p!nk,5,4,0,0
CH0132,1,drake,5,0,0,0
CH0133,1,meghan trainor,5,0,0,0
CH0135,1,the weeknd,5,3,0,0
CH0136,1,meghan trainor,5,0,0,0
CH0137,1,post malone,5,1,1,0
CH0138,1,the weeknd,5,3,1,0
CH0139,1,coldplay,5,0,0,0
CH0140,1,travis scott,5,2,0,0
CH0141,1,taylor swift,5,2,1,0
CH0142,1,adele,5,3,1,0
CH0143,1,chris brown,5,3,0,0
CH0144,1,coldplay,5,0,0,0
CH0145,1,future,5,4,1,0
CH0146,1,ed sheeran,5,4,0,0
CH0148,1,maroon 5,5,0,1,0
CH0149,1,taylor swift,5,2,1,0
CH0150,1,the weeknd,5,3,0,0
CH0151,1,taylor swift,5,2,1,0
CH0152,1,meghan trainor,5,0,1,0
CH0154,1,meghan trainor,5,0,0,0
CH0155,1,taylor swift,5,2,1,0
CH0156,1,ed sheeran,5,4,1,0
CH0157,1,maroon 5,5,0,0,0
CH0158,1,rihanna,5,3,1,0
CH0160,1,beyonce,5,4,0,0
CH0161,1,one direction,5,4,0,0
CH0163,1,meghan trainor,5,0,1,0
CH0164,1,ed sheeran,5,4,0,0
CH0165,1,one direction,5,4,0,0
CH0166,1,drake,5,0,0,0
CH0167,1,pharrell williams,5,2,1,0
CH0168,1,imagine dragons,5,4,0,0
CH0169,1,one direction,5,4,1,0
CH0170,1,maroon 5,5,0,1,0
CH0171,1,nicki minaj,5,0,0,0
CH0173,1,justin timberlake,5,1,0,0
CH0174,1,katy perry,5,1,1,0
CH0175,1,coldplay,5,0,1,0
CH0176,1,imagine dragons,5,4,0,0
CH0177,1,katy perry,5,1,1,0
CH0178,1,beyonce,5,4,0,0
CH0179,1,drake,5,0,0,0
CH0180,1,justin timberlake,5,1,0,0
CH0181,1,bruno mars,5,0,0,0
CH0182,1,bruno mars,5,0,0,0
CH0183,1,taylor swift,5,2,0,0
CH0185,1,rihanna,5,3,1,0
CH0186,1,drake,5,0,0,0
CH0187,1,maroon 5,5,0,0,0
CH0189,1,maroon 5,5,0,1,0
CH0190,1,imagine dragons,5,4,0,0
CH0191,1,maroon 5,5,0,1,0
CH0192,1,p!nk,5,4,1,0
CH0193,1,ke$ha,5,1,1,0
CH0195,1,rihanna,5,3,0,0
CH0196,1,taylor swift,5,2,1,0
CH0197,1,one direction,5,4,1,0
CH0198,1,ed sheeran,5,4,0,0
CH0199,1,kendrick lamar,5,3,1,0
CH0200,1,ne-yo,5,2,1,0
CH0201,1,nicki minaj,5,0,1,0
CH0202,1,one direction,5,4,0,0
CH0203,1,adele,5,3,0,0
CH0205,1,katy perry,5,1,1,0
CH0206,1,rihanna,5,3,1,0
CH0207,1,bruno mars,5,0,0,0
CH0208,1,justin bieber,5,2,1,0
CH0209,1,katy perry,5,1,1,0
CH0210,1,taylor swift,5,2,1,0
CH0211,1,p!nk,5,4,0,0
CH0212,1,katy perry,5,1,1,0
CH0213,1,adele,5,3,1,0
CH0214,1,chris brown,5,3,1,0
CH0215,1,adele,5,3,0,0
CH0216,1,coldplay,5,0,0,0
CH0218,1,adele,5,3,1,0
CH0219,1,usher,5,1,0,0
CH0220,1,nicki minaj,5,0,0,0
CH0221,1,chris brown,5,3,1,0
CH0222,1,rihanna,5,3,1,0
CH0223,1,katy perry,5,1,1,0
CH0224,1,bruno mars,5,0,1,0
CH0225,1,nicki minaj,5,0,1,0
CH0226,1,rihanna,5,3,0,0
CH0227,1,katy perry,5,1,1,0
CH0228,1,bruno mars,5,0,1,0
CH0229,1,p!nk,5,4,1,0
CH0231,1,p!nk,5,4,1,0
CH0232,1,lil wayne,5,3,1,0
CH0233,1,bruno mars,5,0,0,0
CH0234,1,britney spears,5,3,1,0
CH0236,1,ke$ha,5,1,1,0
CH0237,1,ke$ha,5,1,1,0
CH0238,1,rihanna,5,3,1,0
CH0239,1,britney spears,5,3,1,0
CH0240,1,chris brown,5,3,1,0
CH0242,1,britney spears,5,3,1,0
CH0243,1,usher,5,1,1,0
CH0244,1,avril lavigne,5,1,1,0
CH0246,1,taylor swift,5,2,0,0
CH0247,1,katy perry,5,1,1,0
CH0248,1,rihanna,5,3,0,0
CH0249,1,drake,5,0,0,0
CH0250,1,beyonce,5,4,1,0
CH0251,1,chris brown,5,3,1,0
CH0252,1,ke$ha,5,1,1,0
CH0254,1,rihanna,5,3,0,0
CH0256,1,ke$ha,5,1,1,0
CH0257,1,drake,5,0,1,0
CH0259,1,taylor swift,5,2,0,0
CH0260,1,taylor swift,5,2,1,0
CH0261,1,ke$ha,5,1,1,0
CH0262,1,drake,5,0,0,0
CH0263,1,maroon 5,5,0,0,0
CH0265,1,nicki minaj,5,0,1,0
CH0267,1,britney spears,5,3,1,0
CH0269,1,usher,5,1,0,0
CH0270,1,taylor swift,5,2,1,0
CH0271,1,beyonce,5,4,0,0
CH0273,1,daughtry,5,4,0,0
CH0276,1,taylor swift,5,2,0,0
CH0277,1,beyonce,5,4,1,0
CH0280,1,drake,5,0,1,0
CH0281,1,beyonce,5,4,1,0
CH0282,1,katy perry,5,1,1,0
CH0283,1,britney spears,5,3,0,0
CH0285,1,katy perry,5,1,1,0
CH0286,1,p!nk,5,4,1,0
CH0287,1,britney spears,5,3,1,0
CH0288,1,ne-yo,5,2,1,0
CH0290,1,p!nk,5,4,1,0
CH0291,1,beyonce,5,4,1,0
CH0292,1,nickelback,5,4,0,0
CH0293,1,p!nk,5,4,1,0
CH0294,1,coldplay,5,0,0,0
CH0295,1,akon,5,2,0,0
CH0296,1,ne-yo,5,2,1,0
CH0297,1,daughtry,5,4,0,0
CH0298,1,nickelback,5,4,1,0
CH0299,1,britney spears,5,3,1,0
CH0300,1,taylor swift,5,2,0,0
CH0301,1,rihanna,5,3,1,0
CH0302,1,beyonce,5,4,0,0
CH0303,1,justin bieber,5,2,1,0
CH0305,1,leona lewis,5,2,1,0
CH0307,1,chris brown,5,3,1,0
CH0308,1,chris brown,5,3,0,0
CH0309,1,rihanna,5,3,0,0
CH0310,1,katy perry,5,1,1,0
CH0311,1,rihanna,5,3,0,0
CH0312,1,ne-yo,5,2,0,0
CH0313,1,fergie,5,2,0,0
CH0315,1,taylor swift,5,2,1,0
CH0316,1,lil wayne,5,3,1,0
CH0318,1,taylor swift,5,2,0,0
CH0319,1,leona lewis,5,2,0,0
CH0320,1,jonas brothers,5,1,1,0
CH0321,1,fergie,5,2,1,0
CH0322,1,britney spears,5,3,0,0
CH0324,1,daughtry,5,4,1,0
CH0325,1,beyonce,5,4,0,0
CH0327,1,akon,5,2,1,0
CH0328,1,avril lavigne,5,1,1,0
CH0329,1,maroon 5,5,0,1,0
CH0330,1,daughtry,5,4,1,0
CH0331,1,fergie,5,2,1,0
CH0332,1,justin timberlake,5,1,0,0
CH0334,1,daughtry,5,4,1,0
CH0336,1,p!nk,5,4,0,0
CH0337,1,nickelback,5,4,0,0
CH0338,1,justin timberlake,5,1,0,0
CH0339,1,nickelback,5,4,0,0
CH0340,1,ne-yo,5,2,1,0
CH0341,1,justin timberlake,5,1,1,0
CH0342,1,avril lavigne,5,1,0,0
CH0343,1,p!nk,5,4,0,0
CH0344,1,gwen stefani,5,0,1,0
CH0345,1,rihanna,5,3,0,0
CH0346,1,nickelback,5,4,0,0
CH0347,1,justin timberlake,5,1,1,0
CH0348,1,sean paul,5,2,0,0
CH0350,1,chris brown,5,3,1,0
CH0351,1,ne-yo,5,2,0,0
CH0352,1,rihanna,5,3,1,0
CH0353,1,fergie,5,2,1,0
CH0354,1,rascal flatts,5,0,1,0
CH0355,1,rihanna,5,3,0,0
CH0356,1,chris brown,5,3,1,0
CH0357,1,t.i.,5,2,1,0
CH0358,1,nickelback,5,4,0,0
CH0359,1,ne-yo,5,2,1,0
CH0360,1,rascal flatts,5,0,1,0
CH0362,1,sean paul,5,2,0,0
CH0363,1,chris brown,5,3,1,0
CH0365,1,ne-yo,5,2,1,0
CH0366,1,p!nk,5,4,0,0
CH0367,0,adele,5,3,1,0
CH0368,0,taylor swift,5,2,1,0
CH0369,0,adele,5,3,0,0
CH0370,0,ed sheeran,5,4,0,0
CH0371,0,adele,5,3,0,0
CH0372,0,adele,5,3,0,0
CH0373,0,adele,5,3,0,0
CH0374,0,adele,5,3,1,0
CH0375,0,justin bieber,5,2,0,0
CH0376,0,adele,5,3,1,0
CH0378,0,adele,5,3,1,0
CH0379,0,luke combs,5,1,1,0
CH0380,0,adele,5,3,0,0
CH0381,0,adele,5,3,0,0
CH0382,0,adele,5,3,1,0
CH0383,0,juice wrld,5,1,1,0
CH0385,0,taylor swift,5,2,0,0
CH0386,0,doja cat,5,1,1,0
CH0387,0,luke combs,5,1,1,0
CH0388,0,taylor swift,5,2,1,0
CH0389,0,travis scott,5,2,0,0
CH0390,0,jonas brothers,5,1,1,0
CH0391,0,bts,5,4,1,0
CH0392,0,post malone,5,1,1,0
CH0393,0,doja cat,5,1,1,0
CH0394,0,camila cabello,5,4,1,0
CH0395,0,dababy,5,4,0,0
CH0396,0,olivia rodrigo,5,2,0,0
CH0397,0,olivia rodrigo,5,2,0,0
CH0398,0,dababy,5,4,0,0
CH0400,0,olivia rodrigo,5,2,1,0
CH0401,0,justin bieber,5,2,0,0
CH0402,0,dababy,5,4,0,0
CH0403,0,justin bieber,5,2,1,0
CH0405,0,justin bieber,5,2,0,0
CH0408,0,ed sheeran,5,4,0,0
CH0410,0,justin bieber,5,2,0,0
CH0412,0,taylor swift,5,2,0,0
CH0414,0,taylor swift,5,2,0,0
CH0416,0,bts,5,4,1,0
CH0417,0,bts,5,4,0,0
CH0418,0,bts,5,4,0,0
CH0422,0,bts,5,4,0,0
CH0423,0,bts,5,4,0,0
CH0424,0,bts,5,4,0,0
CH0428,0,juice wrld,5,1,0,0
CH0429,0,juice wrld,5,1,1,0
CH0430,0,juice wrld,5,1,0,0
CH0432,0,juice wrld,5,1,0,0
CH0433,0,juice wrld,5,1,0,0
CH0434,0,juice wrld,5,1,0,0
CH0436,0,juice wrld,5,1,0,0
CH0437,0,juice wrld,5,1,0,0
CH0438,0,juice wrld,5,1,0,0
CH0439,0,juice wrld,5,1,0,0
CH0440,0,juice wrld,5,1,0,0
CH0441,0,the weeknd,5,3,1,0
CH0442,0,the weeknd,5,3,0,0
CH0443,0,the weeknd,5,3,0,0
CH0444,0,the weeknd,5,3,0,0
CH0445,0,the weeknd,5,3,1,0
CH0447,0,the weeknd,5,3,0,0
CH0448,0,the weeknd,5,3,1,0
CH0449,0,the weeknd,5,3,1,0
CH0450,0,the weeknd,5,3,0,0
CH0451,0,the weeknd,5,3,1,0
CH0452,0,jonas brothers,5,1,0,0
CH0454,0,jonas brothers,5,1,0,0
CH0455,0,taylor swift,5,2,0,0
CH0456,0,halsey,5,3,0,0
CH0457,0,dababy,5,4,0,0
CH0458,0,juice wrld,5,1,0,0
CH0459,0,doja cat,5,1,1,0
CH0462,0,katy perry,5,1,1,0
CH0463,0,taylor swift,5,2,0,0
CH0464,0,halsey,5,3,0,0
CH0465,0,jonas brothers,5,1,1,0
CH0466,0,beyonce,5,4,1,0
CH0468,0,nicki minaj,5,0,0,0
CH0469,0,imagine dragons,5,4,0,0
CH0470,0,lil baby,5,0,0,0
CH0472,0,juice wrld,5,1,0,0
CH0473,0,chris brown,5,3,0,0
CH0474,0,juice wrld,5,1,0,0
CH0476,0,katy perry,5,1,1,0
CH0477,0,luke combs,5,1,0,0
CH0478,0,lil wayne,5,3,0,0
CH0479,0,xxxtentacion,5,1,1,0
CH0481,0,camila cabello,5,4,0,0
CH0482,0,juice wrld,5,1,0,0
CH0484,0,drake,5,0,0,0
CH0485,0,juice wrld,5,1,0,0
CH0487,0,twenty one pilots,5,1,0,0
CH0490,0,drake,5,0,0,0
CH0491,0,drake,5,0,0,0
CH0492,0,meghan trainor,5,0,1,0
CH0493,0,p!nk,5,4,0,0
CH0494,0,chris brown,5,3,1,0
CH0495,0,xxxtentacion,5,1,0,0
CH0496,0,post malone,5,1,0,0
CH0497,0,taylor swift,5,2,1,0
CH0498,0,lil baby,5,0,1,0
CH0500,0,luke combs,5,1,1,0
CH0501,0,taylor swift,5,2,0,0
CH0502,0,xxxtentacion,5,1,0,0
CH0503,0,taylor swift,5,2,1,0
CH0504,0,chris brown,5,3,1,0
CH0505,0,post malone,5,1,0,0
CH0506,0,bruno mars,5,0,0,0
CH0507,0,travis scott,5,2,0,0
CH0508,0,rascal flatts,5,0,0,0
CH0509,0,camila cabello,5,4,0,0
CH0510,0,chris brown,5,3,0,0
CH0512,0,drake,5,0,0,0
CH0513,0,the weeknd,5,3,1,0
CH0514,0,kendrick lamar,5,3,0,0
CH0516,0,nicki minaj,5,0,0,0
CH0517,0,ed sheeran,5,4,0,0
CH0518,0,future,5,4,0,0
CH0519,0,the weeknd,5,3,1,0
CH0520,0,ed sheeran,5,4,0,0
CH0522,0,the weeknd,5,3,0,0
CH0524,0,rihanna,5,3,1,0
CH0525,0,katy perry,5,1,0,0
CH0529,0,fergie,5,2,1,0
CH0530,0,drake,5,0,0,0
CH0531,0,drake,5,0,0,0
CH0533,0,rascal flatts,5,0,0,0
CH0534,0,taylor swift,5,2,1,0
CH0535,0,the weeknd,5,3,1,0
CH0536,0,justin bieber,5,2,0,0
CH0538,0,gwen stefani,5,0,1,0
CH0541,0,justin bieber,5,2,1,0
CH0542,0,gwen stefani,5,0,0,0
CH0543,0,halsey,5,3,1,0
CH0544,0,drake,5,0,0,0
CH0546,0,justin bieber,5,2,0,0
CH0547,0,justin bieber,5,2,0,0
CH0548,0,justin bieber,5,2,0,0
CH0549,0,justin bieber,5,2,1,0
CH0550,0,chris brown,5,3,0,0
CH0551,0,justin bieber,5,2,1,0
CH0552,0,one direction,5,4,0,0
CH0553,0,one direction,5,4,1,0
CH0554,0,justin bieber,5,2,1,0
CH0555,0,one direction,5,4,0,0
CH0557,0,one direction,5,4,0,0
CH0558,0,justin bieber,5,2,0,0
CH0559,0,one direction,5,4,0,0
CH0560,0,maroon 5,5,0,0,0
CH0561,0,nicki minaj,5,0,1,0
CH0562,0,future,5,4,1,0
CH0564,0,kendrick lamar,5,3,1,0
CH0565,0,twenty one pilots,5,1,1,0
CH0566,0,drake,5,0,0,0
CH0567,0,imagine dragons,5,4,1,0
CH0568,0,drake,5,0,0,0
CH0569,0,kendrick lamar,5,3,0,0
CH0570,0,drake,5,0,1,0
CH0571,0,kendrick lamar,5,3,1,0
CH0572,0,drake,5,0,0,0
CH0573,0,twenty one pilots,5,1,0,0
CH0575,0,fergie,5,2,1,0
CH0576,0,one direction,5,4,0,0
CH0577,0,the weeknd,5,3,1,0
CH0578,0,kendrick lamar,5,3,1,0
CH0579,0,gwen stefani,5,0,1,0
CH0580,0,katy perry,5,1,1,0
CH0581,0,one direction,5,4,1,0
CH0582,0,nicki minaj,5,0,1,0
CH0583,0,pharrell williams,5,2,1,0
CH0584,0,usher,5,1,1,0
CH0585,0,bruno mars,5,0,0,0
CH0586,0,rascal flatts,5,0,0,0
CH0587,0,coldplay,5,0,1,0
CH0588,0,imagine dragons,5,4,0,0
CH0589,0,katy perry,5,1,1,0
CH0590,0,beyonce,5,4,0,0
CH0591,0,drake,5,0,0,0
CH0592,0,justin timberlake,5,1,1,0
CH0593,0,justin bieber,5,2,0,0
CH0595,0,future,5,4,1,0
CH0596,0,britney spears,5,3,0,0
CH0597,0,drake,5,0,1,0
CH0598,0,daughtry,5,4,1,0
CH0600,0,one direction,5,4,1,0
CH0601,0,one direction,5,4,0,0
CH0602,0,rihanna,5,3,1,0
CH0603,0,bruno mars,5,0,0,0
CH0604,0,one direction,5,4,1,0
CH0605,0,britney spears,5,3,1,0
CH0607,0,justin timberlake,5,1,0,0
CH0608,0,britney spears,5,3,1,0
CH0609,0,avril lavigne,5,1,1,0
CH0610,0,chris brown,5,3,1,0
CH0612,0,one direction,5,4,0,0
CH0613,0,justin timberlake,5,1,0,0
CH0614,0,future,5,4,1,0
CH0615,0,ke$ha,5,1,0,0
CH0616,0,kendrick lamar,5,3,0,0
CH0617,0,rascal flatts,5,0,0,0
CH0618,0,nicki minaj,5,0,1,0
CH0619,0,one direction,5,4,0,0
CH0620,0,the weeknd,5,3,1,0
CH0621,0,chris brown,5,3,1,0
CH0622,0,adele,5,3,0,0
CH0623,0,one direction,5,4,1,0
CH0624,0,taylor swift,5,2,1,0
CH0625,0,future,5,4,1,0
CH0626,0,rascal flatts,5,0,0,0
CH0627,0,beyonce,5,4,0,0
CH0628,0,one direction,5,4,1,0
CH0629,0,taylor swift,5,2,1,0
CH0630,0,taylor swift,5,2,1,0
CH0631,0,rascal flatts,5,0,1,0
CH0633,0,justin bieber,5,2,0,0
CH0635,0,nickelback,5,4,0,0
CH0636,0,avril lavigne,5,1,0,0
CH0637,0,lil wayne,5,3,1,0
CH0638,0,beyonce,5,4,1,0
CH0639,0,nicki minaj,5,0,1,0
CH0640,0,taylor swift,5,2,0,0
CH0641,0,taylor swift,5,2,1,0
CH0642,0,drake,5,0,0,0
CH0643,0,britney spears,5,3,0,0
CH0644,0,drake,5,0,0,0
CH0645,0,rihanna,5,3,0,0
CH0646,0,taylor swift,5,2,0,0
CH0647,0,rihanna,5,3,0,0
CH0648,0,maroon 5,5,0,0,0
CH0649,0,drake,5,0,0,0
CH0650,0,avril lavigne,5,1,1,0
CH0651,0,taylor swift,5,2,1,0
CH0652,0,rascal flatts,5,0,0,0
CH0653,0,nicki minaj,5,0,1,0
CH0654,0,chris brown,5,3,1,0
CH0655,0,nicki minaj,5,0,1,0
CH0657,0,rascal flatts,5,0,0,0
CH0658,0,daughtry,5,4,0,0
CH0659,0,akon,5,2,1,0
CH0660,0,ne-yo,5,2,0,0
CH0661,0,ne-yo,5,2,1,0
CH0662,0,nickelback,5,4,1,0
CH0663,0,p!nk,5,4,0,0
CH0664,0,ne-yo,5,2,0,0
CH0666,0,justin bieber,5,2,1,0
CH0669,0,rascal flatts,5,0,0,0
CH0670,0,taylor swift,5,2,1,0
CH0671,0,avril lavigne,5,1,1,0
CH0672,0,taylor swift,5,2,0,0
CH0674,0,rihanna,5,3,0,0
CH0676,0,justin bieber,5,2,0,0
CH0677,0,usher,5,1,1,0
CH0678,0,nickelback,5,4,0,0
CH0680,0,chris brown,5,3,1,0
CH0681,0,lil wayne,5,3,0,0
CH0682,0,p!nk,5,4,1,0
CH0683,0,justin bieber,5,2,1,0
CH0685,0,justin bieber,5,2,1,0
CH0686,0,rascal flatts,5,0,0,0
CH0687,0,beyonce,5,4,0,0
CH0688,0,sean paul,5,2,0,0
CH0690,0,daughtry,5,4,0,0
CH0692,0,rascal flatts,5,0,0,0
CH0693,0,lil wayne,5,3,0,0
CH0694,0,katy perry,5,1,0,0
CH0697,0,taylor swift,5,2,0,0
CH0698,0,rihanna,5,3,0,0
CH0699,0,usher,5,1,0,0
CH0700,0,rascal flatts,5,0,1,0
CH0702,0,leona lewis,5,2,1,0
CH0703,0,daughtry,5,4,0,0
CH0704,0,nickelback,5,4,0,0
CH0705,0,jonas brothers,5,1,1,0
CH0706,0,jonas brothers,5,1,1,0
CH0707,0,taylor swift,5,2,0,0
CH0708,0,chris brown,5,3,0,0
CH0711,0,usher,5,1,1,0
CH0712,0,jonas brothers,5,1,0,0
CH0713,0,jonas brothers,5,1,0,0
CH0715,0,taylor swift,5,2,1,0
CH0716,0,britney spears,5,3,1,0
CH0717,0,maroon 5,5,0,0,0
CH0718,0,ne-yo,5,2,1,0
CH0719,0,daughtry,5,4,1,0
CH0720,0,maroon 5,5,0,0,0
CH0721,0,chris brown,5,3,1,0
CH0722,0,britney spears,5,3,1,0
CH0724,0,rascal flatts,5,0,0,0
CH0726,0,jonas brothers,5,1,1,0
CH0728,0,rascal flatts,5,0,1,0
CH0729,0,akon,5,2,1,0
CH0730,0,ne-yo,5,2,1,0
CH0731,0,avril lavigne,5,1,0,0
CH0732,0,gwen stefani,5,0,1,0
CH0733,0,beyonce,5,4,0,0
CH0737,0,rascal flatts,5,0,0,0
CH0738,0,jonas brothers,5,1,0,0
CH0739,0,rascal flatts,5,0,0,0
CH0740,0,taylor swift,5,2,1,0
CH0743,0,beyonce,5,4,1,0
CH0744,0,beyonce,5,4,1,0
CH0745,0,rascal flatts,5,0,0,0
CH0747,0,gwen stefani,5,0,0,0
CH0748,0,gwen stefani,5,0,1,0
CH0749,0,rihanna,5,3,1,0
CH0751,0,rascal flatts,5,0,0,0
CH0001,1,the weeknd,6,4,0,0
CH0002,1,olivia rodrigo,6,3,0,0
CH0003,1,olivia rodrigo,6,3,1,0
CH0005,1,bts,6,3,1,0
CH0006,1,olivia rodrigo,6,3,0,0
CH0008,1,ed sheeran,6,0,0,0
CH0009,1,luke combs,6,3,0,0
CH0013,1,olivia rodrigo,6,3,0,0
CH0014,1,bts,6,3,1,0
CH0015,1,doja cat,6,0,0,0
CH0016,1,taylor swift,6,1,1,0
CH0017,1,luke combs,6,3,0,0
CH0018,1,doja cat,6,0,0,0
CH0019,1,drake,6,2,0,0
CH0020,1,justin bieber,6,2,1,0
CH0022,1,the weeknd,6,4,1,0
CH0024,1,post malone,6,2,0,0
CH0026,1,maroon 5,6,0,0,0
CH0027,1,doja cat,6,0,1,0
CH0030,1,the weeknd,6,4,0,0
CH0031,1,dababy,6,4,1,0
CH0032,1,drake,6,2,1,0
CH0034,1,lil baby,6,2,0,0
CH0035,1,travis scott,6,1,1,0
CH0037,1,justin bieber,6,2,1,0
CH0039,1,lil baby,6,2,1,0
CH0040,1,lil baby,6,2,1,0
CH0041,1,jonas brothers,6,1,1,0
CH0042,1,lil baby,6,2,0,0
CH0043,1,halsey,6,0,0,0
CH0045,1,luke combs,6,3,0,0
CH0046,1,juice wrld,6,1,0,0
CH0048,1,luke combs,6,3,0,0
CH0049,1,halsey,6,0,0,0
CH0050,1,post malone,6,2,0,0
CH0052,1,travis scott,6,1,1,0
CH0053,1,jonas brothers,6,1,1,0
CH0055,1,dababy,6,4,1,0
CH0057,1,post malone,6,2,0,0
CH0060,1,taylor swift,6,1,1,0
CH0061,1,luke combs,6,3,0,0
CH0062,1,juice wrld,6,1,0,0
CH0064,1,luke combs,6,3,1,0
CH0068,1,lil baby,6,2,0,0
CH0069,1,p!nk,6,3,1,0
CH0070,1,juice wrld,6,1,1,0
CH0071,1,drake,6,2,0,0
CH0072,1,ed sheeran,6,0,1,0
CH0073,1,drake,6,2,0,0
CH0074,1,drake,6,2,0,0
CH0075,1,xxxtentacion,6,4,1,0
CH0076,1,camila cabello,6,4,1,0
CH0078,1,imagine dragons,6,4,0,0
CH0079,1,taylor swift,6,1,1,0
CH0080,1,halsey,6,0,0,0
CH0081,1,imagine dragons,6,4,0,0
CH0082,1,post malone,6,2,0,0
CH0085,1,drake,6,2,0,0
CH0087,1,maroon 5,6,0,1,0
CH0090,1,imagine dragons,6,4,1,0
CH0091,1,ed sheeran,6,0,1,0
CH0092,1,the weeknd,6,4,0,0
CH0093,1,drake,6,2,0,0
CH0094,1,xxxtentacion,6,4,0,0
CH0095,1,xxxtentacion,6,4,1,0
CH0096,1,luke combs,6,3,0,0
CH0097,1,imagine dragons,6,4,1,0
CH0098,1,bruno mars,6,1,1,0
CH0099,1,kendrick lamar,6,3,0,0
CH0100,1,future,6,0,0,0
CH0101,1,bruno mars,6,1,1,0
CH0103,1,rihanna,6,4,0,0
CH0104,1,drake,6,2,1,0
CH0105,1,taylor swift,6,1,1,0
CH0106,1,ed sheeran,6,0,0,0
CH0107,1,the chainsmokers,6,1,0,0
CH0109,1,halsey,6,0,0,0
CH0110,1,kendrick lamar,6,3,1,0
CH0111,1,drake,6,2,1,0
CH0112,1,travis scott,6,1,1,0
CH0113,1,luke combs,6,3,0,0
CH0114,1,p!nk,6,3,0,0
CH0116,1,adele,6,2,1,0
CH0119,1,justin bieber,6,2,1,0
CH0120,1,justin bieber,6,2,0,0
CH0121,1,twenty one pilots,6,4,0,0
CH0122,1,adele,6,2,0,0
CH0123,1,rihanna,6,4,1,0
CH0124,1,twenty one pilots,6,4,0,0
CH0126,1,drake,6,2,0,0
CH0127,1,adele,6,2,0,0
CH0128,1,justin bieber,6,2,1,0
CH0129,1,the weeknd,6,4,0,0
CH0130,1,p!nk,6,3,0,0
CH0132,1,drake,6,2,0,0
CH0133,1,meghan trainor,6,3,0,0
CH0135,1,the weeknd,6,4,1,0
CH0136,1,meghan trainor,6,3,0,0
CH0137,1,post malone,6,2,1,0
CH0138,1,the weeknd,6,4,0,0
CH0139,1,coldplay,6,2,0,0
CH0140,1,travis scott,6,1,0,0
CH0141,1,taylor swift,6,1,1,0
CH0142,1,adele,6,2,1,0
CH0143,1,chris brown,6,3,0,0
CH0144,1,coldplay,6,2,1,0
CH0145,1,future,6,0,0,0
CH0146,1,ed sheeran,6,0,0,0
CH0148,1,maroon 5,6,0,1,0
CH0149,1,taylor swift,6,1,1,0
CH0150,1,the weeknd,6,4,0,0
CH0151,1,taylor swift,6,1,0,0
CH0152,1,meghan trainor,6,3,0,0
CH0154,1,meghan trainor,6,3,0,0
CH0155,1,taylor swift,6,1,1,0
CH0156,1,ed sheeran,6,0,1,0
CH0157,1,maroon 5,6,0,0,0
CH0158,1,rihanna,6,4,1,0
CH0160,1,beyonce,6,1,0,0
CH0161,1,one direction,6,3,1,0
CH0163,1,meghan trainor,6,3,1,0
CH0164,1,ed sheeran,6,0,0,0
CH0165,1,one direction,6,3,0,0
CH0166,1,drake,6,2,1,0
CH0167,1,pharrell williams,6,0,0,0
CH0168,1,imagine dragons,6,4,1,0
CH0169,1,one direction,6,3,1,0
CH0170,1,maroon 5,6,0,1,0
CH0171,1,nicki minaj,6,3,0,0
CH0173,1,justin timberlake,6,0,1,0
CH0174,1,katy perry,6,2,1,0
CH0175,1,coldplay,6,2,1,0
CH0176,1,imagine dragons,6,4,1,0
CH0177,1,katy perry,6,2,1,0
CH0178,1,beyonce,6,1,0,0
CH0179,1,drake,6,2,1,0
CH0180,1,justin timberlake,6,0,0,0
CH0181,1,bruno mars,6,1,0,0
CH0182,1,bruno mars,6,1,0,0
CH0183,1,taylor swift,6,1,0,0
CH0185,1,rihanna,6,4,0,0
CH0186,1,drake,6,2,0,0
CH0187,1,maroon 5,6,0,0,0
CH0189,1,maroon 5,6,0,1,0
CH0190,1,imagine dragons,6,4,0,0
CH0191,1,maroon 5,6,0,1,0
CH0192,1,p!nk,6,3,0,0
CH0193,1,ke$ha,6,0,0,0
CH0195,1,rihanna,6,4,1,0
CH0196,1,taylor swift,6,1,1,0
CH0197,1,one direction,6,3,1,0
CH0198,1,ed sheeran,6,0,0,0
CH0199,1,kendrick lamar,6,3,0,0
CH0200,1,ne-yo,6,4,1,0
CH0201,1,nicki minaj,6,3,1,0
CH0202,1,one direction,6,3,0,0
CH0203,1,adele,6,2,1,0
CH0205,1,katy perry,6,2,1,0
CH0206,1,rihanna,6,4,1,0
CH0207,1,bruno mars,6,1,0,0
CH0208,1,justin bieber,6,2,1,0
CH0209,1,katy perry,6,2,1,0
CH0210,1,taylor swift,6,1,1,0
CH0211,1,p!nk,6,3,1,0
CH0212,1,katy perry,6,2,0,0
CH0213,1,adele,6,2,1,0
CH0214,1,chris brown,6,3,1,0
CH0215,1,adele,6,2,0,0
CH0216,1,coldplay,6,2,0,0
CH0218,1,adele,6,2,1,0
CH0219,1,usher,6,0,1,0
CH0220,1,nicki minaj,6,3,0,0
CH0221,1,chris brown,6,3,1,0
CH0222,1,rihanna,6,4,1,0
CH0223,1,katy perry,6,2,1,0
CH0224,1,bruno mars,6,1,0,0
CH0225,1,nicki minaj,6,3,0,0
CH0226,1,rihanna,6,4,1,0
CH0227,1,katy perry,6,2,0,0
CH0228,1,bruno mars,6,1,1,0
CH0229,1,p!nk,6,3,1,0
CH0231,1,p!nk,6,3,1,0
CH0232,1,lil wayne,6,4,1,0
CH0233,1,bruno mars,6,1,0,0
CH0234,1,britney spears,6,3,1,0
CH0236,1,ke$ha,6,0,1,0
CH0237,1,ke$ha,6,0,1,0
CH0238,1,rihanna,6,4,1,0
CH0239,1,britney spears,6,3,1,0
CH0240,1,chris brown,6,3,1,0
CH0242,1,britney spears,6,3,1,0
CH0243,1,usher,6,0,0,0
CH0244,1,avril lavigne,6,4,1,0
CH0246,1,taylor swift,6,1,1,0
CH0247,1,katy perry,6,2,1,0
CH0248,1,rihanna,6,4,0,0
CH0249,1,drake,6,2,0,0
CH0250,1,beyonce,6,1,0,0
CH0251,1,chris brown,6,3,1,0
CH0252,1,ke$ha,6,0,1,0
CH0254,1,rihanna,6,4,1,0
CH0256,1,ke$ha,6,0,1,0
CH0257,1,drake,6,2,0,0
CH0259,1,taylor swift,6,1,0,0
CH0260,1,taylor swift,6,1,1,0
CH0261,1,ke$ha,6,0,1,0
CH0262,1,drake,6,2,1,0
CH0263,1,maroon 5,6,0,0,0
CH0265,1,nicki minaj,6,3,1,0
CH0267,1,britney spears,6,3,1,0
CH0269,1,usher,6,0,0,0
CH0270,1,taylor swift,6,1,1,0
CH0271,1,beyonce,6,1,0,0
CH0273,1,daughtry,6,4,1,0
CH0276,1,taylor swift,6,1,1,0
CH0277,1,beyonce,6,1,1,0
CH0280,1,drake,6,2,0,0
CH0281,1,beyonce,6,1,1,0
CH0282,1,katy perry,6,2,1,0
CH0283,1,britney spears,6,3,0,0
CH0285,1,katy perry,6,2,0,0
CH0286,1,p!nk,6,3,0,0
CH0287,1,britney spears,6,3,1,0
CH0288,1,ne-yo,6,4,1,0
CH0290,1,p!nk,6,3,1,0
CH0291,1,beyonce,6,1,1,0
CH0292,1,nickelback,6,0,0,0
CH0293,1,p!nk,6,3,1,0
CH0294,1,coldplay,6,2,0,0
CH0295,1,akon,6,0,0,0
CH0296,1,ne-yo,6,4,0,0
CH0297,1,daughtry,6,4,0,0
CH0298,1,nickelback,6,0,1,0
CH0299,1,britney spears,6,3,0,0
CH0300,1,taylor swift,6,1,0,0
CH0301,1,rihanna,6,4,1,0
CH0302,1,beyonce,6,1,1,0
CH0303,1,justin bieber,6,2,1,0
CH0305,1,leona lewis,6,4,1,0
CH0307,1,chris brown,6,3,1,0
CH0308,1,chris brown,6,3,1,0
CH0309,1,rihanna,6,4,0,0
CH0310,1,katy perry,6,2,1,0
CH0311,1,rihanna,6,4,1,0
CH0312,1,ne-yo,6,4,1,0
CH0313,1,fergie,6,0,1,0
CH0315,1,taylor swift,6,1,1,0
CH0316,1,lil wayne,6,4,1,0
CH0318,1,taylor swift,6,1,0,0
CH0319,1,leona lewis,6,4,1,0
CH0320,1,jonas brothers,6,1,1,0
CH0321,1,fergie,6,0,0,0
CH0322,1,britney spears,6,3,0,0
CH0324,1,daughtry,6,4,0,0
CH0325,1,beyonce,6,1,1,0
CH0327,1,akon,6,0,1,0
CH0328,1,avril lavigne,6,4,1,0
CH0329,1,maroon 5,6,0,1,0
CH0330,1,daughtry,6,4,1,0
CH0331,1,fergie,6,0,1,0
CH0332,1,justin timberlake,6,0,0,0
CH0334,1,daughtry,6,4,0,0
CH0336,1,p!nk,6,3,0,0
CH0337,1,nickelback,6,0,0,0
CH0338,1,justin timberlake,6,0,0,0
CH0339,1,nickelback,6,0,0,0
CH0340,1,ne-yo,6,4,1,0
CH0341,1,justin timberlake,6,0,1,0
CH0342,1,avril lavigne,6,4,0,0
CH0343,1,p!nk,6,3,0,0
CH0344,1,gwen stefani,6,0,1,0
CH0345,1,rihanna,6,4,0,0
CH0346,1,nickelback,6,0,0,0
CH0347,1,justin timberlake,6,0,0,0
CH0348,1,sean paul,6,4,1,0
CH0350,1,chris brown,6,3,0,0
CH0351,1,ne-yo,6,4,0,0
CH0352,1,rihanna,6,4,1,0
CH0353,1,fergie,6,0,0,0
CH0354,1,rascal flatts,6,0,1,0
CH0355,1,rihanna,6,4,0,0
CH0356,1,chris brown,6,3,0,0
CH0357,1,t.i.,6,1,0,0
CH0358,1,nickelback,6,0,1,0
CH0359,1,ne-yo,6,4,0,0
CH0360,1,rascal flatts,6,0,0,0
CH0362,1,sean paul,6,4,1,0
CH0363,1,chris brown,6,3,1,0
CH0365,1,ne-yo,6,4,1,0
CH0366,1,p!nk,6,3,0,0
CH0367,0,adele,6,2,0,0
CH0368,0,taylor swift,6,1,0,0
CH0369,0,adele,6,2,1,0
CH0370,0,ed sheeran,6,0,0,0
CH0371,0,adele,6,2,1,0
CH0372,0,adele,6,2,0,0
CH0373,0,adele,6,2,1,0
CH0374,0,adele,6,2,1,0
CH0375,0,justin bieber,6,2,0,0
CH0376,0,adele,6,2,0,0
CH0378,0,adele,6,2,0,0
CH0379,0,luke combs,6,3,1,0
CH0380,0,adele,6,2,0,0
CH0381,0,adele,6,2,1,0
CH0382,0,adele,6,2,1,0
CH0383,0,juice wrld,6,1,1,0
CH0385,0,taylor swift,6,1,1,0
CH0386,0,doja cat,6,0,1,0
CH0387,0,luke combs,6,3,1,0
CH0388,0,taylor swift,6,1,1,0
CH0389,0,travis scott,6,1,0,0
CH0390,0,jonas brothers,6,1,0,0
CH0391,0,bts,6,3,0,0
CH0392,0,post malone,6,2,0,0
CH0393,0,doja cat,6,0,1,0
CH0394,0,camila cabello,6,4,0,0
CH0395,0,dababy,6,4,1,0
CH0396,0,olivia rodrigo,6,3,0,0
CH0397,0,olivia rodrigo,6,3,1,0
CH0398,0,dababy,6,4,0,0
CH0400,0,olivia rodrigo,6,3,0,0
CH0401,0,justin bieber,6,2,0,0
CH0402,0,dababy,6,4,0,0
CH0403,0,justin bieber,6,2,0,0
CH0405,0,justin bieber,6,2,0,0
CH0408,0,ed sheeran,6,0,0,0
CH0410,0,justin bieber,6,2,0,0
CH0412,0,taylor swift,6,1,0,0
CH0414,0,taylor swift,6,1,0,0
CH0416,0,bts,6,3,1,0
CH0417,0,bts,6,3,0,0
CH0418,0,bts,6,3,1,0
CH0422,0,bts,6,3,0,0
CH0423,0,bts,6,3,0,0
CH0424,0,bts,6,3,1,0
CH0428,0,juice wrld,6,1,0,0
CH0429,0,juice wrld,6,1,0,0
CH0430,0,juice wrld,6,1,0,0
CH0432,0,juice wrld,6,1,0,0
CH0433,0,juice wrld,6,1,0,0
CH0434,0,juice wrld,6,1,0,0
CH0436,0,juice wrld,6,1,0,0
CH0437,0,juice wrld,6,1,1,0
CH0438,0,juice wrld,6,1,0,0
CH0439,0,juice wrld,6,1,1,0
CH0440,0,juice wrld,6,1,0,0
CH0441,0,the weeknd,6,4,0,0
CH0442,0,the weeknd,6,4,0,0
CH0443,0,the weeknd,6,4,0,0
CH0444,0,the weeknd,6,4,0,0
CH0445,0,the weeknd,6,4,1,0
CH0447,0,the weeknd,6,4,0,0
CH0448,0,the weeknd,6,4,1,0
CH0449,0,the weeknd,6,4,1,0
CH0450,0,the weeknd,6,4,0,0
CH0451,0,the weeknd,6,4,1,0
CH0452,0,jonas brothers,6,1,0,0
CH0454,0,jonas brothers,6,1,0,0
CH0455,0,taylor swift,6,1,1,0
CH0456,0,halsey,6,0,1,0
CH0457,0,dababy,6,4,0,0
CH0458,0,juice wrld,6,1,0,0
CH0459,0,doja cat,6,0,1,0
CH0462,0,katy perry,6,2,0,0
CH0463,0,taylor swift,6,1,1,0
CH0464,0,halsey,6,0,0,0
CH0465,0,jonas brothers,6,1,0,0
CH0466,0,beyonce,6,1,1,0
CH0468,0,nicki minaj,6,3,0,0
CH0469,0,imagine dragons,6,4,0,0
CH0470,0,lil baby,6,2,1,0
CH0472,0,juice wrld,6,1,0,0
CH0473,0,chris brown,6,3,1,0
CH0474,0,juice wrld,6,1,0,0
CH0476,0,katy perry,6,2,0,0
CH0477,0,luke combs,6,3,0,0
CH0478,0,lil wayne,6,4,0,0
CH0479,0,xxxtentacion,6,4,0,0
CH0481,0,camila cabello,6,4,1,0
CH0482,0,juice wrld,6,1,0,0
CH0484,0,drake,6,2,0,0
CH0485,0,juice wrld,6,1,1,0
CH0487,0,twenty one pilots,6,4,0,0
CH0490,0,drake,6,2,1,0
CH0491,0,drake,6,2,0,0
CH0492,0,meghan trainor,6,3,1,0
CH0493,0,p!nk,6,3,0,0
CH0494,0,chris brown,6,3,1,0
CH0495,0,xxxtentacion,6,4,0,0
CH0496,0,post malone,6,2,0,0
CH0497,0,taylor swift,6,1,1,0
CH0498,0,lil baby,6,2,0,0
CH0500,0,luke combs,6,3,1,0
CH0501,0,taylor swift,6,1,1,0
CH0502,0,xxxtentacion,6,4,1,0
CH0503,0,taylor swift,6,1,0,0
CH0504,0,chris brown,6,3,1,0
CH0505,0,post malone,6,2,1,0
CH0506,0,bruno mars,6,1,0,0
CH0507,0,travis scott,6,1,1,0
CH0508,0,rascal flatts,6,0,1,0
CH0509,0,camila cabello,6,4,0,0
CH0510,0,chris brown,6,3,0,0
CH0512,0,drake,6,2,1,0
CH0513,0,the weeknd,6,4,0,0
CH0514,0,kendrick lamar,6,3,0,0
CH0516,0,nicki minaj,6,3,1,0
CH0517,0,ed sheeran,6,0,0,0
CH0518,0,future,6,0,0,0
CH0519,0,the weeknd,6,4,0,0
CH0520,0,ed sheeran,6,0,0,0
CH0522,0,the weeknd,6,4,0,0
CH0524,0,rihanna,6,4,1,0
CH0525,0,katy perry,6,2,0,0
CH0529,0,fergie,6,0,0,0
CH0530,0,drake,6,2,1,0
CH0531,0,drake,6,2,0,0
CH0533,0,rascal flatts,6,0,0,0
CH0534,0,taylor swift,6,1,1,0
CH0535,0,the weeknd,6,4,1,0
CH0536,0,justin bieber,6,2,1,0
CH0538,0,gwen stefani,6,0,0,0
CH0541,0,justin bieber,6,2,1,0
CH0542,0,gwen stefani,6,0,1,0
CH0543,0,halsey,6,0,1,0
CH0544,0,drake,6,2,0,0
CH0546,0,justin bieber,6,2,0,0
CH0547,0,justin bieber,6,2,0,0
CH0548,0,justin bieber,6,2,0,0
CH0549,0,justin bieber,6,2,1,0
CH0550,0,chris brown,6,3,0,0
CH0551,0,justin bieber,6,2,0,0
CH0552,0,one direction,6,3,0,0
CH0553,0,one direction,6,3,0,0
CH0554,0,justin bieber,6,2,1,0
CH0555,0,one direction,6,3,1,0
CH0557,0,one direction,6,3,0,0
CH0558,0,justin bieber,6,2,0,0
CH0559,0,one direction,6,3,0,0
CH0560,0,maroon 5,6,0,0,0
CH0561,0,nicki minaj,6,3,0,0
CH0562,0,future,6,0,1,0
CH0564,0,kendrick lamar,6,3,1,0
CH0565,0,twenty one pilots,6,4,0,0
CH0566,0,drake,6,2,1,0
CH0567,0,imagine dragons,6,4,1,0
CH0568,0,drake,6,2,1,0
CH0569,0,kendrick lamar,6,3,0,0
CH0570,0,drake,6,2,0,0
CH0571,0,kendrick lamar,6,3,1,0
CH0572,0,drake,6,2,1,0
CH0573,0,twenty one pilots,6,4,1,0
CH0575,0,fergie,6,0,0,0
CH0576,0,one direction,6,3,1,0
CH0577,0,the weeknd,6,4,0,0
CH0578,0,kendrick lamar,6,3,1,0
CH0579,0,gwen stefani,6,0,0,0
CH0580,0,katy perry,6,2,0,0
CH0581,0,one direction,6,3,1,0
CH0582,0,nicki minaj,6,3,1,0
CH0583,0,pharrell williams,6,0,1,0
CH0584,0,usher,6,0,1,0
CH0585,0,bruno mars,6,1,0,0
CH0586,0,rascal flatts,6,0,1,0
CH0587,0,coldplay,6,2,1,0
CH0588,0,imagine dragons,6,4,0,0
CH0589,0,katy perry,6,2,0,0
CH0590,0,beyonce,6,1,0,0
CH0591,0,drake,6,2,1,0
CH0592,0,justin timberlake,6,0,0,0
CH0593,0,justin bieber,6,2,1,0
CH0595,0,future,6,0,1,0
CH0596,0,britney spears,6,3,1,0
CH0597,0,drake,6,2,1,0
CH0598,0,daughtry,6,4,0,0
CH0600,0,one direction,6,3,1,0
CH0601,0,one direction,6,3,0,0
CH0602,0,rihanna,6,4,1,0
CH0603,0,bruno mars,6,1,0,0
CH0604,0,one direction,6,3,0,0
CH0605,0,britney spears,6,3,0,0
CH0607,0,justin timberlake,6,0,1,0
CH0608,0,britney spears,6,3,1,0
CH0609,0,avril lavigne,6,4,1,0
CH0610,0,chris brown,6,3,0,0
CH0612,0,one direction,6,3,0,0
CH0613,0,justin timberlake,6,0,0,0
CH0614,0,future,6,0,1,0
CH0615,0,ke$ha,6,0,0,0
CH0616,0,kendrick lamar,6,3,1,0
CH0617,0,rascal flatts,6,0,0,0
CH0618,0,nicki minaj,6,3,1,0
CH0619,0,one direction,6,3,0,0
CH0620,0,the weeknd,6,4,0,0
CH0621,0,chris brown,6,3,0,0
CH0622,0,adele,6,2,0,0
CH0623,0,one direction,6,3,1,0
CH0624,0,taylor swift,6,1,0,0
CH0625,0,future,6,0,1,0
CH0626,0,rascal flatts,6,0,0,0
CH0627,0,beyonce,6,1,0,0
CH0628,0,one direction,6,3,0,0
CH0629,0,taylor swift,6,1,0,0
CH0630,0,taylor swift,6,1,0,0
CH0631,0,rascal flatts,6,0,1,0
CH0633,0,justin bieber,6,2,1,0
CH0635,0,nickelback,6,0,0,0
CH0636,0,avril lavigne,6,4,1,0
CH0637,0,lil wayne,6,4,0,0
CH0638,0,beyonce,6,1,1,0
CH0639,0,nicki minaj,6,3,1,0
CH0640,0,taylor swift,6,1,0,0
CH0641,0,taylor swift,6,1,1,0
CH0642,0,drake,6,2,0,0
CH0643,0,britney spears,6,3,0,0
CH0644,0,drake,6,2,0,0
CH0645,0,rihanna,6,4,1,0
CH0646,0,taylor swift,6,1,1,0
CH0647,0,rihanna,6,4,1,0
CH0648,0,maroon 5,6,0,0,0
CH0649,0,drake,6,2,0,0
CH0650,0,avril lavigne,6,4,1,0
CH0651,0,taylor swift,6,1,1,0
CH0652,0,rascal flatts,6,0,0,0
CH0653,0,nicki minaj,6,3,1,0
CH0654,0,chris brown,6,3,0,0
CH0655,0,nicki minaj,6,3,1,0
CH0657,0,rascal flatts,6,0,1,0
CH0658,0,daughtry,6,4,1,0
CH0659,0,akon,6,0,1,0
CH0660,0,ne-yo,6,4,0,0
CH0661,0,ne-yo,6,4,0,0
CH0662,0,nickelback,6,0,1,0
CH0663,0,p!nk,6,3,0,0
CH0664,0,ne-yo,6,4,1,0
CH0666,0,justin bieber,6,2,1,0
CH0669,0,rascal flatts,6,0,0,0
CH0670,0,taylor swift,6,1,1,0
CH0671,0,avril lavigne,6,4,0,0
CH0672,0,taylor swift,6,1,1,0
CH0674,0,rihanna,6,4,1,0
CH0676,0,justin bieber,6,2,0,0
CH0677,0,usher,6,0,0,0
CH0678,0,nickelback,6,0,0,0
CH0680,0,chris brown,6,3,1,0
CH0681,0,lil wayne,6,4,0,0
CH0682,0,p!nk,6,3,1,0
CH0683,0,justin bieber,6,2,1,0
CH0685,0,justin bieber,6,2,1,0
CH0686,0,rascal flatts,6,0,0,0
CH0687,0,beyonce,6,1,0,0
CH0688,0,sean paul,6,4,1,0
CH0690,0,daughtry,6,4,0,0
CH0692,0,rascal flatts,6,0,0,0
CH0693,0,lil wayne,6,4,1,0
CH0694,0,katy perry,6,2,0,0
CH0697,0,taylor swift,6,1,1,0
CH0698,0,rihanna,6,4,1,0
CH0699,0,usher,6,0,1,0
CH0700,0,rascal flatts,6,0,0,0
CH0702,0,leona lewis,6,4,1,0
CH0703,0,daughtry,6,4,0,0
CH0704,0,nickelback,6,0,1,0
CH0705,0,jonas brothers,6,1,1,0
CH0706,0,jonas brothers,6,1,1,0
CH0707,0,taylor swift,6,1,0,0
CH0708,0,chris brown,6,3,0,0
CH0711,0,usher,6,0,0,0
CH0712,0,jonas brothers,6,1,1,0
CH0713,0,jonas brothers,6,1,1,0
CH0715,0,taylor swift,6,1,0,0
CH0716,0,britney spears,6,3,1,0
CH0717,0,maroon 5,6,0,0,0
CH0718,0,ne-yo,6,4,0,0
CH0719,0,daughtry,6,4,1,0
CH0720,0,maroon 5,6,0,0,0
CH0721,0,chris brown,6,3,0,0
CH0722,0,britney spears,6,3,1,0
CH0724,0,rascal flatts,6,0,0,0
CH0726,0,jonas brothers,6,1,1,0
CH0728,0,rascal flatts,6,0,1,0
CH0729,0,akon,6,0,0,0
CH0730,0,ne-yo,6,4,1,0
CH0731,0,avril lavigne,6,4,0,0
CH0732,0,gwen stefani,6,0,1,0
CH0733,0,beyonce,6,1,1,0
CH0737,0,rascal flatts,6,0,0,0
CH0738,0,jonas brothers,6,1,0,0
CH0739,0,rascal flatts,6,0,0,0
CH0740,0,taylor swift,6,1,0,0
CH0743,0,beyonce,6,1,0,0
CH0744,0,beyonce,6,1,1,0
CH0745,0,rascal flatts,6,0,1,0
CH0747,0,gwen stefani,6,0,0,0
CH0748,0,gwen stefani,6,0,0,0
CH0749,0,rihanna,6,4,1,0
CH0751,0,rascal flatts,6,0,0,0
CH0001,1,the weeknd,7,4,1,0
CH0002,1,olivia rodrigo,7,2,0,0
CH0003,1,olivia rodrigo,7,2,0,0
CH0005,1,bts,7,3,1,0
CH0006,1,olivia rodrigo,7,2,1,0
CH0008,1,ed sheeran,7,0,0,0
CH0009,1,luke combs,7,3,0,0
CH0013,1,olivia rodrigo,7,2,0,0
CH0014,1,bts,7,3,0,0
CH0015,1,doja cat,7,0,1,0
CH0016,1,taylor swift,7,2,1,0
CH0017,1,luke combs,7,3,0,0
CH0018,1,doja cat,7,0,0,0
CH0019,1,drake,7,1,1,0
CH0020,1,justin bieber,7,2,1,0
CH0022,1,the weeknd,7,4,1,0
CH0024,1,post malone,7,0,0,0
CH0026,1,maroon 5,7,0,0,0
CH0027,1,doja cat,7,0,0,0
CH0030,1,the weeknd,7,4,0,0
CH0031,1,dababy,7,0,0,0
CH0032,1,drake,7,1,1,0
CH0034,1,lil baby,7,0,1,0
CH0035,1,travis scott,7,4,0,0
CH0037,1,justin bieber,7,2,0,0
CH0039,1,lil baby,7,0,0,0
CH0040,1,lil baby,7,0,1,0
CH0041,1,jonas brothers,7,1,0,0
CH0042,1,lil baby,7,0,0,0
CH0043,1,halsey,7,3,0,0
CH0045,1,luke combs,7,3,0,0
CH0046,1,juice wrld,7,1,0,0
CH0048,1,luke combs,7,3,0,0
CH0049,1,halsey,7,3,1,0
CH0050,1,post malone,7,0,0,0
CH0052,1,travis scott,7,4,0,0
CH0053,1,jonas brothers,7,1,0,0
CH0055,1,dababy,7,0,0,0
CH0057,1,post malone,7,0,0,0
CH0060,1,taylor swift,7,2,1,0
CH0061,1,luke combs,7,3,0,0
CH0062,1,juice wrld,7,1,1,0
CH0064,1,luke combs,7,3,0,0
CH0068,1,lil baby,7,0,0,0
CH0069,1,p!nk,7,3,1,0
CH0070,1,juice wrld,7,1,0,0
CH0071,1,drake,7,1,1,0
CH0072,1,ed sheeran,7,0,1,0
CH0073,1,drake,7,1,0,0
CH0074,1,drake,7,1,0,0
CH0075,1,xxxtentacion,7,3,1,0
CH0076,1,camila cabello,7,0,0,0
CH0078,1,imagine dragons,7,2,0,0
CH0079,1,taylor swift,7,2,0,0
CH0080,1,halsey,7,3,0,0
CH0081,1,imagine dragons,7,2,1,0
CH0082,1,post malone,7,0,0,0
CH0085,1,drake,7,1,0,0
CH0087,1,maroon 5,7,0,1,0
CH0090,1,imagine dragons,7,2,1,0
CH0091,1,ed sheeran,7,0,1,0
CH0092,1,the weeknd,7,4,1,0
CH0093,1,drake,7,1,1,0
CH0094,1,xxxtentacion,7,3,0,0
CH0095,1,xxxtentacion,7,3,0,0
CH0096,1,luke combs,7,3,0,0
CH0097,1,imagine dragons,7,2,1,0
CH0098,1,bruno mars,7,0,1,0
CH0099,1,kendrick lamar,7,4,0,0
CH0100,1,future,7,0,1,0
CH0101,1,bruno mars,7,0,1,0
CH0103,1,rihanna,7,4,0,0
CH0104,1,drake,7,1,1,0
CH0105,1,taylor swift,7,2,1,0
CH0106,1,ed sheeran,7,0,0,0
CH0107,1,the chainsmokers,7,3,0,0
CH0109,1,halsey,7,3,0,0
CH0110,1,kendrick lamar,7,4,0,0
CH0111,1,drake,7,1,1,0
CH0112,1,travis scott,7,4,1,0
CH0113,1,luke combs,7,3,1,0
CH0114,1,p!nk,7,3,0,0
CH0116,1,adele,7,4,0,0
CH0119,1,justin bieber,7,2,1,0
CH0120,1,justin bieber,7,2,1,0
CH0121,1,twenty one pilots,7,3,0,0
CH0122,1,adele,7,4,1,0
CH0123,1,rihanna,7,4,1,0
CH0124,1,twenty one pilots,7,3,1,0
CH0126,1,drake,7,1,1,0
CH0127,1,adele,7,4,0,0
CH0128,1,justin bieber,7,2,0,0
CH0129,1,the weeknd,7,4,1,0
CH0130,1,p!nk,7,3,0,0
CH0132,1,drake,7,1,0,0
CH0133,1,meghan trainor,7,0,1,0
CH0135,1,the weeknd,7,4,0,0
CH0136,1,meghan trainor,7,0,0,0
CH0137,1,post malone,7,0,0,0
CH0138,1,the weeknd,7,4,1,0
CH0139,1,coldplay,7,1,0,0
CH0140,1,travis scott,7,4,0,0
CH0141,1,taylor swift,7,2,1,0
CH0142,1,adele,7,4,1,0
CH0143,1,chris brown,7,2,1,0
CH0144,1,coldplay,7,1,1,0
CH0145,1,future,7,0,0,0
CH0146,1,ed sheeran,7,0,0,0
CH0148,1,maroon 5,7,0,1,0
CH0149,1,taylor swift,7,2,1,0
CH0150,1,the weeknd,7,4,0,0
CH0151,1,taylor swift,7,2,0,0
CH0152,1,meghan trainor,7,0,1,0
CH0154,1,meghan trainor,7,0,0,0
CH0155,1,taylor swift,7,2,1,0
CH0156,1,ed sheeran,7,0,1,0
CH0157,1,maroon 5,7,0,0,0
CH0158,1,rihanna,7,4,1,0
CH0160,1,beyonce,7,4,0,0
CH0161,1,one direction,7,3,0,0
CH0163,1,meghan trainor,7,0,1,0
CH0164,1,ed sheeran,7,0,0,0
CH0165,1,one direction,7,3,0,0
CH0166,1,drake,7,1,1,0
CH0167,1,pharrell williams,7,3,0,0
CH0168,1,imagine dragons,7,2,1,0
CH0169,1,one direction,7,3,1,0
CH0170,1,maroon 5,7,0,0,0
CH0171,1,nicki minaj,7,3,0,0
CH0173,1,justin timberlake,7,3,0,0
CH0174,1,katy perry,7,1,0,0
CH0175,1,coldplay,7,1,1,0
CH0176,1,imagine dragons,7,2,0,0
CH0177,1,katy perry,7,1,1,0
CH0178,1,beyonce,7,4,0,0
CH0179,1,drake,7,1,0,0
CH0180,1,justin timberlake,7,3,0,0
CH0181,1,bruno mars,7,0,0,0
CH0182,1,bruno mars,7,0,0,0
CH0183,1,taylor swift,7,2,0,0
CH0185,1,rihanna,7,4,0,0
CH0186,1,drake,7,1,1,0
CH0187,1,maroon 5,7,0,0,0
CH0189,1,maroon 5,7,0,1,0
CH0190,1,imagine dragons,7,2,0,0
CH0191,1,maroon 5,7,0,1,0
CH0192,1,p!nk,7,3,0,0
CH0193,1,ke$ha,7,1,0,0
CH0195,1,rihanna,7,4,1,0
CH0196,1,taylor swift,7,2,1,0
CH0197,1,one direction,7,3,1,0
CH0198,1,ed sheeran,7,0,0,0
CH0199,1,kendrick lamar,7,4,0,0
CH0200,1,ne-yo,7,1,1,0
CH0201,1,nicki minaj,7,3,1,0
CH0202,1,one direction,7,3,0,0
CH0203,1,adele,7,4,0,0
CH0205,1,katy perry,7,1,0,0
CH0206,1,rihanna,7,4,1,0
CH0207,1,bruno mars,7,0,0,0
CH0208,1,justin bieber,7,2,0,0
CH0209,1,katy perry,7,1,1,0
CH0210,1,taylor swift,7,2,1,0
CH0211,1,p!nk,7,3,1,0
CH0212,1,katy perry,7,1,1,0
CH0213,1,adele,7,4,1,0
CH0214,1,chris brown,7,2,0,0
CH0215,1,adele,7,4,0,0
CH0216,1,coldplay,7,1,0,0
CH0218,1,adele,7,4,1,0
CH0219,1,usher,7,0,0,0
CH0220,1,nicki minaj,7,3,0,0
CH0221,1,chris brown,7,2,0,0
CH0222,1,rihanna,7,4,1,0
CH0223,1,katy perry,7,1,1,0
CH0224,1,bruno mars,7,0,0,0
CH0225,1,nicki minaj,7,3,0,0
CH0226,1,rihanna,7,4,1,0
CH0227,1,katy perry,7,1,1,0
CH0228,1,bruno mars,7,0,1,0
CH0229,1,p!nk,7,3,1,0
CH0231,1,p!nk,7,3,1,0
CH0232,1,lil wayne,7,4,0,0
CH0233,1,bruno mars,7,0,0,0
CH0234,1,britney spears,7,4,0,0
CH0236,1,ke$ha,7,1,1,0
CH0237,1,ke$ha,7,1,1,0
CH0238,1,rihanna,7,4,1,0
CH0239,1,britney spears,7,4,1,0
CH0240,1,chris brown,7,2,0,0
CH0242,1,britney spears,7,4,1,0
CH0243,1,usher,7,0,0,0
CH0244,1,avril lavigne,7,3,1,0
CH0246,1,taylor swift,7,2,0,0
CH0247,1,katy perry,7,1,1,0
CH0248,1,rihanna,7,4,0,0
CH0249,1,drake,7,1,0,0
CH0250,1,beyonce,7,4,1,0
CH0251,1,chris brown,7,2,1,0
CH0252,1,ke$ha,7,1,1,0
CH0254,1,rihanna,7,4,0,0
CH0256,1,ke$ha,7,1,1,0
CH0257,1,drake,7,1,1,0
CH0259,1,taylor swift,7,2,0,0
CH0260,1,taylor swift,7,2,1,0
CH0261,1,ke$ha,7,1,0,0
CH0262,1,drake,7,1,0,0
CH0263,1,maroon 5,7,0,0,0
CH0265,1,nicki minaj,7,3,1,0
CH0267,1,britney spears,7,4,1,0
CH0269,1,usher,7,0,0,0
CH0270,1,taylor swift,7,2,1,0
CH0271,1,beyonce,7,4,0,0
CH0273,1,daughtry,7,0,0,0
CH0276,1,taylor swift,7,2,1,0
CH0277,1,beyonce,7,4,1,0
CH0280,1,drake,7,1,0,0
CH0281,1,beyonce,7,4,1,0
CH0282,1,katy perry,7,1,1,0
CH0283,1,britney spears,7,4,1,0
CH0285,1,katy perry,7,1,0,0
CH0286,1,p!nk,7,3,0,0
CH0287,1,britney spears,7,4,0,0
CH0288,1,ne-yo,7,1,0,0
CH0290,1,p!nk,7,3,1,0
CH0291,1,beyonce,7,4,1,0
CH0292,1,nickelback,7,2,0,0
CH0293,1,p!nk,7,3,1,0
CH0294,1,coldplay,7,1,1,0
CH0295,1,akon,7,3,0,0
CH0296,1,ne-yo,7,1,1,0
CH0297,1,daughtry,7,0,0,0
CH0298,1,nickelback,7,2,1,0
CH0299,1,britney spears,7,4,1,0
CH0300,1,taylor swift,7,2,0,0
CH0301,1,rihanna,7,4,1,0
CH0302,1,beyonce,7,4,0,0
CH0303,1,justin bieber,7,2,0,0
CH0305,1,leona lewis,7,2,0,0
CH0307,1,chris brown,7,2,1,0
CH0308,1,chris brown,7,2,1,0
CH0309,1,rihanna,7,4,0,0
CH0310,1,katy perry,7,1,1,0
CH0311,1,rihanna,7,4,1,0
CH0312,1,ne-yo,7,1,0,0
CH0313,1,fergie,7,1,0,0
CH0315,1,taylor swift,7,2,0,0
CH0316,1,lil wayne,7,4,1,0
CH0318,1,taylor swift,7,2,0,0
CH0319,1,leona lewis,7,2,1,0
CH0320,1,jonas brothers,7,1,1,0
CH0321,1,fergie,7,1,0,0
CH0322,1,britney spears,7,4,0,0
CH0324,1,daughtry,7,0,0,0
CH0325,1,beyonce,7,4,1,0
CH0327,1,akon,7,3,1,0
CH0328,1,avril lavigne,7,3,1,0
CH0329,1,maroon 5,7,0,1,0
CH0330,1,daughtry,7,0,1,0
CH0331,1,fergie,7,1,1,0
CH0332,1,justin timberlake,7,3,1,0
CH0334,1,daughtry,7,0,1,0
CH0336,1,p!nk,7,3,0,0
CH0337,1,nickelback,7,2,1,0
CH0338,1,justin timberlake,7,3,0,0
CH0339,1,nickelback,7,2,0,0
CH0340,1,ne-yo,7,1,0,0
CH0341,1,justin timberlake,7,3,1,0
CH0342,1,avril lavigne,7,3,0,0
CH0343,1,p!nk,7,3,0,0
CH0344,1,gwen stefani,7,3,1,0
CH0345,1,rihanna,7,4,0,0
CH0346,1,nickelback,7,2,0,0
CH0347,1,justin timberlake,7,3,1,0
CH0348,1,sean paul,7,0,0,0
CH0350,1,chris brown,7,2,1,0
CH0351,1,ne-yo,7,1,1,0
CH0352,1,rihanna,7,4,1,0
CH0353,1,fergie,7,1,1,0
CH0354,1,rascal flatts,7,0,1,0
CH0355,1,rihanna,7,4,1,0
CH0356,1,chris brown,7,2,0,0
CH0357,1,t.i.,7,2,0,0
CH0358,1,nickelback,7,2,0,0
CH0359,1,ne-yo,7,1,0,0
CH0360,1,rascal flatts,7,0,0,0
CH0362,1,sean paul,7,0,0,0
CH0363,1,chris brown,7,2,0,0
CH0365,1,ne-yo,7,1,1,0
CH0366,1,p!nk,7,3,0,0
CH0367,0,adele,7,4,1,0
CH0368,0,taylor swift,7,2,0,0
CH0369,0,adele,7,4,1,0
CH0370,0,ed sheeran,7,0,0,0
CH0371,0,adele,7,4,0,0
CH0372,0,adele,7,4,1,0
CH0373,0,adele,7,4,0,0
CH0374,0,adele,7,4,1,0
CH0375,0,justin bieber,7,2,0,0
CH0376,0,adele,7,4,0,0
CH0378,0,adele,7,4,1,0
CH0379,0,luke combs,7,3,0,0
CH0380,0,adele,7,4,0,0
CH0381,0,adele,7,4,0,0
CH0382,0,adele,7,4,0,0
CH0383,0,juice wrld,7,1,1,0
CH0385,0,taylor swift,7,2,0,0
CH0386,0,doja cat,7,0,1,0
CH0387,0,luke combs,7,3,0,0
CH0388,0,taylor swift,7,2,1,0
CH0389,0,travis scott,7,4,0,0
CH0390,0,jonas brothers,7,1,1,0
CH0391,0,bts,7,3,0,0
CH0392,0,post malone,7,0,1,0
CH0393,0,doja cat,7,0,1,0
CH0394,0,camila cabello,7,0,1,0
CH0395,0,dababy,7,0,0,0
CH0396,0,olivia rodrigo,7,2,0,0
CH0397,0,olivia rodrigo,7,2,1,0
CH0398,0,dababy,7,0,0,0
CH0400,0,olivia rodrigo,7,2,0,0
CH0401,0,justin bieber,7,2,0,0
CH0402,0,dababy,7,0,1,0
CH0403,0,justin bieber,7,2,1,0
CH0405,0,justin bieber,7,2,0,0
CH0408,0,ed sheeran,7,0,0,0
CH0410,0,justin bieber,7,2,0,0
CH0412,0,taylor swift,7,2,0,0
CH0414,0,taylor swift,7,2,0,0
CH0416,0,bts,7,3,0,0
CH0417,0,bts,7,3,0,0
CH0418,0,bts,7,3,1,0
CH0422,0,bts,7,3,0,0
CH0423,0,bts,7,3,0,0
CH0424,0,bts,7,3,1,0
CH0428,0,juice wrld,7,1,0,0
CH0429,0,juice wrld,7,1,1,0
CH0430,0,juice wrld,7,1,0,0
CH0432,0,juice wrld,7,1,0,0
CH0433,0,juice wrld,7,1,0,0
CH0434,0,juice wrld,7,1,0,0
CH0436,0,juice wrld,7,1,0,0
CH0437,0,juice wrld,7,1,0,0
CH0438,0,juice wrld,7,1,0,0
CH0439,0,juice wrld,7,1,0,0
CH0440,0,juice wrld,7,1,0,0
CH0441,0,the weeknd,7,4,1,0
CH0442,0,the weeknd,7,4,0,0
CH0443,0,the weeknd,7,4,0,0
CH0444,0,the weeknd,7,4,1,0
CH0445,0,the weeknd,7,4,0,0
CH0447,0,the weeknd,7,4,1,0
CH0448,0,the weeknd,7,4,0,0
CH0449,0,the weeknd,7,4,1,0
CH0450,0,the weeknd,7,4,0,0
CH0451,0,the weeknd,7,4,1,0
CH0452,0,jonas brothers,7,1,1,0
CH0454,0,jonas brothers,7,1,0,0
CH0455,0,taylor swift,7,2,1,0
CH0456,0,halsey,7,3,0,0
CH0457,0,dababy,7,0,0,0
CH0458,0,juice wrld,7,1,0,0
CH0459,0,doja cat,7,0,1,0
CH0462,0,katy perry,7,1,0,0
CH0463,0,taylor swift,7,2,0,0
CH0464,0,halsey,7,3,0,0
CH0465,0,jonas brothers,7,1,0,0
CH0466,0,beyonce,7,4,1,0
CH0468,0,nicki minaj,7,3,0,0
CH0469,0,imagine dragons,7,2,0,0
CH0470,0,lil baby,7,0,0,0
CH0472,0,juice wrld,7,1,0,0
CH0473,0,chris brown,7,2,0,0
CH0474,0,juice wrld,7,1,0,0
CH0476,0,katy perry,7,1,0,0
CH0477,0,luke combs,7,3,0,0
CH0478,0,lil wayne,7,4,1,0
CH0479,0,xxxtentacion,7,3,0,0
CH0481,0,camila cabello,7,0,0,0
CH0482,0,juice wrld,7,1,0,0
CH0484,0,drake,7,1,1,0
CH0485,0,juice wrld,7,1,0,0
CH0487,0,twenty one pilots,7,3,0,0
CH0490,0,drake,7,1,1,0
CH0491,0,drake,7,1,1,0
CH0492,0,meghan trainor,7,0,1,0
CH0493,0,p!nk,7,3,0,0
CH0494,0,chris brown,7,2,0,0
CH0495,0,xxxtentacion,7,3,0,0
CH0496,0,post malone,7,0,0,0
CH0497,0,taylor swift,7,2,0,0
CH0498,0,lil baby,7,0,1,0
CH0500,0,luke combs,7,3,0,0
CH0501,0,taylor swift,7,2,1,0
CH0502,0,xxxtentacion,7,3,1,0
CH0503,0,taylor swift,7,2,1,0
CH0504,0,chris brown,7,2,0,0
CH0505,0,post malone,7,0,1,0
CH0506,0,bruno mars,7,0,0,0
CH0507,0,travis scott,7,4,0,0
CH0508,0,rascal flatts,7,0,1,0
CH0509,0,camila cabello,7,0,0,0
CH0510,0,chris brown,7,2,0,0
CH0512,0,drake,7,1,0,0
CH0513,0,the weeknd,7,4,0,0
CH0514,0,kendrick lamar,7,4,0,0
CH0516,0,nicki minaj,7,3,0,0
CH0517,0,ed sheeran,7,0,0,0
CH0518,0,future,7,0,0,0
CH0519,0,the weeknd,7,4,1,0
CH0520,0,ed sheeran,7,0,0,0
CH0522,0,the weeknd,7,4,0,0
CH0524,0,rihanna,7,4,0,0
CH0525,0,katy perry,7,1,1,0
CH0529,0,fergie,7,1,0,0
CH0530,0,drake,7,1,1,0
CH0531,0,drake,7,1,0,0
CH0533,0,rascal flatts,7,0,0,0
CH0534,0,taylor swift,7,2,1,0
CH0535,0,the weeknd,7,4,0,0
CH0536,0,justin bieber,7,2,1,0
CH0538,0,gwen stefani,7,3,1,0
CH0541,0,justin bieber,7,2,1,0
CH0542,0,gwen stefani,7,3,0,0
CH0543,0,halsey,7,3,1,0
CH0544,0,drake,7,1,1,0
CH0546,0,justin bieber,7,2,0,0
CH0547,0,justin bieber,7,2,0,0
CH0548,0,justin bieber,7,2,0,0
CH0549,0,justin bieber,7,2,1,0
CH0550,0,chris brown,7,2,0,0
CH0551,0,justin bieber,7,2,1,0
CH0552,0,one direction,7,3,0,0
CH0553,0,one direction,7,3,0,0
CH0554,0,justin bieber,7,2,1,0
CH0555,0,one direction,7,3,1,0
CH0557,0,one direction,7,3,0,0
CH0558,0,justin bieber,7,2,0,0
CH0559,0,one direction,7,3,0,0
CH0560,0,maroon 5,7,0,0,0
CH0561,0,nicki minaj,7,3,0,0
CH0562,0,future,7,0,1,0
CH0564,0,kendrick lamar,7,4,0,0
CH0565,0,twenty one pilots,7,3,0,0
CH0566,0,drake,7,1,1,0
CH0567,0,imagine dragons,7,2,1,0
CH0568,0,drake,7,1,1,0
CH0569,0,kendrick lamar,7,4,0,0
CH0570,0,drake,7,1,1,0
CH0571,0,kendrick lamar,7,4,1,0
CH0572,0,drake,7,1,1,0
CH0573,0,twenty one pilots,7,3,1,0
CH0575,0,fergie,7,1,1,0
CH0576,0,one direction,7,3,0,0
CH0577,0,the weeknd,7,4,0,0
CH0578,0,kendrick lamar,7,4,1,0
CH0579,0,gwen stefani,7,3,0,0
CH0580,0,katy perry,7,1,0,0
CH0581,0,one direction,7,3,1,0
CH0582,0,nicki minaj,7,3,1,0
CH0583,0,pharrell williams,7,3,1,0
CH0584,0,usher,7,0,1,0
CH0585,0,bruno mars,7,0,0,0
CH0586,0,rascal flatts,7,0,1,0
CH0587,0,coldplay,7,1,0,0
CH0588,0,imagine dragons,7,2,1,0
CH0589,0,katy perry,7,1,0,0
CH0590,0,beyonce,7,4,1,0
CH0591,0,drake,7,1,1,0
CH0592,0,justin timberlake,7,3,1,0
CH0593,0,justin bieber,7,2,0,0
CH0595,0,future,7,0,0,0
CH0596,0,britney spears,7,4,0,0
CH0597,0,drake,7,1,0,0
CH0598,0,daughtry,7,0,1,0
CH0600,0,one direction,7,3,0,0
CH0601,0,one direction,7,3,0,0
CH0602,0,rihanna,7,4,1,0
CH0603,0,bruno mars,7,0,0,0
CH0604,0,one direction,7,3,0,0
CH0605,0,britney spears,7,4,0,0
CH0607,0,justin timberlake,7,3,1,0
CH0608,0,britney spears,7,4,1,0
CH0609,0,avril lavigne,7,3,1,0
CH0610,0,chris brown,7,2,1,0
CH0612,0,one direction,7,3,0,0
CH0613,0,justin timberlake,7,3,0,0
CH0614,0,future,7,0,1,0
CH0615,0,ke$ha,7,1,0,0
CH0616,0,kendrick lamar,7,4,1,0
CH0617,0,rascal flatts,7,0,0,0
CH0618,0,nicki minaj,7,3,1,0
CH0619,0,one direction,7,3,0,0
CH0620,0,the weeknd,7,4,0,0
CH0621,0,chris brown,7,2,1,0
CH0622,0,adele,7,4,0,0
CH0623,0,one direction,7,3,1,0
CH0624,0,taylor swift,7,2,1,0
CH0625,0,future,7,0,0,0
CH0626,0,rascal flatts,7,0,0,0
CH0627,0,beyonce,7,4,0,0
CH0628,0,one direction,7,3,1,0
CH0629,0,taylor swift,7,2,1,0
CH0630,0,taylor swift,7,2,0,0
CH0631,0,rascal flatts,7,0,1,0
CH0633,0,justin bieber,7,2,0,0
CH0635,0,nickelback,7,2,1,0
CH0636,0,avril lavigne,7,3,1,0
CH0637,0,lil wayne,7,4,0,0
CH0638,0,beyonce,7,4,1,0
CH0639,0,nicki minaj,7,3,1,0
CH0640,0,taylor swift,7,2,0,0
CH0641,0,taylor swift,7,2,0,0
CH0642,0,drake,7,1,0,0
CH0643,0,britney spears,7,4,0,0
CH0644,0,drake,7,1,1,0
CH0645,0,rihanna,7,4,0,0
CH0646,0,taylor swift,7,2,0,0
CH0647,0,rihanna,7,4,1,0
CH0648,0,maroon 5,7,0,0,0
CH0649,0,drake,7,1,0,0
CH0650,0,avril lavigne,7,3,1,0
CH0651,0,taylor swift,7,2,0,0
CH0652,0,rascal flatts,7,0,0,0
CH0653,0,nicki minaj,7,3,0,0
CH0654,0,chris brown,7,2,0,0
CH0655,0,nicki minaj,7,3,1,0
CH0657,0,rascal flatts,7,0,0,0
CH0658,0,daughtry,7,0,1,0
CH0659,0,akon,7,3,1,0
CH0660,0,ne-yo,7,1,0,0
CH0661,0,ne-yo,7,1,1,0
CH0662,0,nickelback,7,2,0,0
CH0663,0,p!nk,7,3,0,0
CH0664,0,ne-yo,7,1,0,0
CH0666,0,justin bieber,7,2,1,0
CH0669,0,rascal flatts,7,0,0,0
CH0670,0,taylor swift,7,2,1,0
CH0671,0,avril lavigne,7,3,1,0
CH0672,0,taylor swift,7,2,0,0
CH0674,0,rihanna,7,4,0,0
CH0676,0,justin bieber,7,2,0,0
CH0677,0,usher,7,0,1,0
CH0678,0,nickelback,7,2,0,0
CH0680,0,chris brown,7,2,1,0
CH0681,0,lil wayne,7,4,0,0
CH0682,0,p!nk,7,3,1,0
CH0683,0,justin bieber,7,2,1,0
CH0685,0,justin bieber,7,2,1,0
CH0686,0,rascal flatts,7,0,1,0
CH0687,0,beyonce,7,4,0,0
CH0688,0,sean paul,7,0,0,0
CH0690,0,daughtry,7,0,0,0
CH0692,0,rascal flatts,7,0,0,0
CH0693,0,lil wayne,7,4,0,0
CH0694,0,katy perry,7,1,0,0
CH0697,0,taylor swift,7,2,0,0
CH0698,0,rihanna,7,4,1,0
CH0699,0,usher,7,0,0,0
CH0700,0,rascal flatts,7,0,0,0
CH0702,0,leona lewis,7,2,1,0
CH0703,0,daughtry,7,0,0,0
CH0704,0,nickelback,7,2,0,0
CH0705,0,jonas brothers,7,1,1,0
CH0706,0,jonas brothers,7,1,0,0
CH0707,0,taylor swift,7,2,0,0
CH0708,0,chris brown,7,2,0,0
CH0711,0,usher,7,0,0,0
CH0712,0,jonas brothers,7,1,1,0
CH0713,0,jonas brothers,7,1,0,0
CH0715,0,taylor swift,7,2,1,0
CH0716,0,britney spears,7,4,1,0
CH0717,0,maroon 5,7,0,0,0
CH0718,0,ne-yo,7,1,0,0
CH0719,0,daughtry,7,0,1,0
CH0720,0,maroon 5,7,0,0,0
CH0721,0,chris brown,7,2,0,0
CH0722,0,britney spears,7,4,1,0
CH0724,0,rascal flatts,7,0,0,0
CH0726,0,jonas brothers,7,1,1,0
CH0728,0,rascal flatts,7,0,1,0
CH0729,0,akon,7,3,1,0
CH0730,0,ne-yo,7,1,0,0
CH0731,0,avril lavigne,7,3,0,0
CH0732,0,gwen stefani,7,3,1,0
CH0733,0,beyonce,7,4,0,0
CH0737,0,rascal flatts,7,0,0,0
CH0738,0,jonas brothers,7,1,0,0
CH0739,0,rascal flatts,7,0,0,0
CH0740,0,taylor swift,7,2,0,0
CH0743,0,beyonce,7,4,0,0
CH0744,0,beyonce,7,4,1,0
CH0745,0,rascal flatts,7,0,0,0
CH0747,0,gwen stefani,7,3,0,0
CH0748,0,gwen stefani,7,3,1,0
CH0749,0,rihanna,7,4,1,0
CH0751,0,rascal flatts,7,0,0,0
CH0001,1,the weeknd,8,3,0,0
CH0002,1,olivia rodrigo,8,4,1,0
CH0003,1,olivia rodrigo,8,4,0,0
CH0005,1,bts,8,2,1,0
CH0006,1,olivia rodrigo,8,4,1,0
CH0008,1,ed sheeran,8,3,0,0
CH0009,1,luke combs,8,2,0,0
CH0013,1,olivia rodrigo,8,4,0,0
CH0014,1,bts,8,2,0,0
CH0015,1,doja cat,8,2,1,0
CH0016,1,taylor swift,8,1,1,0
CH0017,1,luke combs,8,2,0,0
CH0018,1,doja cat,8,2,0,0
CH0019,1,drake,8,0,0,0
CH0020,1,justin bieber,8,2,0,0
CH0022,1,the weeknd,8,3,1,0
CH0024,1,post malone,8,3,0,0
CH0026,1,maroon 5,8,0,0,0
CH0027,1,doja cat,8,2,0,0
CH0030,1,the weeknd,8,3,0,0
CH0031,1,dababy,8,2,1,0
CH0032,1,drake,8,0,1,0
CH0034,1,lil baby,8,2,0,0
CH0035,1,travis scott,8,2,0,0
CH0037,1,justin bieber,8,2,0,0
CH0039,1,lil baby,8,2,1,0
CH0040,1,lil baby,8,2,1,0
CH0041,1,jonas brothers,8,1,1,0
CH0042,1,lil baby,8,2,0,0
CH0043,1,halsey,8,3,0,0
CH0045,1,luke combs,8,2,0,0
CH0046,1,juice wrld,8,1,1,0
CH0048,1,luke combs,8,2,0,0
CH0049,1,halsey,8,3,1,0
CH0050,1,post malone,8,3,0,0
CH0052,1,travis scott,8,2,0,0
CH0053,1,jonas brothers,8,1,0,0
CH0055,1,dababy,8,2,0,0
CH0057,1,post malone,8,3,0,0
CH0060,1,taylor swift,8,1,1,0
CH0061,1,luke combs,8,2,0,0
CH0062,1,juice wrld,8,1,0,0
CH0064,1,luke combs,8,2,1,0
CH0068,1,lil baby,8,2,0,0
CH0069,1,p!nk,8,4,0,0
CH0070,1,juice wrld,8,1,0,0
CH0071,1,drake,8,0,1,0
CH0072,1,ed sheeran,8,3,0,0
CH0073,1,drake,8,0,0,0
CH0074,1,drake,8,0,1,0
CH0075,1,xxxtentacion,8,3,1,0
CH0076,1,camila cabello,8,3,0,0
CH0078,1,imagine dragons,8,4,0,0
CH0079,1,taylor swift,8,1,0,0
CH0080,1,halsey,8,3,0,0
CH0081,1,imagine dragons,8,4,1,0
CH0082,1,post malone,8,3,0,0
CH0085,1,drake,8,0,1,0
CH0087,1,maroon 5,8,0,1,0
CH0090,1,imagine dragons,8,4,1,0
CH0091,1,ed sheeran,8,3,1,0
CH0092,1,the weeknd,8,3,0,0
CH0093,1,drake,8,0,0,0
CH0094,1,xxxtentacion,8,3,0,0
CH0095,1,xxxtentacion,8,3,0,0
CH0096,1,luke combs,8,2,1,0
CH0097,1,imagine dragons,8,4,0,0
CH0098,1,bruno mars,8,2,1,0
CH0099,1,kendrick lamar,8,3,1,0
CH0100,1,future,8,3,0,0
CH0101,1,bruno mars,8,2,1,0
CH0103,1,rihanna,8,3,0,0
CH0104,1,drake,8,0,1,0
CH0105,1,taylor swift,8,1,1,0
CH0106,1,ed sheeran,8,3,1,0
CH0107,1,the chainsmokers,8,1,0,0
CH0109,1,halsey,8,3,0,0
CH0110,1,kendrick lamar,8,3,0,0
CH0111,1,drake,8,0,0,0
CH0112,1,travis scott,8,2,1,0
CH0113,1,luke combs,8,2,0,0
CH0114,1,p!nk,8,4,0,0
CH0116,1,adele,8,4,0,0
CH0119,1,justin bieber,8,2,1,0
CH0120,1,justin bieber,8,2,1,0
CH0121,1,twenty one pilots,8,2,0,0
CH0122,1,adele,8,4,1,0
CH0123,1,rihanna,8,3,0,0
CH0124,1,twenty one pilots,8,2,1,0
CH0126,1,drake,8,0,1,0
CH0127,1,adele,8,4,1,0
CH0128,1,justin bieber,8,2,0,0
CH0129,1,the weeknd,8,3,0,0
CH0130,1,p!nk,8,4,0,0
CH0132,1,drake,8,0,0,0
CH0133,1,meghan trainor,8,0,0,0
CH0135,1,the weeknd,8,3,1,0
CH0136,1,meghan trainor,8,0,0,0
CH0137,1,post malone,8,3,0,0
CH0138,1,the weeknd,8,3,0,0
CH0139,1,coldplay,8,1,0,0
CH0140,1,travis scott,8,2,0,0
CH0141,1,taylor swift,8,1,1,0
CH0142,1,adele,8,4,0,0
CH0143,1,chris brown,8,1,0,0
CH0144,1,coldplay,8,1,1,0
CH0145,1,future,8,3,1,0
CH0146,1,ed sheeran,8,3,0,0
CH0148,1,maroon 5,8,0,0,0
CH0149,1,taylor swift,8,1,1,0
CH0150,1,the weeknd,8,3,0,0
CH0151,1,taylor swift,8,1,1,0
CH0152,1,meghan trainor,8,0,0,0
CH0154,1,meghan trainor,8,0,0,0
CH0155,1,taylor swift,8,1,1,0
CH0156,1,ed sheeran,8,3,0,0
CH0157,1,maroon 5,8,0,0,0
CH0158,1,rihanna,8,3,1,0
CH0160,1,beyonce,8,4,0,0
CH0161,1,one direction,8,4,1,0
CH0163,1,meghan trainor,8,0,1,0
CH0164,1,ed sheeran,8,3,0,0
CH0165,1,one direction,8,4,0,0
CH0166,1,drake,8,0,0,0
CH0167,1,pharrell williams,8,2,1,0
CH0168,1,imagine dragons,8,4,0,0
CH0169,1,one direction,8,4,1,0
CH0170,1,maroon 5,8,0,1,0
CH0171,1,nicki minaj,8,0,0,0
CH0173,1,justin timberlake,8,1,0,0
CH0174,1,katy perry,8,0,0,0
CH0175,1,coldplay,8,1,1,0
CH0176,1,imagine dragons,8,4,0,0
CH0177,1,katy perry,8,0,1,0
CH0178,1,beyonce,8,4,0,0
CH0179,1,drake,8,0,0,0
CH0180,1,justin timberlake,8,1,0,0
CH0181,1,bruno mars,8,2,0,0
CH0182,1,bruno mars,8,2,0,0
CH0183,1,taylor swift,8,1,1,0
CH0185,1,rihanna,8,3,0,0
CH0186,1,drake,8,0,0,0
CH0187,1,maroon 5,8,0,0,0
CH0189,1,maroon 5,8,0,1,0
CH0190,1,imagine dragons,8,4,0,0
CH0191,1,maroon 5,8,0,1,0
CH0192,1,p!nk,8,4,0,0
CH0193,1,ke$ha,8,2,0,0
CH0195,1,rihanna,8,3,0,0
CH0196,1,taylor swift,8,1,1,0
CH0197,1,one direction,8,4,1,0
CH0198,1,ed sheeran,8,3,0,0
CH0199,1,kendrick lamar,8,3,0,0
CH0200,1,ne-yo,8,0,1,0
CH0201,1,nicki minaj,8,0,1,0
CH0202,1,one direction,8,4,0,0
CH0203,1,adele,8,4,0,0
CH0205,1,katy perry,8,0,0,0
CH0206,1,rihanna,8,3,1,0
CH0207,1,bruno mars,8,2,0,0
CH0208,1,justin bieber,8,2,1,0
CH0209,1,katy perry,8,0,1,0
CH0210,1,taylor swift,8,1,1,0
CH0211,1,p!nk,8,4,0,0
CH0212,1,katy perry,8,0,0,0
CH0213,1,adele,8,4,1,0
CH0214,1,chris brown,8,1,0,0
CH0215,1,adele,8,4,0,0
CH0216,1,coldplay,8,1,0,0
CH0218,1,adele,8,4,1,0
CH0219,1,usher,8,2,0,0
CH0220,1,nicki minaj,8,0,0,0
CH0221,1,chris brown,8,1,0,0
CH0222,1,rihanna,8,3,1,0
CH0223,1,katy perry,8,0,1,0
CH0224,1,bruno mars,8,2,0,0
CH0225,1,nicki minaj,8,0,0,0
CH0226,1,rihanna,8,3,1,0
CH0227,1,katy perry,8,0,0,0
CH0228,1,bruno mars,8,2,1,0
CH0229,1,p!nk,8,4,1,0
CH0231,1,p!nk,8,4,0,0
CH0232,1,lil wayne,8,2,0,0
CH0233,1,bruno mars,8,2,1,0
CH0234,1,britney spears,8,4,0,0
CH0236,1,ke$ha,8,2,1,0
CH0237,1,ke$ha,8,2,1,0
CH0238,1,rihanna,8,3,0,0
CH0239,1,britney spears,8,4,1,0
CH0240,1,chris brown,8,1,0,0
CH0242,1,britney spears,8,4,0,0
CH0243,1,usher,8,2,1,0
CH0244,1,avril lavigne,8,4,1,0
CH0246,1,taylor swift,8,1,1,0
CH0247,1,katy perry,8,0,0,0
CH0248,1,rihanna,8,3,0,0
CH0249,1,drake,8,0,0,0
CH0250,1,beyonce,8,4,1,0
CH0251,1,chris brown,8,1,1,0
CH0252,1,ke$ha,8,2,1,0
CH0254,1,rihanna,8,3,1,0
CH0256,1,ke$ha,8,2,1,0
CH0257,1,drake,8,0,1,0
CH0259,1,taylor swift,8,1,0,0
CH0260,1,taylor swift,8,1,1,0
CH0261,1,ke$ha,8,2,0,0
CH0262,1,drake,8,0,1,0
CH0263,1,maroon 5,8,0,0,0
CH0265,1,nicki minaj,8,0,0,0
CH0267,1,britney spears,8,4,1,0
CH0269,1,usher,8,2,0,0
CH0270,1,taylor swift,8,1,0,0
CH0271,1,beyonce,8,4,0,0
CH0273,1,daughtry,8,3,0,0
CH0276,1,taylor swift,8,1,0,0
CH0277,1,beyonce,8,4,1,0
CH0280,1,drake,8,0,1,0
CH0281,1,beyonce,8,4,1,0
CH0282,1,katy perry,8,0,1,0
CH0283,1,britney spears,8,4,1,0
CH0285,1,katy perry,8,0,0,0
CH0286,1,p!nk,8,4,0,0
CH0287,1,britney spears,8,4,0,0
CH0288,1,ne-yo,8,0,1,0
CH0290,1,p!nk,8,4,1,0
CH0291,1,beyonce,8,4,1,0
CH0292,1,nickelback,8,3,0,0
CH0293,1,p!nk,8,4,1,0
CH0294,1,coldplay,8,1,1,0
CH0295,1,akon,8,2,0,0
CH0296,1,ne-yo,8,0,1,0
CH0297,1,daughtry,8,3,1,0
CH0298,1,nickelback,8,3,1,0
CH0299,1,britney spears,8,4,1,0
CH0300,1,taylor swift,8,1,0,0
CH0301,1,rihanna,8,3,1,0
CH0302,1,beyonce,8,4,0,0
CH0303,1,justin bieber,8,2,0,0
CH0305,1,leona lewis,8,2,1,0
CH0307,1,chris brown,8,1,1,0
CH0308,1,chris brown,8,1,1,0
CH0309,1,rihanna,8,3,0,0
CH0310,1,katy perry,8,0,1,0
CH0311,1,rihanna,8,3,1,0
CH0312,1,ne-yo,8,0,0,0
CH0313,1,fergie,8,1,0,0
CH0315,1,taylor swift,8,1,0,0
CH0316,1,lil wayne,8,2,1,0
CH0318,1,taylor swift,8,1,0,0
CH0319,1,leona lewis,8,2,1,0
CH0320,1,jonas brothers,8,1,1,0
CH0321,1,fergie,8,1,0,0
CH0322,1,britney spears,8,4,0,0
CH0324,1,daughtry,8,3,1,0
CH0325,1,beyonce,8,4,1,0
CH0327,1,akon,8,2,1,0
CH0328,1,avril lavigne,8,4,1,0
CH0329,1,maroon 5,8,0,1,0
CH0330,1,daughtry,8,3,1,0
CH0331,1,fergie,8,1,1,0
CH0332,1,justin timberlake,8,1,0,0
CH0334,1,daughtry,8,3,0,0
CH0336,1,p!nk,8,4,1,0
CH0337,1,nickelback,8,3,0,0
CH0338,1,justin timberlake,8,1,1,0
CH0339,1,nickelback,8,3,0,0
CH0340,1,ne-yo,8,0,0,0
CH0341,1,justin timberlake,8,1,1,0
CH0342,1,avril lavigne,8,4,0,0
CH0343,1,p!nk,8,4,0,0
CH0344,1,gwen stefani,8,4,0,0
CH0345,1,rihanna,8,3,0,0
CH0346,1,nickelback,8,3,0,0
CH0347,1,justin timberlake,8,1,1,0
CH0348,1,sean paul,8,4,1,0
CH0350,1,chris brown,8,1,1,0
CH0351,1,ne-yo,8,0,1,0
CH0352,1,rihanna,8,3,1,0
CH0353,1,fergie,8,1,0,0
CH0354,1,rascal flatts,8,0,1,0
CH0355,1,rihanna,8,3,1,0
CH0356,1,chris brown,8,1,1,0
CH0357,1,t.i.,8,1,0,0
CH0358,1,nickelback,8,3,0,0
CH0359,1,ne-yo,8,0,1,0
CH0360,1,rascal flatts,8,0,1,0
CH0362,1,sean paul,8,4,1,0
CH0363,1,chris brown,8,1,0,0
CH0365,1,ne-yo,8,0,1,0
CH0366,1,p!nk,8,4,0,0
CH0367,0,adele,8,4,1,0
CH0368,0,taylor swift,8,1,0,0
CH0369,0,adele,8,4,0,0
CH0370,0,ed sheeran,8,3,1,0
CH0371,0,adele,8,4,0,0
CH0372,0,adele,8,4,0,0
CH0373,0,adele,8,4,0,0
CH0374,0,adele,8,4,1,0
CH0375,0,justin bieber,8,2,0,0
CH0376,0,adele,8,4,0,0
CH0378,0,adele,8,4,1,0
CH0379,0,luke combs,8,2,1,0
CH0380,0,adele,8,4,0,0
CH0381,0,adele,8,4,0,0
CH0382,0,adele,8,4,1,0
CH0383,0,juice wrld,8,1,0,0
CH0385,0,taylor swift,8,1,1,0
CH0386,0,doja cat,8,2,0,0
CH0387,0,luke combs,8,2,1,0
CH0388,0,taylor swift,8,1,1,0
CH0389,0,travis scott,8,2,0,0
CH0390,0,jonas brothers,8,1,0,0
CH0391,0,bts,8,2,0,0
CH0392,0,post malone,8,3,0,0
CH0393,0,doja cat,8,2,1,0
CH0394,0,camila cabello,8,3,0,0
CH0395,0,dababy,8,2,0,0
CH0396,0,olivia rodrigo,8,4,0,0
CH0397,0,olivia rodrigo,8,4,1,0
CH0398,0,dababy,8,2,0,0
CH0400,0,olivia rodrigo,8,4,0,0
CH0401,0,justin bieber,8,2,0,0
CH0402,0,dababy,8,2,0,0
CH0403,0,justin bieber,8,2,1,0
CH0405,0,justin bieber,8,2,0,0
CH0408,0,ed sheeran,8,3,0,0
CH0410,0,justin bieber,8,2,0,0
CH0412,0,taylor swift,8,1,0,0
CH0414,0,taylor swift,8,1,0,0
CH0416,0,bts,8,2,0,0
CH0417,0,bts,8,2,1,0
CH0418,0,bts,8,2,1,0
CH0422,0,bts,8,2,0,0
CH0423,0,bts,8,2,0,0
CH0424,0,bts,8,2,1,0
CH0428,0,juice wrld,8,1,0,0
CH0429,0,juice wrld,8,1,0,0
CH0430,0,juice wrld,8,1,1,0
CH0432,0,juice wrld,8,1,0,0
CH0433,0,juice wrld,8,1,0,0
CH0434,0,juice wrld,8,1,0,0
CH0436,0,juice wrld,8,1,0,0
CH0437,0,juice wrld,8,1,1,0
CH0438,0,juice wrld,8,1,1,0
CH0439,0,juice wrld,8,1,0,0
CH0440,0,juice wrld,8,1,0,0
CH0441,0,the weeknd,8,3,0,0
CH0442,0,the weeknd,8,3,0,0
CH0443,0,the weeknd,8,3,1,0
CH0444,0,the weeknd,8,3,0,0
CH0445,0,the weeknd,8,3,0,0
CH0447,0,the weeknd,8,3,0,0
CH0448,0,the weeknd,8,3,0,0
CH0449,0,the weeknd,8,3,0,0
CH0450,0,the weeknd,8,3,0,0
CH0451,0,the weeknd,8,3,0,0
CH0452,0,jonas brothers,8,1,1,0
CH0454,0,jonas brothers,8,1,0,0
CH0455,0,taylor swift,8,1,0,0
CH0456,0,halsey,8,3,0,0
CH0457,0,dababy,8,2,0,0
CH0458,0,juice wrld,8,1,0,0
CH0459,0,doja cat,8,2,1,0
CH0462,0,katy perry,8,0,0,0
CH0463,0,taylor swift,8,1,1,0
CH0464,0,halsey,8,3,0,0
CH0465,0,jonas brothers,8,1,0,0
CH0466,0,beyonce,8,4,1,0
CH0468,0,nicki minaj,8,0,0,0
CH0469,0,imagine dragons,8,4,0,0
CH0470,0,lil baby,8,2,0,0
CH0472,0,juice wrld,8,1,1,0
CH0473,0,chris brown,8,1,0,0
CH0474,0,juice wrld,8,1,0,0
CH0476,0,katy perry,8,0,0,0
CH0477,0,luke combs,8,2,0,0
CH0478,0,lil wayne,8,2,1,0
CH0479,0,xxxtentacion,8,3,0,0
CH0481,0,camila cabello,8,3,0,0
CH0482,0,juice wrld,8,1,0,0
CH0484,0,drake,8,0,0,0
CH0485,0,juice wrld,8,1,0,0
CH0487,0,twenty one pilots,8,2,0,0
CH0490,0,drake,8,0,0,0
CH0491,0,drake,8,0,1,0
CH0492,0,meghan trainor,8,0,1,0
CH0493,0,p!nk,8,4,0,0
CH0494,0,chris brown,8,1,0,0
CH0495,0,xxxtentacion,8,3,0,0
CH0496,0,post malone,8,3,0,0
CH0497,0,taylor swift,8,1,1,0
CH0498,0,lil baby,8,2,1,0
CH0500,0,luke combs,8,2,1,0
CH0501,0,taylor swift,8,1,1,0
CH0502,0,xxxtentacion,8,3,1,0
CH0503,0,taylor swift,8,1,1,0
CH0504,0,chris brown,8,1,0,0
CH0505,0,post malone,8,3,1,0
CH0506,0,bruno mars,8,2,0,0
CH0507,0,travis scott,8,2,0,0
CH0508,0,rascal flatts,8,0,0,0
CH0509,0,camila cabello,8,3,0,0
CH0510,0,chris brown,8,1,0,0
CH0512,0,drake,8,0,0,0
CH0513,0,the weeknd,8,3,0,0
CH0514,0,kendrick lamar,8,3,0,0
CH0516,0,nicki minaj,8,0,0,0
CH0517,0,ed sheeran,8,3,1,0
CH0518,0,future,8,3,0,0
CH0519,0,the weeknd,8,3,1,0
CH0520,0,ed sheeran,8,3,0,0
CH0522,0,the weeknd,8,3,0,0
CH0524,0,rihanna,8,3,0,0
CH0525,0,katy perry,8,0,1,0
CH0529,0,fergie,8,1,1,0
CH0530,0,drake,8,0,0,0
CH0531,0,drake,8,0,1,0
CH0533,0,rascal flatts,8,0,0,0
CH0534,0,taylor swift,8,1,1,0
CH0535,0,the weeknd,8,3,1,0
CH0536,0,justin bieber,8,2,0,0
CH0538,0,gwen stefani,8,4,1,0
CH0541,0,justin bieber,8,2,0,0
CH0542,0,gwen stefani,8,4,0,0
CH0543,0,halsey,8,3,1,0
CH0544,0,drake,8,0,0,0
CH0546,0,justin bieber,8,2,0,0
CH0547,0,justin bieber,8,2,0,0
CH0548,0,justin bieber,8,2,1,0
CH0549,0,justin bieber,8,2,1,0
CH0550,0,chris brown,8,1,0,0
CH0551,0,justin bieber,8,2,0,0
CH0552,0,one direction,8,4,0,0
CH0553,0,one direction,8,4,1,0
CH0554,0,justin bieber,8,2,1,0
CH0555,0,one direction,8,4,0,0
CH0557,0,one direction,8,4,0,0
CH0558,0,justin bieber,8,2,0,0
CH0559,0,one direction,8,4,0,0
CH0560,0,maroon 5,8,0,0,0
CH0561,0,nicki minaj,8,0,0,0
CH0562,0,future,8,3,0,0
CH0564,0,kendrick lamar,8,3,0,0
CH0565,0,twenty one pilots,8,2,0,0
CH0566,0,drake,8,0,0,0
CH0567,0,imagine dragons,8,4,0,0
CH0568,0,drake,8,0,1,0
CH0569,0,kendrick lamar,8,3,1,0
CH0570,0,drake,8,0,0,0
CH0571,0,kendrick lamar,8,3,1,0
CH0572,0,drake,8,0,1,0
CH0573,0,twenty one pilots,8,2,0,0
CH0575,0,fergie,8,1,1,0
CH0576,0,one direction,8,4,0,0
CH0577,0,the weeknd,8,3,0,0
CH0578,0,kendrick lamar,8,3,0,0
CH0579,0,gwen stefani,8,4,0,0
CH0580,0,katy perry,8,0,0,0
CH0581,0,one direction,8,4,1,0
CH0582,0,nicki minaj,8,0,0,0
CH0583,0,pharrell williams,8,2,1,0
CH0584,0,usher,8,2,1,0
CH0585,0,bruno mars,8,2,0,0
CH0586,0,rascal flatts,8,0,0,0
CH0587,0,coldplay,8,1,0,0
CH0588,0,imagine dragons,8,4,0,0
CH0589,0,katy perry,8,0,0,0
CH0590,0,beyonce,8,4,0,0
CH0591,0,drake,8,0,1,0
CH0592,0,justin timberlake,8,1,1,0
CH0593,0,justin bieber,8,2,0,0
CH0595,0,future,8,3,1,0
CH0596,0,britney spears,8,4,0,0
CH0597,0,drake,8,0,1,0
CH0598,0,daughtry,8,3,1,0
CH0600,0,one direction,8,4,0,0
CH0601,0,one direction,8,4,1,0
CH0602,0,rihanna,8,3,1,0
CH0603,0,bruno mars,8,2,0,0
CH0604,0,one direction,8,4,0,0
CH0605,0,britney spears,8,4,0,0
CH0607,0,justin timberlake,8,1,0,0
CH0608,0,britney spears,8,4,1,0
CH0609,0,avril lavigne,8,4,1,0
CH0610,0,chris brown,8,1,1,0
CH0612,0,one direction,8,4,0,0
CH0613,0,justin timberlake,8,1,0,0
CH0614,0,future,8,3,1,0
CH0615,0,ke$ha,8,2,0,0
CH0616,0,kendrick lamar,8,3,0,0
CH0617,0,rascal flatts,8,0,0,0
CH0618,0,nicki minaj,8,0,1,0
CH0619,0,one direction,8,4,0,0
CH0620,0,the weeknd,8,3,0,0
CH0621,0,chris brown,8,1,0,0
CH0622,0,adele,8,4,1,0
CH0623,0,one direction,8,4,1,0
CH0624,0,taylor swift,8,1,0,0
CH0625,0,future,8,3,0,0
CH0626,0,rascal flatts,8,0,0,0
CH0627,0,beyonce,8,4,1,0
CH0628,0,one direction,8,4,1,0
CH0629,0,taylor swift,8,1,0,0
CH0630,0,taylor swift,8,1,0,0
CH0631,0,rascal flatts,8,0,1,0
CH0633,0,justin bieber,8,2,1,0
CH0635,0,nickelback,8,3,1,0
CH0636,0,avril lavigne,8,4,1,0
CH0637,0,lil wayne,8,2,0,0
CH0638,0,beyonce,8,4,1,0
CH0639,0,nicki minaj,8,0,1,0
CH0640,0,taylor swift,8,1,1,0
CH0641,0,taylor swift,8,1,1,0
CH0642,0,drake,8,0,1,0
CH0643,0,britney spears,8,4,0,0
CH0644,0,drake,8,0,0,0
CH0645,0,rihanna,8,3,0,0
CH0646,0,taylor swift,8,1,0,0
CH0647,0,rihanna,8,3,1,0
CH0648,0,maroon 5,8,0,0,0
CH0649,0,drake,8,0,0,0
CH0650,0,avril lavigne,8,4,1,0
CH0651,0,taylor swift,8,1,1,0
CH0652,0,rascal flatts,8,0,0,0
CH0653,0,nicki minaj,8,0,0,0
CH0654,0,chris brown,8,1,0,0
CH0655,0,nicki minaj,8,0,1,0
CH0657,0,rascal flatts,8,0,0,0
CH0658,0,daughtry,8,3,1,0
CH0659,0,akon,8,2,1,0
CH0660,0,ne-yo,8,0,0,0
CH0661,0,ne-yo,8,0,1,0
CH0662,0,nickelback,8,3,0,0
CH0663,0,p!nk,8,4,0,0
CH0664,0,ne-yo,8,0,0,0
CH0666,0,justin bieber,8,2,1,0
CH0669,0,rascal flatts,8,0,0,0
CH0670,0,taylor swift,8,1,1,0
CH0671,0,avril lavigne,8,4,0,0
CH0672,0,taylor swift,8,1,0,0
CH0674,0,rihanna,8,3,1,0
CH0676,0,justin bieber,8,2,0,0
CH0677,0,usher,8,2,0,0
CH0678,0,nickelback,8,3,0,0
CH0680,0,chris brown,8,1,1,0
CH0681,0,lil wayne,8,2,0,0
CH0682,0,p!nk,8,4,0,0
CH0683,0,justin bieber,8,2,0,0
CH0685,0,justin bieber,8,2,1,0
CH0686,0,rascal flatts,8,0,0,0
CH0687,0,beyonce,8,4,0,0
CH0688,0,sean paul,8,4,1,0
CH0690,0,daughtry,8,3,1,0
CH0692,0,rascal flatts,8,0,0,0
CH0693,0,lil wayne,8,2,1,0
CH0694,0,katy perry,8,0,0,0
CH0697,0,taylor swift,8,1,0,0
CH0698,0,rihanna,8,3,0,0
CH0699,0,usher,8,2,1,0
CH0700,0,rascal flatts,8,0,0,0
CH0702,0,leona lewis,8,2,1,0
CH0703,0,daughtry,8,3,0,0
CH0704,0,nickelback,8,3,1,0
CH0705,0,jonas brothers,8,1,1,0
CH0706,0,jonas brothers,8,1,1,0
CH0707,0,taylor swift,8,1,0,0
CH0708,0,chris brown,8,1,0,0
CH0711,0,usher,8,2,1,0
CH0712,0,jonas brothers,8,1,1,0
CH0713,0,jonas brothers,8,1,0,0
CH0715,0,taylor swift,8,1,0,0
CH0716,0,britney spears,8,4,1,0
CH0717,0,maroon 5,8,0,0,0
CH0718,0,ne-yo,8,0,1,0
CH0719,0,daughtry,8,3,1,0
CH0720,0,maroon 5,8,0,0,0
CH0721,0,chris brown,8,1,0,0
CH0722,0,britney spears,8,4,1,0
CH0724,0,rascal flatts,8,0,0,0
CH0726,0,jonas brothers,8,1,1,0
CH0728,0,rascal flatts,8,0,1,0
CH0729,0,akon,8,2,0,0
CH0730,0,ne-yo,8,0,0,0
CH0731,0,avril lavigne,8,4,1,0
CH0732,0,gwen stefani,8,4,1,0
CH0733,0,beyonce,8,4,1,0
CH0737,0,rascal flatts,8,0,0,0
CH0738,0,jonas brothers,8,1,0,0
CH0739,0,rascal flatts,8,0,0,0
CH0740,0,taylor swift,8,1,0,0
CH0743,0,beyonce,8,4,1,0
CH0744,0,beyonce,8,4,1,0
CH0745,0,rascal flatts,8,0,0,0
CH0747,0,gwen stefani,8,4,0,0
CH0748,0,gwen stefani,8,4,0,0
CH0749,0,rihanna,8,3,0,0
CH0751,0,rascal flatts,8,0,0,0
CH0001,1,the weeknd,9,3,0,0
CH0002,1,olivia rodrigo,9,4,1,0
CH0003,1,olivia rodrigo,9,4,0,0
CH0005,1,bts,9,4,0,0
CH0006,1,olivia rodrigo,9,4,1,0
CH0008,1,ed sheeran,9,1,0,0
CH0009,1,luke combs,9,1,0,0
CH0013,1,olivia rodrigo,9,4,0,0
CH0014,1,bts,9,4,1,0
CH0015,1,doja cat,9,2,0,0
CH0016,1,taylor swift,9,0,1,0
CH0017,1,luke combs,9,1,0,0
CH0018,1,doja cat,9,2,0,0
CH0019,1,drake,9,1,1,0
CH0020,1,justin bieber,9,2,0,0
CH0022,1,the weeknd,9,3,0,0
CH0024,1,post malone,9,2,0,0
CH0026,1,maroon 5,9,0,0,0
CH0027,1,doja cat,9,2,1,0
CH0030,1,the weeknd,9,3,1,0
CH0031,1,dababy,9,3,1,0
CH0032,1,drake,9,1,0,0
CH0034,1,lil baby,9,0,0,0
CH0035,1,travis scott,9,4,0,0
CH0037,1,justin bieber,9,2,1,0
CH0039,1,lil baby,9,0,0,0
CH0040,1,lil baby,9,0,0,0
CH0041,1,jonas brothers,9,1,0,0
CH0042,1,lil baby,9,0,0,0
CH0043,1,halsey,9,4,0,0
CH0045,1,luke combs,9,1,0,0
CH0046,1,juice wrld,9,1,0,0
CH0048,1,luke combs,9,1,0,0
CH0049,1,halsey,9,4,1,0
CH0050,1,post malone,9,2,0,0
CH0052,1,travis scott,9,4,0,0
CH0053,1,jonas brothers,9,1,0,0
CH0055,1,dababy,9,3,1,0
CH0057,1,post malone,9,2,0,0
CH0060,1,taylor swift,9,0,1,0
CH0061,1,luke combs,9,1,0,0
CH0062,1,juice wrld,9,1,0,0
CH0064,1,luke combs,9,1,1,0
CH0068,1,lil baby,9,0,0,0
CH0069,1,p!nk,9,4,0,0
CH0070,1,juice wrld,9,1,0,0
CH0071,1,drake,9,1,1,0
CH0072,1,ed sheeran,9,1,1,0
CH0073,1,drake,9,1,0,0
CH0074,1,drake,9,1,0,0
CH0075,1,xxxtentacion,9,1,1,0
CH0076,1,camila cabello,9,4,1,0
CH0078,1,imagine dragons,9,4,0,0
CH0079,1,taylor swift,9,0,1,0
CH0080,1,halsey,9,4,0,0
CH0081,1,imagine dragons,9,4,1,0
CH0082,1,post malone,9,2,0,0
CH0085,1,drake,9,1,1,0
CH0087,1,maroon 5,9,0,1,0
CH0090,1,imagine dragons,9,4,1,0
CH0091,1,ed sheeran,9,1,0,0
CH0092,1,the weeknd,9,3,1,0
CH0093,1,drake,9,1,1,0
CH0094,1,xxxtentacion,9,1,0,0
CH0095,1,xxxtentacion,9,1,0,0
CH0096,1,luke combs,9,1,0,0
CH0097,1,imagine dragons,9,4,1,0
CH0098,1,bruno mars,9,1,1,0
CH0099,1,kendrick lamar,9,3,1,0
CH0100,1,future,9,3,1,0
CH0101,1,bruno mars,9,1,1,0
CH0103,1,rihanna,9,3,0,0
CH0104,1,drake,9,1,1,0
CH0105,1,taylor swift,9,0,1,0
CH0106,1,ed sheeran,9,1,0,0
CH0107,1,the chainsmokers,9,2,0,0
CH0109,1,halsey,9,4,0,0
CH0110,1,kendrick lamar,9,3,0,0
CH0111,1,drake,9,1,1,0
CH0112,1,travis scott,9,4,1,0
CH0113,1,luke combs,9,1,1,0
CH0114,1,p!nk,9,4,0,0
CH0116,1,adele,9,2,1,0
CH0119,1,justin bieber,9,2,1,0
CH0120,1,justin bieber,9,2,0,0
CH0121,1,twenty one pilots,9,2,1,0
CH0122,1,adele,9,2,0,0
CH0123,1,rihanna,9,3,0,0
CH0124,1,twenty one pilots,9,2,0,0
CH0126,1,drake,9,1,1,0
CH0127,1,adele,9,2,1,0
CH0128,1,justin bieber,9,2,1,0
CH0129,1,the weeknd,9,3,0,0
CH0130,1,p!nk,9,4,0,0
CH0132,1,drake,9,1,0,0
CH0133,1,meghan trainor,9,4,1,0
CH0135,1,the weeknd,9,3,1,0
CH0136,1,meghan trainor,9,4,1,0
CH0137,1,post malone,9,2,1,0
CH0138,1,the weeknd,9,3,1,0
CH0139,1,coldplay,9,3,0,0
CH0140,1,travis scott,9,4,1,0
CH0141,1,taylor swift,9,0,1,0
CH0142,1,adele,9,2,0,0
CH0143,1,chris brown,9,3,0,0
CH0144,1,coldplay,9,3,1,0
CH0145,1,future,9,3,0,0
CH0146,1,ed sheeran,9,1,0,0
CH0148,1,maroon 5,9,0,0,0
CH0149,1,taylor swift,9,0,1,0
CH0150,1,the weeknd,9,3,0,0
CH0151,1,taylor swift,9,0,1,0
CH0152,1,meghan trainor,9,4,0,0
CH0154,1,meghan trainor,9,4,1,0
CH0155,1,taylor swift,9,0,1,0
CH0156,1,ed sheeran,9,1,0,0
CH0157,1,maroon 5,9,0,1,0
CH0158,1,rihanna,9,3,1,0
CH0160,1,beyonce,9,0,0,0
CH0161,1,one direction,9,4,0,0
CH0163,1,meghan trainor,9,4,1,0
CH0164,1,ed sheeran,9,1,0,0
CH0165,1,one direction,9,4,0,0
CH0166,1,drake,9,1,1,0
CH0167,1,pharrell williams,9,2,1,0
CH0168,1,imagine dragons,9,4,0,0
CH0169,1,one direction,9,4,1,0
CH0170,1,maroon 5,9,0,1,0
CH0171,1,nicki minaj,9,4,0,0
CH0173,1,justin timberlake,9,3,0,0
CH0174,1,katy perry,9,2,0,0
CH0175,1,coldplay,9,3,0,0
CH0176,1,imagine dragons,9,4,1,0
CH0177,1,katy perry,9,2,1,0
CH0178,1,beyonce,9,0,0,0
CH0179,1,drake,9,1,0,0
CH0180,1,justin timberlake,9,3,0,0
CH0181,1,bruno mars,9,1,0,0
CH0182,1,bruno mars,9,1,0,0
CH0183,1,taylor swift,9,0,1,0
CH0185,1,rihanna,9,3,0,0
CH0186,1,drake,9,1,0,0
CH0187,1,maroon 5,9,0,0,0
CH0189,1,maroon 5,9,0,1,0
CH0190,1,imagine dragons,9,4,0,0
CH0191,1,maroon 5,9,0,1,0
CH0192,1,p!nk,9,4,0,0
CH0193,1,ke$ha,9,2,0,0
CH0195,1,rihanna,9,3,0,0
CH0196,1,taylor swift,9,0,1,0
CH0197,1,one direction,9,4,1,0
CH0198,1,ed sheeran,9,1,0,0
CH0199,1,kendrick lamar,9,3,0,0
CH0200,1,ne-yo,9,1,1,0
CH0201,1,nicki minaj,9,4,1,0
CH0202,1,one direction,9,4,1,0
CH0203,1,adele,9,2,0,0
CH0205,1,katy perry,9,2,0,0
CH0206,1,rihanna,9,3,1,0
CH0207,1,bruno mars,9,1,0,0
CH0208,1,justin bieber,9,2,1,0
CH0209,1,katy perry,9,2,1,0
CH0210,1,taylor swift,9,0,1,0
CH0211,1,p!nk,9,4,1,0
CH0212,1,katy perry,9,2,1,0
CH0213,1,adele,9,2,1,0
CH0214,1,chris brown,9,3,0,0
CH0215,1,adele,9,2,0,0
CH0216,1,coldplay,9,3,0,0
CH0218,1,adele,9,2,1,0
CH0219,1,usher,9,4,0,0
CH0220,1,nicki minaj,9,4,1,0
CH0221,1,chris brown,9,3,1,0
CH0222,1,rihanna,9,3,1,0
CH0223,1,katy perry,9,2,1,0
CH0224,1,bruno mars,9,1,0,0
CH0225,1,nicki minaj,9,4,0,0
CH0226,1,rihanna,9,3,1,0
CH0227,1,katy perry,9,2,0,0
CH0228,1,bruno mars,9,1,1,0
CH0229,1,p!nk,9,4,1,0
CH0231,1,p!nk,9,4,1,0
CH0232,1,lil wayne,9,4,1,0
CH0233,1,bruno mars,9,1,1,0
CH0234,1,britney spears,9,3,0,0
CH0236,1,ke$ha,9,2,1,0
CH0237,1,ke$ha,9,2,1,0
CH0238,1,rihanna,9,3,1,0
CH0239,1,britney spears,9,3,1,0
CH0240,1,chris brown,9,3,0,0
CH0242,1,britney spears,9,3,1,0
CH0243,1,usher,9,4,1,0
CH0244,1,avril lavigne,9,4,1,0
CH0246,1,taylor swift,9,0,1,0
CH0247,1,katy perry,9,2,1,0
CH0248,1,rihanna,9,3,0,0
CH0249,1,drake,9,1,0,0
CH0250,1,beyonce,9,0,1,0
CH0251,1,chris brown,9,3,1,0
CH0252,1,ke$ha,9,2,1,0
CH0254,1,rihanna,9,3,0,0
CH0256,1,ke$ha,9,2,1,0
CH0257,1,drake,9,1,1,0
CH0259,1,taylor swift,9,0,0,0
CH0260,1,taylor swift,9,0,1,0
CH0261,1,ke$ha,9,2,1,0
CH0262,1,drake,9,1,1,0
CH0263,1,maroon 5,9,0,0,0
CH0265,1,nicki minaj,9,4,0,0
CH0267,1,britney spears,9,3,1,0
CH0269,1,usher,9,4,0,0
CH0270,1,taylor swift,9,0,1,0
CH0271,1,beyonce,9,0,1,0
CH0273,1,daughtry,9,0,1,0
CH0276,1,taylor swift,9,0,1,0
CH0277,1,beyonce,9,0,1,0
CH0280,1,drake,9,1,1,0
CH0281,1,beyonce,9,0,1,0
CH0282,1,katy perry,9,2,1,0
CH0283,1,britney spears,9,3,0,0
CH0285,1,katy perry,9,2,0,0
CH0286,1,p!nk,9,4,0,0
CH0287,1,britney spears,9,3,0,0
CH0288,1,ne-yo,9,1,0,0
CH0290,1,p!nk,9,4,1,0
CH0291,1,beyonce,9,0,1,0
CH0292,1,nickelback,9,2,0,0
CH0293,1,p!nk,9,4,1,0
CH0294,1,coldplay,9,3,1,0
CH0295,1,akon,9,2,0,0
CH0296,1,ne-yo,9,1,0,0
CH0297,1,daughtry,9,0,1,0
CH0298,1,nickelback,9,2,1,0
CH0299,1,britney spears,9,3,1,0
CH0300,1,taylor swift,9,0,1,0
CH0301,1,rihanna,9,3,1,0
CH0302,1,beyonce,9,0,0,0
CH0303,1,justin bieber,9,2,0,0
CH0305,1,leona lewis,9,2,1,0
CH0307,1,chris brown,9,3,0,0
CH0308,1,chris brown,9,3,0,0
CH0309,1,rihanna,9,3,0,0
CH0310,1,katy perry,9,2,0,0
CH0311,1,rihanna,9,3,1,0
CH0312,1,ne-yo,9,1,1,0
CH0313,1,fergie,9,0,0,0
CH0315,1,taylor swift,9,0,1,0
CH0316,1,lil wayne,9,4,1,0
CH0318,1,taylor swift,9,0,1,0
CH0319,1,leona lewis,9,2,1,0
CH0320,1,jonas brothers,9,1,1,0
CH0321,1,fergie,9,0,1,0
CH0322,1,britney spears,9,3,0,0
CH0324,1,daughtry,9,0,0,0
CH0325,1,beyonce,9,0,1,0
CH0327,1,akon,9,2,1,0
CH0328,1,avril lavigne,9,4,1,0
CH0329,1,maroon 5,9,0,1,0
CH0330,1,daughtry,9,0,1,0
CH0331,1,fergie,9,0,1,0
CH0332,1,justin timberlake,9,3,0,0
CH0334,1,daughtry,9,0,1,0
CH0336,1,p!nk,9,4,0,0
CH0337,1,nickelback,9,2,0,0
CH0338,1,justin timberlake,9,3,0,0
CH0339,1,nickelback,9,2,0,0
CH0340,1,ne-yo,9,1,0,0
CH0341,1,justin timberlake,9,3,1,0
CH0342,1,avril lavigne,9,4,0,0
CH0343,1,p!nk,9,4,0,0
CH0344,1,gwen stefani,9,2,1,0
CH0345,1,rihanna,9,3,0,0
CH0346,1,nickelback,9,2,0,0
CH0347,1,justin timberlake,9,3,0,0
CH0348,1,sean paul,9,2,0,0
CH0350,1,chris brown,9,3,1,0
CH0351,1,ne-yo,9,1,0,0
CH0352,1,rihanna,9,3,1,0
CH0353,1,fergie,9,0,1,0
CH0354,1,rascal flatts,9,0,1,0
CH0355,1,rihanna,9,3,1,0
CH0356,1,chris brown,9,3,1,0
CH0357,1,t.i.,9,2,0,0
CH0358,1,nickelback,9,2,0,0
CH0359,1,ne-yo,9,1,1,0
CH0360,1,rascal flatts,9,0,1,0
CH0362,1,sean paul,9,2,1,0
CH0363,1,chris brown,9,3,1,0
CH0365,1,ne-yo,9,1,1,0
CH0366,1,p!nk,9,4,0,0
CH0367,0,adele,9,2,1,0
CH0368,0,taylor swift,9,0,0,0
CH0369,0,adele,9,2,1,0
CH0370,0,ed sheeran,9,1,0,0
CH0371,0,adele,9,2,0,0
CH0372,0,adele,9,2,0,0
CH0373,0,adele,9,2,0,0
CH0374,0,adele,9,2,1,0
CH0375,0,justin bieber,9,2,1,0
CH0376,0,adele,9,2,1,0
CH0378,0,adele,9,2,0,0
CH0379,0,luke combs,9,1,1,0
CH0380,0,adele,9,2,0,0
CH0381,0,adele,9,2,1,0
CH0382,0,adele,9,2,1,0
CH0383,0,juice wrld,9,1,0,0
CH0385,0,taylor swift,9,0,0,0
CH0386,0,doja cat,9,2,1,0
CH0387,0,luke combs,9,1,1,0
CH0388,0,taylor swift,9,0,1,0
CH0389,0,travis scott,9,4,0,0
CH0390,0,jonas brothers,9,1,0,0
CH0391,0,bts,9,4,0,0
CH0392,0,post malone,9,2,0,0
CH0393,0,doja cat,9,2,1,0
CH0394,0,camila cabello,9,4,1,0
CH0395,0,dababy,9,3,1,0
CH0396,0,olivia rodrigo,9,4,0,0
CH0397,0,olivia rodrigo,9,4,0,0
CH0398,0,dababy,9,3,0,0
CH0400,0,olivia rodrigo,9,4,0,0
CH0401,0,justin bieber,9,2,1,0
CH0402,0,dababy,9,3,0,0
CH0403,0,justin bieber,9,2,0,0
CH0405,0,justin bieber,9,2,0,0
CH0408,0,ed sheeran,9,1,0,0
CH0410,0,justin bieber,9,2,0,0
CH0412,0,taylor swift,9,0,0,0
CH0414,0,taylor swift,9,0,0,0
CH0416,0,bts,9,4,0,0
CH0417,0,bts,9,4,1,0
CH0418,0,bts,9,4,1,0
CH0422,0,bts,9,4,1,0
CH0423,0,bts,9,4,1,0
CH0424,0,bts,9,4,1,0
CH0428,0,juice wrld,9,1,0,0
CH0429,0,juice wrld,9,1,0,0
CH0430,0,juice wrld,9,1,0,0
CH0432,0,juice wrld,9,1,0,0
CH0433,0,juice wrld,9,1,0,0
CH0434,0,juice wrld,9,1,0,0
CH0436,0,juice wrld,9,1,0,0
CH0437,0,juice wrld,9,1,1,0
CH0438,0,juice wrld,9,1,0,0
CH0439,0,juice wrld,9,1,1,0
CH0440,0,juice wrld,9,1,0,0
CH0441,0,the weeknd,9,3,0,0
CH0442,0,the weeknd,9,3,0,0
CH0443,0,the weeknd,9,3,1,0
CH0444,0,the weeknd,9,3,1,0
CH0445,0,the weeknd,9,3,1,0
CH0447,0,the weeknd,9,3,0,0
CH0448,0,the weeknd,9,3,0,0
CH0449,0,the weeknd,9,3,1,0
CH0450,0,the weeknd,9,3,0,0
CH0451,0,the weeknd,9,3,1,0
CH0452,0,jonas brothers,9,1,0,0
CH0454,0,jonas brothers,9,1,0,0
CH0455,0,taylor swift,9,0,0,0
CH0456,0,halsey,9,4,0,0
CH0457,0,dababy,9,3,0,0
CH0458,0,juice wrld,9,1,0,0
CH0459,0,doja cat,9,2,0,0
CH0462,0,katy perry,9,2,1,0
CH0463,0,taylor swift,9,0,1,0
CH0464,0,halsey,9,4,0,0
CH0465,0,jonas brothers,9,1,1,0
CH0466,0,beyonce,9,0,1,0
CH0468,0,nicki minaj,9,4,1,0
CH0469,0,imagine dragons,9,4,0,0
CH0470,0,lil baby,9,0,0,0
CH0472,0,juice wrld,9,1,1,0
CH0473,0,chris brown,9,3,0,0
CH0474,0,juice wrld,9,1,0,0
CH0476,0,katy perry,9,2,1,0
CH0477,0,luke combs,9,1,0,0
CH0478,0,lil wayne,9,4,0,0
CH0479,0,xxxtentacion,9,1,0,0
CH0481,0,camila cabello,9,4,1,0
CH0482,0,juice wrld,9,1,0,0
CH0484,0,drake,9,1,0,0
CH0485,0,juice wrld,9,1,0,0
CH0487,0,twenty one pilots,9,2,0,0
CH0490,0,drake,9,1,0,0
CH0491,0,drake,9,1,1,0
CH0492,0,meghan trainor,9,4,1,0
CH0493,0,p!nk,9,4,0,0
CH0494,0,chris brown,9,3,0,0
CH0495,0,xxxtentacion,9,1,0,0
CH0496,0,post malone,9,2,0,0
CH0497,0,taylor swift,9,0,0,0
CH0498,0,lil baby,9,0,0,0
CH0500,0,luke combs,9,1,0,0
CH0501,0,taylor swift,9,0,1,0
CH0502,0,xxxtentacion,9,1,0,0
CH0503,0,taylor swift,9,0,0,0
CH0504,0,chris brown,9,3,1,0
CH0505,0,post malone,9,2,1,0
CH0506,0,bruno mars,9,1,0,0
CH0507,0,travis scott,9,4,1,0
CH0508,0,rascal flatts,9,0,1,0
CH0509,0,camila cabello,9,4,0,0
CH0510,0,chris brown,9,3,0,0
CH0512,0,drake,9,1,0,0
CH0513,0,the weeknd,9,3,1,0
CH0514,0,kendrick lamar,9,3,0,0
CH0516,0,nicki minaj,9,4,0,0
CH0517,0,ed sheeran,9,1,1,0
CH0518,0,future,9,3,1,0
CH0519,0,the weeknd,9,3,0,0
CH0520,0,ed sheeran,9,1,0,0
CH0522,0,the weeknd,9,3,1,0
CH0524,0,rihanna,9,3,1,0
CH0525,0,katy perry,9,2,0,0
CH0529,0,fergie,9,0,1,0
CH0530,0,drake,9,1,0,0
CH0531,0,drake,9,1,1,0
CH0533,0,rascal flatts,9,0,0,0
CH0534,0,taylor swift,9,0,1,0
CH0535,0,the weeknd,9,3,1,0
CH0536,0,justin bieber,9,2,1,0
CH0538,0,gwen stefani,9,2,1,0
CH0541,0,justin bieber,9,2,0,0
CH0542,0,gwen stefani,9,2,0,0
CH0543,0,halsey,9,4,1,0
CH0544,0,drake,9,1,0,0
CH0546,0,justin bieber,9,2,0,0
CH0547,0,justin bieber,9,2,0,0
CH0548,0,justin bieber,9,2,0,0
CH0549,0,justin bieber,9,2,1,0
CH0550,0,chris brown,9,3,0,0
CH0551,0,justin bieber,9,2,0,0
CH0552,0,one direction,9,4,0,0
CH0553,0,one direction,9,4,0,0
CH0554,0,justin bieber,9,2,1,0
CH0555,0,one direction,9,4,0,0
CH0557,0,one direction,9,4,0,0
CH0558,0,justin bieber,9,2,0,0
CH0559,0,one direction,9,4,0,0
CH0560,0,maroon 5,9,0,1,0
CH0561,0,nicki minaj,9,4,0,0
CH0562,0,future,9,3,0,0
CH0564,0,kendrick lamar,9,3,0,0
CH0565,0,twenty one pilots,9,2,0,0
CH0566,0,drake,9,1,1,0
CH0567,0,imagine dragons,9,4,1,0
CH0568,0,drake,9,1,0,0
CH0569,0,kendrick lamar,9,3,0,0
CH0570,0,drake,9,1,1,0
CH0571,0,kendrick lamar,9,3,1,0
CH0572,0,drake,9,1,1,0
CH0573,0,twenty one pilots,9,2,0,0
CH0575,0,fergie,9,0,0,0
CH0576,0,one direction,9,4,1,0
CH0577,0,the weeknd,9,3,0,0
CH0578,0,kendrick lamar,9,3,0,0
CH0579,0,gwen stefani,9,2,0,0
CH0580,0,katy perry,9,2,0,0
CH0581,0,one direction,9,4,1,0
CH0582,0,nicki minaj,9,4,1,0
CH0583,0,pharrell williams,9,2,1,0
CH0584,0,usher,9,4,1,0
CH0585,0,bruno mars,9,1,0,0
CH0586,0,rascal flatts,9,0,1,0
CH0587,0,coldplay,9,3,1,0
CH0588,0,imagine dragons,9,4,1,0
CH0589,0,katy perry,9,2,0,0
CH0590,0,beyonce,9,0,1,0
CH0591,0,drake,9,1,0,0
CH0592,0,justin timberlake,9,3,1,0
CH0593,0,justin bieber,9,2,0,0
CH0595,0,future,9,3,1,0
CH0596,0,britney spears,9,3,0,0
CH0597,0,drake,9,1,0,0
CH0598,0,daughtry,9,0,1,0
CH0600,0,one direction,9,4,1,0
CH0601,0,one direction,9,4,0,0
CH0602,0,rihanna,9,3,1,0
CH0603,0,bruno mars,9,1,0,0
CH0604,0,one direction,9,4,0,0
CH0605,0,britney spears,9,3,1,0
CH0607,0,justin timberlake,9,3,0,0
CH0608,0,britney spears,9,3,1,0
CH0609,0,avril lavigne,9,4,0,0
CH0610,0,chris brown,9,3,1,0
CH0612,0,one direction,9,4,0,0
CH0613,0,justin timberlake,9,3,0,0
CH0614,0,future,9,3,1,0
CH0615,0,ke$ha,9,2,1,0
CH0616,0,kendrick lamar,9,3,0,0
CH0617,0,rascal flatts,9,0,0,0
CH0618,0,nicki minaj,9,4,1,0
CH0619,0,one direction,9,4,0,0
CH0620,0,the weeknd,9,3,0,0
CH0621,0,chris brown,9,3,0,0
CH0622,0,adele,9,2,1,0
CH0623,0,one direction,9,4,1,0
CH0624,0,taylor swift,9,0,1,0
CH0625,0,future,9,3,0,0
CH0626,0,rascal flatts,9,0,0,0
CH0627,0,beyonce,9,0,0,0
CH0628,0,one direction,9,4,1,0
CH0629,0,taylor swift,9,0,1,0
CH0630,0,taylor swift,9,0,1,0
CH0631,0,rascal flatts,9,0,1,0
CH0633,0,justin bieber,9,2,0,0
CH0635,0,nickelback,9,2,1,0
CH0636,0,avril lavigne,9,4,0,0
CH0637,0,lil wayne,9,4,0,0
CH0638,0,beyonce,9,0,1,0
CH0639,0,nicki minaj,9,4,1,0
CH0640,0,taylor swift,9,0,1,0
CH0641,0,taylor swift,9,0,1,0
CH0642,0,drake,9,1,0,0
CH0643,0,britney spears,9,3,0,0
CH0644,0,drake,9,1,0,0
CH0645,0,rihanna,9,3,0,0
CH0646,0,taylor swift,9,0,1,0
CH0647,0,rihanna,9,3,1,0
CH0648,0,maroon 5,9,0,0,0
CH0649,0,drake,9,1,0,0
CH0650,0,avril lavigne,9,4,1,0
CH0651,0,taylor swift,9,0,1,0
CH0652,0,rascal flatts,9,0,0,0
CH0653,0,nicki minaj,9,4,0,0
CH0654,0,chris brown,9,3,0,0
CH0655,0,nicki minaj,9,4,1,0
CH0657,0,rascal flatts,9,0,1,0
CH0658,0,daughtry,9,0,1,0
CH0659,0,akon,9,2,1,0
CH0660,0,ne-yo,9,1,0,0
CH0661,0,ne-yo,9,1,1,0
CH0662,0,nickelback,9,2,1,0
CH0663,0,p!nk,9,4,0,0
CH0664,0,ne-yo,9,1,1,0
CH0666,0,justin bieber,9,2,1,0
CH0669,0,rascal flatts,9,0,1,0
CH0670,0,taylor swift,9,0,1,0
CH0671,0,avril lavigne,9,4,1,0
CH0672,0,taylor swift,9,0,1,0
CH0674,0,rihanna,9,3,1,0
CH0676,0,justin bieber,9,2,1,0
CH0677,0,usher,9,4,1,0
CH0678,0,nickelback,9,2,0,0
CH0680,0,chris brown,9,3,1,0
CH0681,0,lil wayne,9,4,0,0
CH0682,0,p!nk,9,4,1,0
CH0683,0,justin bieber,9,2,1,0
CH0685,0,justin bieber,9,2,1,0
CH0686,0,rascal flatts,9,0,1,0
CH0687,0,beyonce,9,0,0,0
CH0688,0,sean paul,9,2,1,0
CH0690,0,daughtry,9,0,1,0
CH0692,0,rascal flatts,9,0,0,0
CH0693,0,lil wayne,9,4,1,0
CH0694,0,katy perry,9,2,0,0
CH0697,0,taylor swift,9,0,1,0
CH0698,0,rihanna,9,3,0,0
CH0699,0,usher,9,4,1,0
CH0700,0,rascal flatts,9,0,1,0
CH0702,0,leona lewis,9,2,1,0
CH0703,0,daughtry,9,0,0,0
CH0704,0,nickelback,9,2,0,0
CH0705,0,jonas brothers,9,1,0,0
CH0706,0,jonas brothers,9,1,1,0
CH0707,0,taylor swift,9,0,0,0
CH0708,0,chris brown,9,3,0,0
CH0711,0,usher,9,4,1,0
CH0712,0,jonas brothers,9,1,1,0
CH0713,0,jonas brothers,9,1,0,0
CH0715,0,taylor swift,9,0,1,0
CH0716,0,britney spears,9,3,1,0
CH0717,0,maroon 5,9,0,0,0
CH0718,0,ne-yo,9,1,1,0
CH0719,0,daughtry,9,0,1,0
CH0720,0,maroon 5,9,0,0,0
CH0721,0,chris brown,9,3,1,0
CH0722,0,britney spears,9,3,0,0
CH0724,0,rascal flatts,9,0,1,0
CH0726,0,jonas brothers,9,1,0,0
CH0728,0,rascal flatts,9,0,1,0
CH0729,0,akon,9,2,1,0
CH0730,0,ne-yo,9,1,1,0
CH0731,0,avril lavigne,9,4,0,0
CH0732,0,gwen stefani,9,2,1,0
CH0733,0,beyonce,9,0,0,0
CH0737,0,rascal flatts,9,0,1,0
CH0738,0,jonas brothers,9,1,0,0
CH0739,0,rascal flatts,9,0,0,0
CH0740,0,taylor swift,9,0,1,0
CH0743,0,beyonce,9,0,0,0
CH0744,0,beyonce,9,0,1,0
CH0745,0,rascal flatts,9,0,1,0
CH0747,0,gwen stefani,9,2,1,0
CH0748,0,gwen stefani,9,2,1,0
CH0749,0,rihanna,9,3,1,0
CH0751,0,rascal flatts,9,0,1,0
