recording_id,artist,label,eligible,missing
CH0001,The Weeknd,1,False,"['canonical_artist_ids', 'audio_path_or_authorized_reference', 'audio_sha256', 'audio_rights_basis', 'recording_version', 'verified_label_evidence']"
CH0002,Olivia Rodrigo,1,False,"['canonical_artist_ids', 'audio_path_or_authorized_reference', 'audio_sha256', 'audio_rights_basis', 'recording_version', 'verified_label_evidence']"
CH0003,Olivia Rodrigo,1,False,"['canonical_artist_ids', 'audio_path_or_authorized_reference', 'audio_sha256', 'audio_rights_basis', 'recording_version', 'verified_label_evidence']"
CH0004,Lil Nas X,1,False,"['canonical_artist_ids', 'audio_path_or_authorized_reference', 'audio_sha256', 'audio_rights_basis', 'recording_version', 'verified_label_evidence']"
CH0005,BTS,1,False,"['canonical_artist_ids', 'audio_path_or_authorized_reference', 'audio_sha256', 'audio_rights_basis', 'recording_version', 'verified_label_evidence']"
CH0006,Olivia Rodrigo,1,False,"['canonical_artist_ids', 'audio_path_or_authorized_reference', 'audio_sha256', 'audio_rights_basis', 'recording_version', 'verified_label_evidence']"
CH0007,Ariana Grande,1,False,"['canonical_artist_ids', 'audio_path_or_authorized_reference', 'audio_sha256', 'audio_rights_basis', 'recording_version', 'verified_label_evidence']"
CH0008,Ed Sheeran,1,False,"['canonical_artist_ids', 'audio_path_or_authorized_reference', 'audio_sha256', 'audio_rights_basis', 'recording_version', 'verified_label_evidence']"
CH0009,Luke Combs,1,False,"['canonical_artist_ids', 'audio_path_or_authorized_reference', 'audio_sha256', 'audio_rights_basis', 'recording_version', 'verified_label_evidence']"
CH0010,Pop Smoke,1,False,"['canonical_artist_ids', 'audio_path_or_authorized_reference', 'audio_sha256', 'audio_rights_basis', 'recording_version', 'verified_label_evidence']"
CH0011,Billie Eilish,1,False,"['canonical_artist_ids', 'audio_path_or_authorized_reference', 'audio_sha256', 'audio_rights_basis', 'recording_version', 'verified_label_evidence']"
CH0012,Cardi B,1,False,"['canonical_artist_ids', 'audio_path_or_authorized_reference', 'audio_sha256', 'audio_rights_basis', 'recording_version', 'verified_label_evidence']"
CH0013,Olivia Rodrigo,1,False,"['canonical_artist_ids', 'audio_path_or_authorized_reference', 'audio_sha256', 'audio_rights_basis', 'recording_version', 'verified_label_evidence']"
CH0014,BTS,1,False,"['canonical_artist_ids', 'audio_path_or_authorized_reference', 'audio_sha256', 'audio_rights_basis', 'recording_version', 'verified_label_evidence']"
CH0015,Doja Cat,1,False,"['canonical_artist_ids', 'audio_path_or_authorized_reference', 'audio_sha256', 'audio_rights_basis', 'recording_version', 'verified_label_evidence']"
CH0016,Taylor Swift,1,False,"['canonical_artist_ids', 'audio_path_or_authorized_reference', 'audio_sha256', 'audio_rights_basis', 'recording_version', 'verified_label_evidence']"
CH0017,Luke Combs,1,False,"['canonical_artist_ids', 'audio_path_or_authorized_reference', 'audio_sha256', 'audio_rights_basis', 'recording_version', 'verified_label_evidence']"
CH0018,Doja Cat,1,False,"['canonical_artist_ids', 'audio_path_or_authorized_reference', 'audio_sha256', 'audio_rights_basis', 'recording_version', 'verified_label_evidence']"
CH0019,Drake,1,False,"['canonical_artist_ids', 'audio_path_or_authorized_reference', 'audio_sha256', 'audio_rights_basis', 'recording_version', 'verified_label_evidence']"
CH0020,Justin Bieber,1,False,"['canonical_artist_ids', 'audio_path_or_authorized_reference', 'audio_sha256', 'audio_rights_basis', 'recording_version', 'verified_label_evidence']"
CH0021,Ariana Grande,1,False,"['canonical_artist_ids', 'audio_path_or_authorized_reference', 'audio_sha256', 'audio_rights_basis', 'recording_version', 'verified_label_evidence']"
CH0022,The Weeknd,1,False,"['canonical_artist_ids', 'audio_path_or_authorized_reference', 'audio_sha256', 'audio_rights_basis', 'recording_version', 'verified_label_evidence']"
CH0023,Billie Eilish,1,False,"['canonical_artist_ids', 'audio_path_or_authorized_reference', 'audio_sha256', 'audio_rights_basis', 'recording_version', 'verified_label_evidence']"
CH0024,Post Malone,1,False,"['canonical_artist_ids', 'audio_path_or_authorized_reference', 'audio_sha256', 'audio_rights_basis', 'recording_version', 'verified_label_evidence']"
CH0025,Harry Styles,1,False,"['canonical_artist_ids', 'audio_path_or_authorized_reference', 'audio_sha256', 'audio_rights_basis', 'recording_version', 'verified_label_evidence']"
CH0026,Maroon 5,1,False,"['canonical_artist_ids', 'audio_path_or_authorized_reference', 'audio_sha256', 'audio_rights_basis', 'recording_version', 'verified_label_evidence']"
CH0027,Doja Cat,1,False,"['canonical_artist_ids', 'audio_path_or_authorized_reference', 'audio_sha256', 'audio_rights_basis', 'recording_version', 'verified_label_evidence']"
CH0028,Billie Eilish,1,False,"['canonical_artist_ids', 'audio_path_or_authorized_reference', 'audio_sha256', 'audio_rights_basis', 'recording_version', 'verified_label_evidence']"
CH0029,Harry Styles,1,False,"['canonical_artist_ids', 'audio_path_or_authorized_reference', 'audio_sha256', 'audio_rights_basis', 'recording_version', 'verified_label_evidence']"
CH0030,The Weeknd,1,False,"['canonical_artist_ids', 'audio_path_or_authorized_reference', 'audio_sha256', 'audio_rights_basis', 'recording_version', 'verified_label_evidence']"
CH0031,DaBaby,1,False,"['canonical_artist_ids', 'audio_path_or_authorized_reference', 'audio_sha256', 'audio_rights_basis', 'recording_version', 'verified_label_evidence']"
CH0032,Drake,1,False,"['canonical_artist_ids', 'audio_path_or_authorized_reference', 'audio_sha256', 'audio_rights_basis', 'recording_version', 'verified_label_evidence']"
CH0033,Morgan Wallen,1,False,"['canonical_artist_ids', 'audio_path_or_authorized_reference', 'audio_sha256', 'audio_rights_basis', 'recording_version', 'verified_label_evidence']"
CH0034,Lil Baby,1,False,"['canonical_artist_ids', 'audio_path_or_authorized_reference', 'audio_sha256', 'audio_rights_basis', 'recording_version', 'verified_label_evidence']"
CH0035,Travis Scott,1,False,"['canonical_artist_ids', 'audio_path_or_authorized_reference', 'audio_sha256', 'audio_rights_basis', 'recording_version', 'verified_label_evidence']"
CH0036,Billie Eilish,1,False,"['canonical_artist_ids', 'audio_path_or_authorized_reference', 'audio_sha256', 'audio_rights_basis', 'recording_version', 'verified_label_evidence']"
CH0037,Justin Bieber,1,False,"['canonical_artist_ids', 'audio_path_or_authorized_reference', 'audio_sha256', 'audio_rights_basis', 'recording_version', 'verified_label_evidence']"
CH0038,Lil Nas X,1,False,"['canonical_artist_ids', 'audio_path_or_authorized_reference', 'audio_sha256', 'audio_rights_basis', 'recording_version', 'verified_label_evidence']"
CH0039,Lil Baby,1,False,"['canonical_artist_ids', 'audio_path_or_authorized_reference', 'audio_sha256', 'audio_rights_basis', 'recording_version', 'verified_label_evidence']"
CH0040,Lil Baby,1,False,"['canonical_artist_ids', 'audio_path_or_authorized_reference', 'audio_sha256', 'audio_rights_basis', 'recording_version', 'verified_label_evidence']"
CH0041,Jonas Brothers,1,False,"['canonical_artist_ids', 'audio_path_or_authorized_reference', 'audio_sha256', 'audio_rights_basis', 'recording_version', 'verified_label_evidence']"
CH0042,Lil Baby,1,False,"['canonical_artist_ids', 'audio_path_or_authorized_reference', 'audio_sha256', 'audio_rights_basis', 'recording_version', 'verified_label_evidence']"
CH0043,Halsey,1,False,"['canonical_artist_ids', 'audio_path_or_authorized_reference', 'audio_sha256', 'audio_rights_basis', 'recording_version', 'verified_label_evidence']"
CH0044,Pop Smoke,1,False,"['canonical_artist_ids', 'audio_path_or_authorized_reference', 'audio_sha256', 'audio_rights_basis', 'recording_version', 'verified_label_evidence']"
CH0045,Luke Combs,1,False,"['canonical_artist_ids', 'audio_path_or_authorized_reference', 'audio_sha256', 'audio_rights_basis', 'recording_version', 'verified_label_evidence']"
CH0046,Juice WRLD,1,False,"['canonical_artist_ids', 'audio_path_or_authorized_reference', 'audio_sha256', 'audio_rights_basis', 'recording_version', 'verified_label_evidence']"
CH0047,Morgan Wallen,1,False,"['canonical_artist_ids', 'audio_path_or_authorized_reference', 'audio_sha256', 'audio_rights_basis', 'recording_version', 'verified_label_evidence']"
CH0048,Luke Combs,1,False,"['canonical_artist_ids', 'audio_path_or_authorized_reference', 'audio_sha256', 'audio_rights_basis', 'recording_version', 'verified_label_evidence']"
CH0049,Halsey,1,False,"['canonical_artist_ids', 'audio_path_or_authorized_reference', 'audio_sha256', 'audio_rights_basis', 'recording_version', 'verified_label_evidence']"
CH0050,Post Malone,1,False,"['canonical_artist_ids', 'audio_path_or_authorized_reference', 'audio_sha256', 'audio_rights_basis', 'recording_version', 'verified_label_evidence']"
CH0051,Ariana Grande,1,False,"['canonical_artist_ids', 'audio_path_or_authorized_reference', 'audio_sha256', 'audio_rights_basis', 'recording_version', 'verified_label_evidence']"
CH0052,Travis Scott,1,False,"['canonical_artist_ids', 'audio_path_or_authorized_reference', 'audio_sha256', 'audio_rights_basis', 'recording_version', 'verified_label_evidence']"
CH0053,Jonas Brothers,1,False,"['canonical_artist_ids', 'audio_path_or_authorized_reference', 'audio_sha256', 'audio_rights_basis', 'recording_version', 'verified_label_evidence']"
CH0054,Ariana Grande,1,False,"['canonical_artist_ids', 'audio_path_or_authorized_reference', 'audio_sha256', 'audio_rights_basis', 'recording_version', 'verified_label_evidence']"
CH0055,DaBaby,1,False,"['canonical_artist_ids', 'audio_path_or_authorized_reference', 'audio_sha256', 'audio_rights_basis', 'recording_version', 'verified_label_evidence']"
CH0056,Shawn Mendes,1,False,"['canonical_artist_ids', 'audio_path_or_authorized_reference', 'audio_sha256', 'audio_rights_basis', 'recording_version', 'verified_label_evidence']"
CH0057,Post Malone,1,False,"['canonical_artist_ids', 'audio_path_or_authorized_reference', 'audio_sha256', 'audio_rights_basis', 'recording_version', 'verified_label_evidence']"
CH0058,Ariana Grande,1,False,"['canonical_artist_ids', 'audio_path_or_authorized_reference', 'audio_sha256', 'audio_rights_basis', 'recording_version', 'verified_label_evidence']"
CH0059,Cardi B,1,False,"['canonical_artist_ids', 'audio_path_or_authorized_reference', 'audio_sha256', 'audio_rights_basis', 'recording_version', 'verified_label_evidence']"
CH0060,Taylor Swift,1,False,"['canonical_artist_ids', 'audio_path_or_authorized_reference', 'audio_sha256', 'audio_rights_basis', 'recording_version', 'verified_label_evidence']"
CH0061,Luke Combs,1,False,"['canonical_artist_ids', 'audio_path_or_authorized_reference', 'audio_sha256', 'audio_rights_basis', 'recording_version', 'verified_label_evidence']"
CH0062,Juice WRLD,1,False,"['canonical_artist_ids', 'audio_path_or_authorized_reference', 'audio_sha256', 'audio_rights_basis', 'recording_version', 'verified_label_evidence']"
CH0063,Morgan Wallen,1,False,"['canonical_artist_ids', 'audio_path_or_authorized_reference', 'audio_sha256', 'audio_rights_basis', 'recording_version', 'verified_label_evidence']"
CH0064,Luke Combs,1,False,"['canonical_artist_ids', 'audio_path_or_authorized_reference', 'audio_sha256', 'audio_rights_basis', 'recording_version', 'verified_label_evidence']"
CH0065,Billie Eilish,1,False,"['canonical_artist_ids', 'audio_path_or_authorized_reference', 'audio_sha256', 'audio_rights_basis', 'recording_version', 'verified_label_evidence']"
CH0066,Ariana Grande,1,False,"['canonical_artist_ids', 'audio_path_or_authorized_reference', 'audio_sha256', 'audio_rights_basis', 'recording_version', 'verified_label_evidence']"
CH0067,Billie Eilish,1,False,"['canonical_artist_ids', 'audio_path_or_authorized_reference', 'audio_sha256', 'audio_rights_basis', 'recording_version', 'verified_label_evidence']"
CH0068,Lil Baby,1,False,"['canonical_artist_ids', 'audio_path_or_authorized_reference', 'audio_sha256', 'audio_rights_basis', 'recording_version', 'verified_label_evidence']"
CH0069,P!nk,1,False,"['canonical_artist_ids', 'audio_path_or_authorized_reference', 'audio_sha256', 'audio_rights_basis', 'recording_version', 'verified_label_evidence']"
CH0070,Juice WRLD,1,False,"['canonical_artist_ids', 'audio_path_or_authorized_reference', 'audio_sha256', 'audio_rights_basis', 'recording_version', 'verified_label_evidence']"
CH0071,Drake,1,False,"['canonical_artist_ids', 'audio_path_or_authorized_reference', 'audio_sha256', 'audio_rights_basis', 'recording_version', 'verified_label_evidence']"
CH0072,Ed Sheeran,1,False,"['canonical_artist_ids', 'audio_path_or_authorized_reference', 'audio_sha256', 'audio_rights_basis', 'recording_version', 'verified_label_evidence']"
CH0073,Drake,1,False,"['canonical_artist_ids', 'audio_path_or_authorized_reference', 'audio_sha256', 'audio_rights_basis', 'recording_version', 'verified_label_evidence']"
CH0074,Drake,1,False,"['canonical_artist_ids', 'audio_path_or_authorized_reference', 'audio_sha256', 'audio_rights_basis', 'recording_version', 'verified_label_evidence']"
CH0075,XXXTENTACION,1,False,"['canonical_artist_ids', 'audio_path_or_authorized_reference', 'audio_sha256', 'audio_rights_basis', 'recording_version', 'verified_label_evidence']"
CH0076,Camila Cabello,1,False,"['canonical_artist_ids', 'audio_path_or_authorized_reference', 'audio_sha256', 'audio_rights_basis', 'recording_version', 'verified_label_evidence']"
CH0077,Ariana Grande,1,False,"['canonical_artist_ids', 'audio_path_or_authorized_reference', 'audio_sha256', 'audio_rights_basis', 'recording_version', 'verified_label_evidence']"
CH0078,Imagine Dragons,1,False,"['canonical_artist_ids', 'audio_path_or_authorized_reference', 'audio_sha256', 'audio_rights_basis', 'recording_version', 'verified_label_evidence']"
CH0079,Taylor Swift,1,False,"['canonical_artist_ids', 'audio_path_or_authorized_reference', 'audio_sha256', 'audio_rights_basis', 'recording_version', 'verified_label_evidence']"
CH0080,Halsey,1,False,"['canonical_artist_ids', 'audio_path_or_authorized_reference', 'audio_sha256', 'audio_rights_basis', 'recording_version', 'verified_label_evidence']"
CH0081,Imagine Dragons,1,False,"['canonical_artist_ids', 'audio_path_or_authorized_reference', 'audio_sha256', 'audio_rights_basis', 'recording_version', 'verified_label_evidence']"
CH0082,Post Malone,1,False,"['canonical_artist_ids', 'audio_path_or_authorized_reference', 'audio_sha256', 'audio_rights_basis', 'recording_version', 'verified_label_evidence']"
CH0083,Shawn Mendes,1,False,"['canonical_artist_ids', 'audio_path_or_authorized_reference', 'audio_sha256', 'audio_rights_basis', 'recording_version', 'verified_label_evidence']"
CH0084,Sam Smith,1,False,"['canonical_artist_ids', 'audio_path_or_authorized_reference', 'audio_sha256', 'audio_rights_basis', 'recording_version', 'verified_label_evidence']"
CH0085,Drake,1,False,"['canonical_artist_ids', 'audio_path_or_authorized_reference', 'audio_sha256', 'audio_rights_basis', 'recording_version', 'verified_label_evidence']"
CH0086,Cardi B,1,False,"['canonical_artist_ids', 'audio_path_or_authorized_reference', 'audio_sha256', 'audio_rights_basis', 'recording_version', 'verified_label_evidence']"
CH0087,Maroon 5,1,False,"['canonical_artist_ids', 'audio_path_or_authorized_reference', 'audio_sha256', 'audio_rights_basis', 'recording_version', 'verified_label_evidence']"
CH0088,Cardi B,1,False,"['canonical_artist_ids', 'audio_path_or_authorized_reference', 'audio_sha256', 'audio_rights_basis', 'recording_version', 'verified_label_evidence']"
CH0089,Ariana Grande,1,False,"['canonical_artist_ids', 'audio_path_or_authorized_reference', 'audio_sha256', 'audio_rights_basis', 'recording_version', 'verified_label_evidence']"
CH0090,Imagine Dragons,1,False,"['canonical_artist_ids', 'audio_path_or_authorized_reference', 'audio_sha256', 'audio_rights_basis', 'recording_version', 'verified_label_evidence']"
CH0091,Ed Sheeran,1,False,"['canonical_artist_ids', 'audio_path_or_authorized_reference', 'audio_sha256', 'audio_rights_basis', 'recording_version', 'verified_label_evidence']"
CH0092,The Weeknd,1,False,"['canonical_artist_ids', 'audio_path_or_authorized_reference', 'audio_sha256', 'audio_rights_basis', 'recording_version', 'verified_label_evidence']"
CH0093,Drake,1,False,"['canonical_artist_ids', 'audio_path_or_authorized_reference', 'audio_sha256', 'audio_rights_basis', 'recording_version', 'verified_label_evidence']"
CH0094,XXXTENTACION,1,False,"['canonical_artist_ids', 'audio_path_or_authorized_reference', 'audio_sha256', 'audio_rights_basis', 'recording_version', 'verified_label_evidence']"
CH0095,XXXTENTACION,1,False,"['canonical_artist_ids', 'audio_path_or_authorized_reference', 'audio_sha256', 'audio_rights_basis', 'recording_version', 'verified_label_evidence']"
CH0096,Luke Combs,1,False,"['canonical_artist_ids', 'audio_path_or_authorized_reference', 'audio_sha256', 'audio_rights_basis', 'recording_version', 'verified_label_evidence']"
CH0097,Imagine Dragons,1,False,"['canonical_artist_ids', 'audio_path_or_authorized_reference', 'audio_sha256', 'audio_rights_basis', 'recording_version', 'verified_label_evidence']"
CH0098,Bruno Mars,1,False,"['canonical_artist_ids', 'audio_path_or_authorized_reference', 'audio_sha256', 'audio_rights_basis', 'recording_version', 'verified_label_evidence']"
CH0099,Kendrick Lamar,1,False,"['canonical_artist_ids', 'audio_path_or_authorized_reference', 'audio_sha256', 'audio_rights_basis', 'recording_version', 'verified_label_evidence']"
CH0100,Future,1,False,"['canonical_artist_ids', 'audio_path_or_authorized_reference', 'audio_sha256', 'audio_rights_basis', 'recording_version', 'verified_label_evidence']"
CH0101,Bruno Mars,1,False,"['canonical_artist_ids', 'audio_path_or_authorized_reference', 'audio_sha256', 'audio_rights_basis', 'recording_version', 'verified_label_evidence']"
CH0102,Shawn Mendes,1,False,"['canonical_artist_ids', 'audio_path_or_authorized_reference', 'audio_sha256', 'audio_rights_basis', 'recording_version', 'verified_label_evidence']"
CH0103,Rihanna,1,False,"['canonical_artist_ids', 'audio_path_or_authorized_reference', 'audio_sha256', 'audio_rights_basis', 'recording_version', 'verified_label_evidence']"
CH0104,Drake,1,False,"['canonical_artist_ids', 'audio_path_or_authorized_reference', 'audio_sha256', 'audio_rights_basis', 'recording_version', 'verified_label_evidence']"
CH0105,Taylor Swift,1,False,"['canonical_artist_ids', 'audio_path_or_authorized_reference', 'audio_sha256', 'audio_rights_basis', 'recording_version', 'verified_label_evidence']"
CH0106,Ed Sheeran,1,False,"['canonical_artist_ids', 'audio_path_or_authorized_reference', 'audio_sha256', 'audio_rights_basis', 'recording_version', 'verified_label_evidence']"
CH0107,The Chainsmokers,1,False,"['canonical_artist_ids', 'audio_path_or_authorized_reference', 'audio_sha256', 'audio_rights_basis', 'recording_version', 'verified_label_evidence']"
CH0108,Shawn Mendes,1,False,"['canonical_artist_ids', 'audio_path_or_authorized_reference', 'audio_sha256', 'audio_rights_basis', 'recording_version', 'verified_label_evidence']"
CH0109,Halsey,1,False,"['canonical_artist_ids', 'audio_path_or_authorized_reference', 'audio_sha256', 'audio_rights_basis', 'recording_version', 'verified_label_evidence']"
CH0110,Kendrick Lamar,1,False,"['canonical_artist_ids', 'audio_path_or_authorized_reference', 'audio_sha256', 'audio_rights_basis', 'recording_version', 'verified_label_evidence']"
CH0111,Drake,1,False,"['canonical_artist_ids', 'audio_path_or_authorized_reference', 'audio_sha256', 'audio_rights_basis', 'recording_version', 'verified_label_evidence']"
CH0112,Travis Scott,1,False,"['canonical_artist_ids', 'audio_path_or_authorized_reference', 'audio_sha256', 'audio_rights_basis', 'recording_version', 'verified_label_evidence']"
CH0113,Luke Combs,1,False,"['canonical_artist_ids', 'audio_path_or_authorized_reference', 'audio_sha256', 'audio_rights_basis', 'recording_version', 'verified_label_evidence']"
CH0114,P!nk,1,False,"['canonical_artist_ids', 'audio_path_or_authorized_reference', 'audio_sha256', 'audio_rights_basis', 'recording_version', 'verified_label_evidence']"
CH0115,Harry Styles,1,False,"['canonical_artist_ids', 'audio_path_or_authorized_reference', 'audio_sha256', 'audio_rights_basis', 'recording_version', 'verified_label_evidence']"
CH0116,Adele,1,False,"['canonical_artist_ids', 'audio_path_or_authorized_reference', 'audio_sha256', 'audio_rights_basis', 'recording_version', 'verified_label_evidence']"
CH0117,Miley Cyrus,1,False,"['canonical_artist_ids', 'audio_path_or_authorized_reference', 'audio_sha256', 'audio_rights_basis', 'recording_version', 'verified_label_evidence']"
CH0118,Shawn Mendes,1,False,"['canonical_artist_ids', 'audio_path_or_authorized_reference', 'audio_sha256', 'audio_rights_basis', 'recording_version', 'verified_label_evidence']"
CH0119,Justin Bieber,1,False,"['canonical_artist_ids', 'audio_path_or_authorized_reference', 'audio_sha256', 'audio_rights_basis', 'recording_version', 'verified_label_evidence']"
CH0120,Justin Bieber,1,False,"['canonical_artist_ids', 'audio_path_or_authorized_reference', 'audio_sha256', 'audio_rights_basis', 'recording_version', 'verified_label_evidence']"
CH0121,twenty one pilots,1,False,"['canonical_artist_ids', 'audio_path_or_authorized_reference', 'audio_sha256', 'audio_rights_basis', 'recording_version', 'verified_label_evidence']"
CH0122,Adele,1,False,"['canonical_artist_ids', 'audio_path_or_authorized_reference', 'audio_sha256', 'audio_rights_basis', 'recording_version', 'verified_label_evidence']"
CH0123,Rihanna,1,False,"['canonical_artist_ids', 'audio_path_or_authorized_reference', 'audio_sha256', 'audio_rights_basis', 'recording_version', 'verified_label_evidence']"
CH0124,twenty one pilots,1,False,"['canonical_artist_ids', 'audio_path_or_authorized_reference', 'audio_sha256', 'audio_rights_basis', 'recording_version', 'verified_label_evidence']"
CH0125,Shawn Mendes,1,False,"['canonical_artist_ids', 'audio_path_or_authorized_reference', 'audio_sha256', 'audio_rights_basis', 'recording_version', 'verified_label_evidence']"
CH0126,Drake,1,False,"['canonical_artist_ids', 'audio_path_or_authorized_reference', 'audio_sha256', 'audio_rights_basis', 'recording_version', 'verified_label_evidence']"
CH0127,Adele,1,False,"['canonical_artist_ids', 'audio_path_or_authorized_reference', 'audio_sha256', 'audio_rights_basis', 'recording_version', 'verified_label_evidence']"
CH0128,Justin Bieber,1,False,"['canonical_artist_ids', 'audio_path_or_authorized_reference', 'audio_sha256', 'audio_rights_basis', 'recording_version', 'verified_label_evidence']"
CH0129,The Weeknd,1,False,"['canonical_artist_ids', 'audio_path_or_authorized_reference', 'audio_sha256', 'audio_rights_basis', 'recording_version', 'verified_label_evidence']"
CH0130,P!nk,1,False,"['canonical_artist_ids', 'audio_path_or_authorized_reference', 'audio_sha256', 'audio_rights_basis', 'recording_version', 'verified_label_evidence']"
CH0131,Ariana Grande,1,False,"['canonical_artist_ids', 'audio_path_or_authorized_reference', 'audio_sha256', 'audio_rights_basis', 'recording_version', 'verified_label_evidence']"
CH0132,Drake,1,False,"['canonical_artist_ids', 'audio_path_or_authorized_reference', 'audio_sha256', 'audio_rights_basis', 'recording_version', 'verified_label_evidence']"
CH0133,Meghan Trainor,1,False,"['canonical_artist_ids', 'audio_path_or_authorized_reference', 'audio_sha256', 'audio_rights_basis', 'recording_version', 'verified_label_evidence']"
CH0134,Ariana Grande,1,False,"['canonical_artist_ids', 'audio_path_or_authorized_reference', 'audio_sha256', 'audio_rights_basis', 'recording_version', 'verified_label_evidence']"
CH0135,The Weeknd,1,False,"['canonical_artist_ids', 'audio_path_or_authorized_reference', 'audio_sha256', 'audio_rights_basis', 'recording_version', 'verified_label_evidence']"
CH0136,Meghan Trainor,1,False,"['canonical_artist_ids', 'audio_path_or_authorized_reference', 'audio_sha256', 'audio_rights_basis', 'recording_version', 'verified_label_evidence']"
CH0137,Post Malone,1,False,"['canonical_artist_ids', 'audio_path_or_authorized_reference', 'audio_sha256', 'audio_rights_basis', 'recording_version', 'verified_label_evidence']"
CH0138,The Weeknd,1,False,"['canonical_artist_ids', 'audio_path_or_authorized_reference', 'audio_sha256', 'audio_rights_basis', 'recording_version', 'verified_label_evidence']"
CH0139,Coldplay,1,False,"['canonical_artist_ids', 'audio_path_or_authorized_reference', 'audio_sha256', 'audio_rights_basis', 'recording_version', 'verified_label_evidence']"
CH0140,Travis Scott,1,False,"['canonical_artist_ids', 'audio_path_or_authorized_reference', 'audio_sha256', 'audio_rights_basis', 'recording_version', 'verified_label_evidence']"
CH0141,Taylor Swift,1,False,"['canonical_artist_ids', 'audio_path_or_authorized_reference', 'audio_sha256', 'audio_rights_basis', 'recording_version', 'verified_label_evidence']"
CH0142,Adele,1,False,"['canonical_artist_ids', 'audio_path_or_authorized_reference', 'audio_sha256', 'audio_rights_basis', 'recording_version', 'verified_label_evidence']"
CH0143,Chris Brown,1,False,"['canonical_artist_ids', 'audio_path_or_authorized_reference', 'audio_sha256', 'audio_rights_basis', 'recording_version', 'verified_label_evidence']"
CH0144,Coldplay,1,False,"['canonical_artist_ids', 'audio_path_or_authorized_reference', 'audio_sha256', 'audio_rights_basis', 'recording_version', 'verified_label_evidence']"
CH0145,Future,1,False,"['canonical_artist_ids', 'audio_path_or_authorized_reference', 'audio_sha256', 'audio_rights_basis', 'recording_version', 'verified_label_evidence']"
CH0146,Ed Sheeran,1,False,"['canonical_artist_ids', 'audio_path_or_authorized_reference', 'audio_sha256', 'audio_rights_basis', 'recording_version', 'verified_label_evidence']"
CH0147,Fetty Wap,1,False,"['canonical_artist_ids', 'audio_path_or_authorized_reference', 'audio_sha256', 'audio_rights_basis', 'recording_version', 'verified_label_evidence']"
CH0148,Maroon 5,1,False,"['canonical_artist_ids', 'audio_path_or_authorized_reference', 'audio_sha256', 'audio_rights_basis', 'recording_version', 'verified_label_evidence']"
CH0149,Taylor Swift,1,False,"['canonical_artist_ids', 'audio_path_or_authorized_reference', 'audio_sha256', 'audio_rights_basis', 'recording_version', 'verified_label_evidence']"
CH0150,The Weeknd,1,False,"['canonical_artist_ids', 'audio_path_or_authorized_reference', 'audio_sha256', 'audio_rights_basis', 'recording_version', 'verified_label_evidence']"
CH0151,Taylor Swift,1,False,"['canonical_artist_ids', 'audio_path_or_authorized_reference', 'audio_sha256', 'audio_rights_basis', 'recording_version', 'verified_label_evidence']"
CH0152,Meghan Trainor,1,False,"['canonical_artist_ids', 'audio_path_or_authorized_reference', 'audio_sha256', 'audio_rights_basis', 'recording_version', 'verified_label_evidence']"
CH0153,Sam Smith,1,False,"['canonical_artist_ids', 'audio_path_or_authorized_reference', 'audio_sha256', 'audio_rights_basis', 'recording_version', 'verified_label_evidence']"
CH0154,Meghan Trainor,1,False,"['canonical_artist_ids', 'audio_path_or_authorized_reference', 'audio_sha256', 'audio_rights_basis', 'recording_version', 'verified_label_evidence']"
CH0155,Taylor Swift,1,False,"['canonical_artist_ids', 'audio_path_or_authorized_reference', 'audio_sha256', 'audio_rights_basis', 'recording_version', 'verified_label_evidence']"
CH0156,Ed Sheeran,1,False,"['canonical_artist_ids', 'audio_path_or_authorized_reference', 'audio_sha256', 'audio_rights_basis', 'recording_version', 'verified_label_evidence']"
CH0157,Maroon 5,1,False,"['canonical_artist_ids', 'audio_path_or_authorized_reference', 'audio_sha256', 'audio_rights_basis', 'recording_version', 'verified_label_evidence']"
CH0158,Rihanna,1,False,"['canonical_artist_ids', 'audio_path_or_authorized_reference', 'audio_sha256', 'audio_rights_basis', 'recording_version', 'verified_label_evidence']"
CH0159,Sam Smith,1,False,"['canonical_artist_ids', 'audio_path_or_authorized_reference', 'audio_sha256', 'audio_rights_basis', 'recording_version', 'verified_label_evidence']"
CH0160,Beyonce,1,False,"['canonical_artist_ids', 'audio_path_or_authorized_reference', 'audio_sha256', 'audio_rights_basis', 'recording_version', 'verified_label_evidence']"
CH0161,One Direction,1,False,"['canonical_artist_ids', 'audio_path_or_authorized_reference', 'audio_sha256', 'audio_rights_basis', 'recording_version', 'verified_label_evidence']"
CH0162,Ariana Grande,1,False,"['canonical_artist_ids', 'audio_path_or_authorized_reference', 'audio_sha256', 'audio_rights_basis', 'recording_version', 'verified_label_evidence']"
CH0163,Meghan Trainor,1,False,"['canonical_artist_ids', 'audio_path_or_authorized_reference', 'audio_sha256', 'audio_rights_basis', 'recording_version', 'verified_label_evidence']"
CH0164,Ed Sheeran,1,False,"['canonical_artist_ids', 'audio_path_or_authorized_reference', 'audio_sha256', 'audio_rights_basis', 'recording_version', 'verified_label_evidence']"
CH0165,One Direction,1,False,"['canonical_artist_ids', 'audio_path_or_authorized_reference', 'audio_sha256', 'audio_rights_basis', 'recording_version', 'verified_label_evidence']"
CH0166,Drake,1,False,"['canonical_artist_ids', 'audio_path_or_authorized_reference', 'audio_sha256', 'audio_rights_basis', 'recording_version', 'verified_label_evidence']"
CH0167,Pharrell Williams,1,False,"['canonical_artist_ids', 'audio_path_or_authorized_reference', 'audio_sha256', 'audio_rights_basis', 'recording_version', 'verified_label_evidence']"
CH0168,Imagine Dragons,1,False,"['canonical_artist_ids', 'audio_path_or_authorized_reference', 'audio_sha256', 'audio_rights_basis', 'recording_version', 'verified_label_evidence']"
CH0169,One Direction,1,False,"['canonical_artist_ids', 'audio_path_or_authorized_reference', 'audio_sha256', 'audio_rights_basis', 'recording_version', 'verified_label_evidence']"
CH0170,Maroon 5,1,False,"['canonical_artist_ids', 'audio_path_or_authorized_reference', 'audio_sha256', 'audio_rights_basis', 'recording_version', 'verified_label_evidence']"
CH0171,Nicki Minaj,1,False,"['canonical_artist_ids', 'audio_path_or_authorized_reference', 'audio_sha256', 'audio_rights_basis', 'recording_version', 'verified_label_evidence']"
CH0172,Miley Cyrus,1,False,"['canonical_artist_ids', 'audio_path_or_authorized_reference', 'audio_sha256', 'audio_rights_basis', 'recording_version', 'verified_label_evidence']"
CH0173,Justin Timberlake,1,False,"['canonical_artist_ids', 'audio_path_or_authorized_reference', 'audio_sha256', 'audio_rights_basis', 'recording_version', 'verified_label_evidence']"
CH0174,Katy Perry,1,False,"['canonical_artist_ids', 'audio_path_or_authorized_reference', 'audio_sha256', 'audio_rights_basis', 'recording_version', 'verified_label_evidence']"
CH0175,Coldplay,1,False,"['canonical_artist_ids', 'audio_path_or_authorized_reference', 'audio_sha256', 'audio_rights_basis', 'recording_version', 'verified_label_evidence']"
CH0176,Imagine Dragons,1,False,"['canonical_artist_ids', 'audio_path_or_authorized_reference', 'audio_sha256', 'audio_rights_basis', 'recording_version', 'verified_label_evidence']"
CH0177,Katy Perry,1,False,"['canonical_artist_ids', 'audio_path_or_authorized_reference', 'audio_sha256', 'audio_rights_basis', 'recording_version', 'verified_label_evidence']"
CH0178,Beyonce,1,False,"['canonical_artist_ids', 'audio_path_or_authorized_reference', 'audio_sha256', 'audio_rights_basis', 'recording_version', 'verified_label_evidence']"
CH0179,Drake,1,False,"['canonical_artist_ids', 'audio_path_or_authorized_reference', 'audio_sha256', 'audio_rights_basis', 'recording_version', 'verified_label_evidence']"
CH0180,Justin Timberlake,1,False,"['canonical_artist_ids', 'audio_path_or_authorized_reference', 'audio_sha256', 'audio_rights_basis', 'recording_version', 'verified_label_evidence']"
CH0181,Bruno Mars,1,False,"['canonical_artist_ids', 'audio_path_or_authorized_reference', 'audio_sha256', 'audio_rights_basis', 'recording_version', 'verified_label_evidence']"
CH0182,Bruno Mars,1,False,"['canonical_artist_ids', 'audio_path_or_authorized_reference', 'audio_sha256', 'audio_rights_basis', 'recording_version', 'verified_label_evidence']"
CH0183,Taylor Swift,1,False,"['canonical_artist_ids', 'audio_path_or_authorized_reference', 'audio_sha256', 'audio_rights_basis', 'recording_version', 'verified_label_evidence']"
CH0184,Miley Cyrus,1,False,"['canonical_artist_ids', 'audio_path_or_authorized_reference', 'audio_sha256', 'audio_rights_basis', 'recording_version', 'verified_label_evidence']"
CH0185,Rihanna,1,False,"['canonical_artist_ids', 'audio_path_or_authorized_reference', 'audio_sha256', 'audio_rights_basis', 'recording_version', 'verified_label_evidence']"
CH0186,Drake,1,False,"['canonical_artist_ids', 'audio_path_or_authorized_reference', 'audio_sha256', 'audio_rights_basis', 'recording_version', 'verified_label_evidence']"
CH0187,Maroon 5,1,False,"['canonical_artist_ids', 'audio_path_or_authorized_reference', 'audio_sha256', 'audio_rights_basis', 'recording_version', 'verified_label_evidence']"
CH0188,Lady Gaga,1,False,"['canonical_artist_ids', 'audio_path_or_authorized_reference', 'audio_sha256', 'audio_rights_basis', 'recording_version', 'verified_label_evidence']"
CH0189,Maroon 5,1,False,"['canonical_artist_ids', 'audio_path_or_authorized_reference', 'audio_sha256', 'audio_rights_basis', 'recording_version', 'verified_label_evidence']"
CH0190,Imagine Dragons,1,False,"['canonical_artist_ids', 'audio_path_or_authorized_reference', 'audio_sha256', 'audio_rights_basis', 'recording_version', 'verified_label_evidence']"
CH0191,Maroon 5,1,False,"['canonical_artist_ids', 'audio_path_or_authorized_reference', 'audio_sha256', 'audio_rights_basis', 'recording_version', 'verified_label_evidence']"
CH0192,P!nk,1,False,"['canonical_artist_ids', 'audio_path_or_authorized_reference', 'audio_sha256', 'audio_rights_basis', 'recording_version', 'verified_label_evidence']"
CH0193,Ke$ha,1,False,"['canonical_artist_ids', 'audio_path_or_authorized_reference', 'audio_sha256', 'audio_rights_basis', 'recording_version', 'verified_label_evidence']"
CH0194,Eminem,1,False,"['canonical_artist_ids', 'audio_path_or_authorized_reference', 'audio_sha256', 'audio_rights_basis', 'recording_version', 'verified_label_evidence']"
CH0195,Rihanna,1,False,"['canonical_artist_ids', 'audio_path_or_authorized_reference', 'audio_sha256', 'audio_rights_basis', 'recording_version', 'verified_label_evidence']"
CH0196,Taylor Swift,1,False,"['canonical_artist_ids', 'audio_path_or_authorized_reference', 'audio_sha256', 'audio_rights_basis', 'recording_version', 'verified_label_evidence']"
CH0197,One Direction,1,False,"['canonical_artist_ids', 'audio_path_or_authorized_reference', 'audio_sha256', 'audio_rights_basis', 'recording_version', 'verified_label_evidence']"
CH0198,Ed Sheeran,1,False,"['canonical_artist_ids', 'audio_path_or_authorized_reference', 'audio_sha256', 'audio_rights_basis', 'recording_version', 'verified_label_evidence']"
CH0199,Kendrick Lamar,1,False,"['canonical_artist_ids', 'audio_path_or_authorized_reference', 'audio_sha256', 'audio_rights_basis', 'recording_version', 'verified_label_evidence']"
CH0200,Ne-Yo,1,False,"['canonical_artist_ids', 'audio_path_or_authorized_reference', 'audio_sha256', 'audio_rights_basis', 'recording_version', 'verified_label_evidence']"
CH0201,Nicki Minaj,1,False,"['canonical_artist_ids', 'audio_path_or_authorized_reference', 'audio_sha256', 'audio_rights_basis', 'recording_version', 'verified_label_evidence']"
CH0202,One Direction,1,False,"['canonical_artist_ids', 'audio_path_or_authorized_reference', 'audio_sha256', 'audio_rights_basis', 'recording_version', 'verified_label_evidence']"
CH0203,Adele,1,False,"['canonical_artist_ids', 'audio_path_or_authorized_reference', 'audio_sha256', 'audio_rights_basis', 'recording_version', 'verified_label_evidence']"
CH0204,LMFAO,1,False,"['canonical_artist_ids', 'audio_path_or_authorized_reference', 'audio_sha256', 'audio_rights_basis', 'recording_version', 'verified_label_evidence']"
CH0205,Katy Perry,1,False,"['canonical_artist_ids', 'audio_path_or_authorized_reference', 'audio_sha256', 'audio_rights_basis', 'recording_version', 'verified_label_evidence']"
CH0206,Rihanna,1,False,"['canonical_artist_ids', 'audio_path_or_authorized_reference', 'audio_sha256', 'audio_rights_basis', 'recording_version', 'verified_label_evidence']"
CH0207,Bruno Mars,1,False,"['canonical_artist_ids', 'audio_path_or_authorized_reference', 'audio_sha256', 'audio_rights_basis', 'recording_version', 'verified_label_evidence']"
CH0208,Justin Bieber,1,False,"['canonical_artist_ids', 'audio_path_or_authorized_reference', 'audio_sha256', 'audio_rights_basis', 'recording_version', 'verified_label_evidence']"
CH0209,Katy Perry,1,False,"['canonical_artist_ids', 'audio_path_or_authorized_reference', 'audio_sha256', 'audio_rights_basis', 'recording_version', 'verified_label_evidence']"
CH0210,Taylor Swift,1,False,"['canonical_artist_ids', 'audio_path_or_authorized_reference', 'audio_sha256', 'audio_rights_basis', 'recording_version', 'verified_label_evidence']"
CH0211,P!nk,1,False,"['canonical_artist_ids', 'audio_path_or_authorized_reference', 'audio_sha256', 'audio_rights_basis', 'recording_version', 'verified_label_evidence']"
CH0212,Katy Perry,1,False,"['canonical_artist_ids', 'audio_path_or_authorized_reference', 'audio_sha256', 'audio_rights_basis', 'recording_version', 'verified_label_evidence']"
CH0213,Adele,1,False,"['canonical_artist_ids', 'audio_path_or_authorized_reference', 'audio_sha256', 'audio_rights_basis', 'recording_version', 'verified_label_evidence']"
CH0214,Chris Brown,1,False,"['canonical_artist_ids', 'audio_path_or_authorized_reference', 'audio_sha256', 'audio_rights_basis', 'recording_version', 'verified_label_evidence']"
CH0215,Adele,1,False,"['canonical_artist_ids', 'audio_path_or_authorized_reference', 'audio_sha256', 'audio_rights_basis', 'recording_version', 'verified_label_evidence']"
CH0216,Coldplay,1,False,"['canonical_artist_ids', 'audio_path_or_authorized_reference', 'audio_sha256', 'audio_rights_basis', 'recording_version', 'verified_label_evidence']"
CH0217,Carrie Underwood,1,False,"['canonical_artist_ids', 'audio_path_or_authorized_reference', 'audio_sha256', 'audio_rights_basis', 'recording_version', 'verified_label_evidence']"
CH0218,Adele,1,False,"['canonical_artist_ids', 'audio_path_or_authorized_reference', 'audio_sha256', 'audio_rights_basis', 'recording_version', 'verified_label_evidence']"
CH0219,Usher,1,False,"['canonical_artist_ids', 'audio_path_or_authorized_reference', 'audio_sha256', 'audio_rights_basis', 'recording_version', 'verified_label_evidence']"
CH0220,Nicki Minaj,1,False,"['canonical_artist_ids', 'audio_path_or_authorized_reference', 'audio_sha256', 'audio_rights_basis', 'recording_version', 'verified_label_evidence']"
CH0221,Chris Brown,1,False,"['canonical_artist_ids', 'audio_path_or_authorized_reference', 'audio_sha256', 'audio_rights_basis', 'recording_version', 'verified_label_evidence']"
CH0222,Rihanna,1,False,"['canonical_artist_ids', 'audio_path_or_authorized_reference', 'audio_sha256', 'audio_rights_basis', 'recording_version', 'verified_label_evidence']"
CH0223,Katy Perry,1,False,"['canonical_artist_ids', 'audio_path_or_authorized_reference', 'audio_sha256', 'audio_rights_basis', 'recording_version', 'verified_label_evidence']"
CH0224,Bruno Mars,1,False,"['canonical_artist_ids', 'audio_path_or_authorized_reference', 'audio_sha256', 'audio_rights_basis', 'recording_version', 'verified_label_evidence']"
CH0225,Nicki Minaj,1,False,"['canonical_artist_ids', 'audio_path_or_authorized_reference', 'audio_sha256', 'audio_rights_basis', 'recording_version', 'verified_label_evidence']"
CH0226,Rihanna,1,False,"['canonical_artist_ids', 'audio_path_or_authorized_reference', 'audio_sha256', 'audio_rights_basis', 'recording_version', 'verified_label_evidence']"
CH0227,Katy Perry,1,False,"['canonical_artist_ids', 'audio_path_or_authorized_reference', 'audio_sha256', 'audio_rights_basis', 'recording_version', 'verified_label_evidence']"
CH0228,Bruno Mars,1,False,"['canonical_artist_ids', 'audio_path_or_authorized_reference', 'audio_sha256', 'audio_rights_basis', 'recording_version', 'verified_label_evidence']"
CH0229,P!nk,1,False,"['canonical_artist_ids', 'audio_path_or_authorized_reference', 'audio_sha256', 'audio_rights_basis', 'recording_version', 'verified_label_evidence']"
CH0230,Lady Gaga,1,False,"['canonical_artist_ids', 'audio_path_or_authorized_reference', 'audio_sha256', 'audio_rights_basis', 'recording_version', 'verified_label_evidence']"
CH0231,P!nk,1,False,"['canonical_artist_ids', 'audio_path_or_authorized_reference', 'audio_sha256', 'audio_rights_basis', 'recording_version', 'verified_label_evidence']"
CH0232,Lil Wayne,1,False,"['canonical_artist_ids', 'audio_path_or_authorized_reference', 'audio_sha256', 'audio_rights_basis', 'recording_version', 'verified_label_evidence']"
CH0233,Bruno Mars,1,False,"['canonical_artist_ids', 'audio_path_or_authorized_reference', 'audio_sha256', 'audio_rights_basis', 'recording_version', 'verified_label_evidence']"
CH0234,Britney Spears,1,False,"['canonical_artist_ids', 'audio_path_or_authorized_reference', 'audio_sha256', 'audio_rights_basis', 'recording_version', 'verified_label_evidence']"
CH0235,Lady Gaga,1,False,"['canonical_artist_ids', 'audio_path_or_authorized_reference', 'audio_sha256', 'audio_rights_basis', 'recording_version', 'verified_label_evidence']"
CH0236,Ke$ha,1,False,"['canonical_artist_ids', 'audio_path_or_authorized_reference', 'audio_sha256', 'audio_rights_basis', 'recording_version', 'verified_label_evidence']"
CH0237,Ke$ha,1,False,"['canonical_artist_ids', 'audio_path_or_authorized_reference', 'audio_sha256', 'audio_rights_basis', 'recording_version', 'verified_label_evidence']"
CH0238,Rihanna,1,False,"['canonical_artist_ids', 'audio_path_or_authorized_reference', 'audio_sha256', 'audio_rights_basis', 'recording_version', 'verified_label_evidence']"
CH0239,Britney Spears,1,False,"['canonical_artist_ids', 'audio_path_or_authorized_reference', 'audio_sha256', 'audio_rights_basis', 'recording_version', 'verified_label_evidence']"
CH0240,Chris Brown,1,False,"['canonical_artist_ids', 'audio_path_or_authorized_reference', 'audio_sha256', 'audio_rights_basis', 'recording_version', 'verified_label_evidence']"
CH0241,Kanye West,1,False,"['canonical_artist_ids', 'audio_path_or_authorized_reference', 'audio_sha256', 'audio_rights_basis', 'recording_version', 'verified_label_evidence']"
CH0242,Britney Spears,1,False,"['canonical_artist_ids', 'audio_path_or_authorized_reference', 'audio_sha256', 'audio_rights_basis', 'recording_version', 'verified_label_evidence']"
CH0243,Usher,1,False,"['canonical_artist_ids', 'audio_path_or_authorized_reference', 'audio_sha256', 'audio_rights_basis', 'recording_version', 'verified_label_evidence']"
CH0244,Avril Lavigne,1,False,"['canonical_artist_ids', 'audio_path_or_authorized_reference', 'audio_sha256', 'audio_rights_basis', 'recording_version', 'verified_label_evidence']"
CH0245,Lady Gaga,1,False,"['canonical_artist_ids', 'audio_path_or_authorized_reference', 'audio_sha256', 'audio_rights_basis', 'recording_version', 'verified_label_evidence']"
CH0246,Taylor Swift,1,False,"['canonical_artist_ids', 'audio_path_or_authorized_reference', 'audio_sha256', 'audio_rights_basis', 'recording_version', 'verified_label_evidence']"
CH0247,Katy Perry,1,False,"['canonical_artist_ids', 'audio_path_or_authorized_reference', 'audio_sha256', 'audio_rights_basis', 'recording_version', 'verified_label_evidence']"
CH0248,Rihanna,1,False,"['canonical_artist_ids', 'audio_path_or_authorized_reference', 'audio_sha256', 'audio_rights_basis', 'recording_version', 'verified_label_evidence']"
CH0249,Drake,1,False,"['canonical_artist_ids', 'audio_path_or_authorized_reference', 'audio_sha256', 'audio_rights_basis', 'recording_version', 'verified_label_evidence']"
CH0250,Beyonce,1,False,"['canonical_artist_ids', 'audio_path_or_authorized_reference', 'audio_sha256', 'audio_rights_basis', 'recording_version', 'verified_label_evidence']"
CH0251,Chris Brown,1,False,"['canonical_artist_ids', 'audio_path_or_authorized_reference', 'audio_sha256', 'audio_rights_basis', 'recording_version', 'verified_label_evidence']"
CH0252,Ke$ha,1,False,"['canonical_artist_ids', 'audio_path_or_authorized_reference', 'audio_sha256', 'audio_rights_basis', 'recording_version', 'verified_label_evidence']"
CH0253,Lady Gaga,1,False,"['canonical_artist_ids', 'audio_path_or_authorized_reference', 'audio_sha256', 'audio_rights_basis', 'recording_version', 'verified_label_evidence']"
CH0254,Rihanna,1,False,"['canonical_artist_ids', 'audio_path_or_authorized_reference', 'audio_sha256', 'audio_rights_basis', 'recording_version', 'verified_label_evidence']"
CH0255,Eminem,1,False,"['canonical_artist_ids', 'audio_path_or_authorized_reference', 'audio_sha256', 'audio_rights_basis', 'recording_version', 'verified_label_evidence']"
CH0256,Ke$ha,1,False,"['canonical_artist_ids', 'audio_path_or_authorized_reference', 'audio_sha256', 'audio_rights_basis', 'recording_version', 'verified_label_evidence']"
CH0257,Drake,1,False,"['canonical_artist_ids', 'audio_path_or_authorized_reference', 'audio_sha256', 'audio_rights_basis', 'recording_version', 'verified_label_evidence']"
CH0258,Lady Gaga,1,False,"['canonical_artist_ids', 'audio_path_or_authorized_reference', 'audio_sha256', 'audio_rights_basis', 'recording_version', 'verified_label_evidence']"
CH0259,Taylor Swift,1,False,"['canonical_artist_ids', 'audio_path_or_authorized_reference', 'audio_sha256', 'audio_rights_basis', 'recording_version', 'verified_label_evidence']"
CH0260,Taylor Swift,1,False,"['canonical_artist_ids', 'audio_path_or_authorized_reference', 'audio_sha256', 'audio_rights_basis', 'recording_version', 'verified_label_evidence']"
CH0261,Ke$ha,1,False,"['canonical_artist_ids', 'audio_path_or_authorized_reference', 'audio_sha256', 'audio_rights_basis', 'recording_version', 'verified_label_evidence']"
CH0262,Drake,1,False,"['canonical_artist_ids', 'audio_path_or_authorized_reference', 'audio_sha256', 'audio_rights_basis', 'recording_version', 'verified_label_evidence']"
CH0263,Maroon 5,1,False,"['canonical_artist_ids', 'audio_path_or_authorized_reference', 'audio_sha256', 'audio_rights_basis', 'recording_version', 'verified_label_evidence']"
CH0264,Lady Gaga,1,False,"['canonical_artist_ids', 'audio_path_or_authorized_reference', 'audio_sha256', 'audio_rights_basis', 'recording_version', 'verified_label_evidence']"
CH0265,Nicki Minaj,1,False,"['canonical_artist_ids', 'audio_path_or_authorized_reference', 'audio_sha256', 'audio_rights_basis', 'recording_version', 'verified_label_evidence']"
CH0266,Miley Cyrus,1,False,"['canonical_artist_ids', 'audio_path_or_authorized_reference', 'audio_sha256', 'audio_rights_basis', 'recording_version', 'verified_label_evidence']"
CH0267,Britney Spears,1,False,"['canonical_artist_ids', 'audio_path_or_authorized_reference', 'audio_sha256', 'audio_rights_basis', 'recording_version', 'verified_label_evidence']"
CH0268,Alicia Keys,1,False,"['canonical_artist_ids', 'audio_path_or_authorized_reference', 'audio_sha256', 'audio_rights_basis', 'recording_version', 'verified_label_evidence']"
CH0269,Usher,1,False,"['canonical_artist_ids', 'audio_path_or_authorized_reference', 'audio_sha256', 'audio_rights_basis', 'recording_version', 'verified_label_evidence']"
CH0270,Taylor Swift,1,False,"['canonical_artist_ids', 'audio_path_or_authorized_reference', 'audio_sha256', 'audio_rights_basis', 'recording_version', 'verified_label_evidence']"
CH0271,Beyonce,1,False,"['canonical_artist_ids', 'audio_path_or_authorized_reference', 'audio_sha256', 'audio_rights_basis', 'recording_version', 'verified_label_evidence']"
CH0272,Carrie Underwood,1,False,"['canonical_artist_ids', 'audio_path_or_authorized_reference', 'audio_sha256', 'audio_rights_basis', 'recording_version', 'verified_label_evidence']"
CH0273,Daughtry,1,False,"['canonical_artist_ids', 'audio_path_or_authorized_reference', 'audio_sha256', 'audio_rights_basis', 'recording_version', 'verified_label_evidence']"
CH0274,Alicia Keys,1,False,"['canonical_artist_ids', 'audio_path_or_authorized_reference', 'audio_sha256', 'audio_rights_basis', 'recording_version', 'verified_label_evidence']"
CH0275,Lady Gaga,1,False,"['canonical_artist_ids', 'audio_path_or_authorized_reference', 'audio_sha256', 'audio_rights_basis', 'recording_version', 'verified_label_evidence']"
CH0276,Taylor Swift,1,False,"['canonical_artist_ids', 'audio_path_or_authorized_reference', 'audio_sha256', 'audio_rights_basis', 'recording_version', 'verified_label_evidence']"
CH0277,Beyonce,1,False,"['canonical_artist_ids', 'audio_path_or_authorized_reference', 'audio_sha256', 'audio_rights_basis', 'recording_version', 'verified_label_evidence']"
CH0278,The Fray,1,False,"['canonical_artist_ids', 'audio_path_or_authorized_reference', 'audio_sha256', 'audio_rights_basis', 'recording_version', 'verified_label_evidence']"
CH0279,Miley Cyrus,1,False,"['canonical_artist_ids', 'audio_path_or_authorized_reference', 'audio_sha256', 'audio_rights_basis', 'recording_version', 'verified_label_evidence']"
CH0280,Drake,1,False,"['canonical_artist_ids', 'audio_path_or_authorized_reference', 'audio_sha256', 'audio_rights_basis', 'recording_version', 'verified_label_evidence']"
CH0281,Beyonce,1,False,"['canonical_artist_ids', 'audio_path_or_authorized_reference', 'audio_sha256', 'audio_rights_basis', 'recording_version', 'verified_label_evidence']"
CH0282,Katy Perry,1,False,"['canonical_artist_ids', 'audio_path_or_authorized_reference', 'audio_sha256', 'audio_rights_basis', 'recording_version', 'verified_label_evidence']"
CH0283,Britney Spears,1,False,"['canonical_artist_ids', 'audio_path_or_authorized_reference', 'audio_sha256', 'audio_rights_basis', 'recording_version', 'verified_label_evidence']"
CH0284,Lady Gaga,1,False,"['canonical_artist_ids', 'audio_path_or_authorized_reference', 'audio_sha256', 'audio_rights_basis', 'recording_version', 'verified_label_evidence']"
CH0285,Katy Perry,1,False,"['canonical_artist_ids', 'audio_path_or_authorized_reference', 'audio_sha256', 'audio_rights_basis', 'recording_version', 'verified_label_evidence']"
CH0286,P!nk,1,False,"['canonical_artist_ids', 'audio_path_or_authorized_reference', 'audio_sha256', 'audio_rights_basis', 'recording_version', 'verified_label_evidence']"
CH0287,Britney Spears,1,False,"['canonical_artist_ids', 'audio_path_or_authorized_reference', 'audio_sha256', 'audio_rights_basis', 'recording_version', 'verified_label_evidence']"
CH0288,Ne-Yo,1,False,"['canonical_artist_ids', 'audio_path_or_authorized_reference', 'audio_sha256', 'audio_rights_basis', 'recording_version', 'verified_label_evidence']"
CH0289,Kanye West,1,False,"['canonical_artist_ids', 'audio_path_or_authorized_reference', 'audio_sha256', 'audio_rights_basis', 'recording_version', 'verified_label_evidence']"
CH0290,P!nk,1,False,"['canonical_artist_ids', 'audio_path_or_authorized_reference', 'audio_sha256', 'audio_rights_basis', 'recording_version', 'verified_label_evidence']"
CH0291,Beyonce,1,False,"['canonical_artist_ids', 'audio_path_or_authorized_reference', 'audio_sha256', 'audio_rights_basis', 'recording_version', 'verified_label_evidence']"
CH0292,Nickelback,1,False,"['canonical_artist_ids', 'audio_path_or_authorized_reference', 'audio_sha256', 'audio_rights_basis', 'recording_version', 'verified_label_evidence']"
CH0293,P!nk,1,False,"['canonical_artist_ids', 'audio_path_or_authorized_reference', 'audio_sha256', 'audio_rights_basis', 'recording_version', 'verified_label_evidence']"
CH0294,Coldplay,1,False,"['canonical_artist_ids', 'audio_path_or_authorized_reference', 'audio_sha256', 'audio_rights_basis', 'recording_version', 'verified_label_evidence']"
CH0295,Akon,1,False,"['canonical_artist_ids', 'audio_path_or_authorized_reference', 'audio_sha256', 'audio_rights_basis', 'recording_version', 'verified_label_evidence']"
CH0296,Ne-Yo,1,False,"['canonical_artist_ids', 'audio_path_or_authorized_reference', 'audio_sha256', 'audio_rights_basis', 'recording_version', 'verified_label_evidence']"
CH0297,Daughtry,1,False,"['canonical_artist_ids', 'audio_path_or_authorized_reference', 'audio_sha256', 'audio_rights_basis', 'recording_version', 'verified_label_evidence']"
CH0298,Nickelback,1,False,"['canonical_artist_ids', 'audio_path_or_authorized_reference', 'audio_sha256', 'audio_rights_basis', 'recording_version', 'verified_label_evidence']"
CH0299,Britney Spears,1,False,"['canonical_artist_ids', 'audio_path_or_authorized_reference', 'audio_sha256', 'audio_rights_basis', 'recording_version', 'verified_label_evidence']"
CH0300,Taylor Swift,1,False,"['canonical_artist_ids', 'audio_path_or_authorized_reference', 'audio_sha256', 'audio_rights_basis', 'recording_version', 'verified_label_evidence']"
CH0301,Rihanna,1,False,"['canonical_artist_ids', 'audio_path_or_authorized_reference', 'audio_sha256', 'audio_rights_basis', 'recording_version', 'verified_label_evidence']"
CH0302,Beyonce,1,False,"['canonical_artist_ids', 'audio_path_or_authorized_reference', 'audio_sha256', 'audio_rights_basis', 'recording_version', 'verified_label_evidence']"
CH0303,Justin Bieber,1,False,"['canonical_artist_ids', 'audio_path_or_authorized_reference', 'audio_sha256', 'audio_rights_basis', 'recording_version', 'verified_label_evidence']"
CH0304,The Fray,1,False,"['canonical_artist_ids', 'audio_path_or_authorized_reference', 'audio_sha256', 'audio_rights_basis', 'recording_version', 'verified_label_evidence']"
CH0305,Leona Lewis,1,False,"['canonical_artist_ids', 'audio_path_or_authorized_reference', 'audio_sha256', 'audio_rights_basis', 'recording_version', 'verified_label_evidence']"
CH0306,Alicia Keys,1,False,"['canonical_artist_ids', 'audio_path_or_authorized_reference', 'audio_sha256', 'audio_rights_basis', 'recording_version', 'verified_label_evidence']"
CH0307,Chris Brown,1,False,"['canonical_artist_ids', 'audio_path_or_authorized_reference', 'audio_sha256', 'audio_rights_basis', 'recording_version', 'verified_label_evidence']"
CH0308,Chris Brown,1,False,"['canonical_artist_ids', 'audio_path_or_authorized_reference', 'audio_sha256', 'audio_rights_basis', 'recording_version', 'verified_label_evidence']"
CH0309,Rihanna,1,False,"['canonical_artist_ids', 'audio_path_or_authorized_reference', 'audio_sha256', 'audio_rights_basis', 'recording_version', 'verified_label_evidence']"
CH0310,Katy Perry,1,False,"['canonical_artist_ids', 'audio_path_or_authorized_reference', 'audio_sha256', 'audio_rights_basis', 'recording_version', 'verified_label_evidence']"
CH0311,Rihanna,1,False,"['canonical_artist_ids', 'audio_path_or_authorized_reference', 'audio_sha256', 'audio_rights_basis', 'recording_version', 'verified_label_evidence']"
CH0312,Ne-Yo,1,False,"['canonical_artist_ids', 'audio_path_or_authorized_reference', 'audio_sha256', 'audio_rights_basis', 'recording_version', 'verified_label_evidence']"
CH0313,Fergie,1,False,"['canonical_artist_ids', 'audio_path_or_authorized_reference', 'audio_sha256', 'audio_rights_basis', 'recording_version', 'verified_label_evidence']"
CH0314,Miley Cyrus,1,False,"['canonical_artist_ids', 'audio_path_or_authorized_reference', 'audio_sha256', 'audio_rights_basis', 'recording_version', 'verified_label_evidence']"
CH0315,Taylor Swift,1,False,"['canonical_artist_ids', 'audio_path_or_authorized_reference', 'audio_sha256', 'audio_rights_basis', 'recording_version', 'verified_label_evidence']"
CH0316,Lil Wayne,1,False,"['canonical_artist_ids', 'audio_path_or_authorized_reference', 'audio_sha256', 'audio_rights_basis', 'recording_version', 'verified_label_evidence']"
CH0317,Alicia Keys,1,False,"['canonical_artist_ids', 'audio_path_or_authorized_reference', 'audio_sha256', 'audio_rights_basis', 'recording_version', 'verified_label_evidence']"
CH0318,Taylor Swift,1,False,"['canonical_artist_ids', 'audio_path_or_authorized_reference', 'audio_sha256', 'audio_rights_basis', 'recording_version', 'verified_label_evidence']"
CH0319,Leona Lewis,1,False,"['canonical_artist_ids', 'audio_path_or_authorized_reference', 'audio_sha256', 'audio_rights_basis', 'recording_version', 'verified_label_evidence']"
CH0320,Jonas Brothers,1,False,"['canonical_artist_ids', 'audio_path_or_authorized_reference', 'audio_sha256', 'audio_rights_basis', 'recording_version', 'verified_label_evidence']"
CH0321,Fergie,1,False,"['canonical_artist_ids', 'audio_path_or_authorized_reference', 'audio_sha256', 'audio_rights_basis', 'recording_version', 'verified_label_evidence']"
CH0322,Britney Spears,1,False,"['canonical_artist_ids', 'audio_path_or_authorized_reference', 'audio_sha256', 'audio_rights_basis', 'recording_version', 'verified_label_evidence']"
CH0323,Miley Cyrus,1,False,"['canonical_artist_ids', 'audio_path_or_authorized_reference', 'audio_sha256', 'audio_rights_basis', 'recording_version', 'verified_label_evidence']"
CH0324,Daughtry,1,False,"['canonical_artist_ids', 'audio_path_or_authorized_reference', 'audio_sha256', 'audio_rights_basis', 'recording_version', 'verified_label_evidence']"
CH0325,Beyonce,1,False,"['canonical_artist_ids', 'audio_path_or_authorized_reference', 'audio_sha256', 'audio_rights_basis', 'recording_version', 'verified_label_evidence']"
CH0326,Carrie Underwood,1,False,"['canonical_artist_ids', 'audio_path_or_authorized_reference', 'audio_sha256', 'audio_rights_basis', 'recording_version', 'verified_label_evidence']"
CH0327,Akon,1,False,"['canonical_artist_ids', 'audio_path_or_authorized_reference', 'audio_sha256', 'audio_rights_basis', 'recording_version', 'verified_label_evidence']"
CH0328,Avril Lavigne,1,False,"['canonical_artist_ids', 'audio_path_or_authorized_reference', 'audio_sha256', 'audio_rights_basis', 'recording_version', 'verified_label_evidence']"
CH0329,Maroon 5,1,False,"['canonical_artist_ids', 'audio_path_or_authorized_reference', 'audio_sha256', 'audio_rights_basis', 'recording_version', 'verified_label_evidence']"
CH0330,Daughtry,1,False,"['canonical_artist_ids', 'audio_path_or_authorized_reference', 'audio_sha256', 'audio_rights_basis', 'recording_version', 'verified_label_evidence']"
CH0331,Fergie,1,False,"['canonical_artist_ids', 'audio_path_or_authorized_reference', 'audio_sha256', 'audio_rights_basis', 'recording_version', 'verified_label_evidence']"
CH0332,Justin Timberlake,1,False,"['canonical_artist_ids', 'audio_path_or_authorized_reference', 'audio_sha256', 'audio_rights_basis', 'recording_version', 'verified_label_evidence']"
CH0333,The Fray,1,False,"['canonical_artist_ids', 'audio_path_or_authorized_reference', 'audio_sha256', 'audio_rights_basis', 'recording_version', 'verified_label_evidence']"
CH0334,Daughtry,1,False,"['canonical_artist_ids', 'audio_path_or_authorized_reference', 'audio_sha256', 'audio_rights_basis', 'recording_version', 'verified_label_evidence']"
CH0335,Kanye West,1,False,"['canonical_artist_ids', 'audio_path_or_authorized_reference', 'audio_sha256', 'audio_rights_basis', 'recording_version', 'verified_label_evidence']"
CH0336,P!nk,1,False,"['canonical_artist_ids', 'audio_path_or_authorized_reference', 'audio_sha256', 'audio_rights_basis', 'recording_version', 'verified_label_evidence']"
CH0337,Nickelback,1,False,"['canonical_artist_ids', 'audio_path_or_authorized_reference', 'audio_sha256', 'audio_rights_basis', 'recording_version', 'verified_label_evidence']"
CH0338,Justin Timberlake,1,False,"['canonical_artist_ids', 'audio_path_or_authorized_reference', 'audio_sha256', 'audio_rights_basis', 'recording_version', 'verified_label_evidence']"
CH0339,Nickelback,1,False,"['canonical_artist_ids', 'audio_path_or_authorized_reference', 'audio_sha256', 'audio_rights_basis', 'recording_version', 'verified_label_evidence']"
CH0340,Ne-Yo,1,False,"['canonical_artist_ids', 'audio_path_or_authorized_reference', 'audio_sha256', 'audio_rights_basis', 'recording_version', 'verified_label_evidence']"
CH0341,Justin Timberlake,1,False,"['canonical_artist_ids', 'audio_path_or_authorized_reference', 'audio_sha256', 'audio_rights_basis', 'recording_version', 'verified_label_evidence']"
CH0342,Avril Lavigne,1,False,"['canonical_artist_ids', 'audio_path_or_authorized_reference', 'audio_sha256', 'audio_rights_basis', 'recording_version', 'verified_label_evidence']"
CH0343,P!nk,1,False,"['canonical_artist_ids', 'audio_path_or_authorized_reference', 'audio_sha256', 'audio_rights_basis', 'recording_version', 'verified_label_evidence']"
CH0344,Gwen Stefani,1,False,"['canonical_artist_ids', 'audio_path_or_authorized_reference', 'audio_sha256', 'audio_rights_basis', 'recording_version', 'verified_label_evidence']"
CH0345,Rihanna,1,False,"['canonical_artist_ids', 'audio_path_or_authorized_reference', 'audio_sha256', 'audio_rights_basis', 'recording_version', 'verified_label_evidence']"
CH0346,Nickelback,1,False,"['canonical_artist_ids', 'audio_path_or_authorized_reference', 'audio_sha256', 'audio_rights_basis', 'recording_version', 'verified_label_evidence']"
CH0347,Justin Timberlake,1,False,"['canonical_artist_ids', 'audio_path_or_authorized_reference', 'audio_sha256', 'audio_rights_basis', 'recording_version', 'verified_label_evidence']"
CH0348,Sean Paul,1,False,"['canonical_artist_ids', 'audio_path_or_authorized_reference', 'audio_sha256', 'audio_rights_basis', 'recording_version', 'verified_label_evidence']"
CH0349,The Fray,1,False,"['canonical_artist_ids', 'audio_path_or_authorized_reference', 'audio_sha256', 'audio_rights_basis', 'recording_version', 'verified_label_evidence']"
CH0350,Chris Brown,1,False,"['canonical_artist_ids', 'audio_path_or_authorized_reference', 'audio_sha256', 'audio_rights_basis', 'recording_version', 'verified_label_evidence']"
CH0351,Ne-Yo,1,False,"['canonical_artist_ids', 'audio_path_or_authorized_reference', 'audio_sha256', 'audio_rights_basis', 'recording_version', 'verified_label_evidence']"
CH0352,Rihanna,1,False,"['canonical_artist_ids', 'audio_path_or_authorized_reference', 'audio_sha256', 'audio_rights_basis', 'recording_version', 'verified_label_evidence']"
CH0353,Fergie,1,False,"['canonical_artist_ids', 'audio_path_or_authorized_reference', 'audio_sha256', 'audio_rights_basis', 'recording_version', 'verified_label_evidence']"
CH0354,Rascal Flatts,1,False,"['canonical_artist_ids', 'audio_path_or_authorized_reference', 'audio_sha256', 'audio_rights_basis', 'recording_version', 'verified_label_evidence']"
CH0355,Rihanna,1,False,"['canonical_artist_ids', 'audio_path_or_authorized_reference', 'audio_sha256', 'audio_rights_basis', 'recording_version', 'verified_label_evidence']"
CH0356,Chris Brown,1,False,"['canonical_artist_ids', 'audio_path_or_authorized_reference', 'audio_sha256', 'audio_rights_basis', 'recording_version', 'verified_label_evidence']"
CH0357,T.I.,1,False,"['canonical_artist_ids', 'audio_path_or_authorized_reference', 'audio_sha256', 'audio_rights_basis', 'recording_version', 'verified_label_evidence']"
CH0358,Nickelback,1,False,"['canonical_artist_ids', 'audio_path_or_authorized_reference', 'audio_sha256', 'audio_rights_basis', 'recording_version', 'verified_label_evidence']"
CH0359,Ne-Yo,1,False,"['canonical_artist_ids', 'audio_path_or_authorized_reference', 'audio_sha256', 'audio_rights_basis', 'recording_version', 'verified_label_evidence']"
CH0360,Rascal Flatts,1,False,"['canonical_artist_ids', 'audio_path_or_authorized_reference', 'audio_sha256', 'audio_rights_basis', 'recording_version', 'verified_label_evidence']"
CH0361,Carrie Underwood,1,False,"['canonical_artist_ids', 'audio_path_or_authorized_reference', 'audio_sha256', 'audio_rights_basis', 'recording_version', 'verified_label_evidence']"
CH0362,Sean Paul,1,False,"['canonical_artist_ids', 'audio_path_or_authorized_reference', 'audio_sha256', 'audio_rights_basis', 'recording_version', 'verified_label_evidence']"
CH0363,Chris Brown,1,False,"['canonical_artist_ids', 'audio_path_or_authorized_reference', 'audio_sha256', 'audio_rights_basis', 'recording_version', 'verified_label_evidence']"
CH0364,Eminem,1,False,"['canonical_artist_ids', 'audio_path_or_authorized_reference', 'audio_sha256', 'audio_rights_basis', 'recording_version', 'verified_label_evidence']"
CH0365,Ne-Yo,1,False,"['canonical_artist_ids', 'audio_path_or_authorized_reference', 'audio_sha256', 'audio_rights_basis', 'recording_version', 'verified_label_evidence']"
CH0366,P!nk,1,False,"['canonical_artist_ids', 'audio_path_or_authorized_reference', 'audio_sha256', 'audio_rights_basis', 'recording_version', 'verified_label_evidence']"
CH0367,Adele,0,False,"['canonical_artist_ids', 'audio_path_or_authorized_reference', 'audio_sha256', 'audio_rights_basis', 'recording_version', 'verified_label_evidence']"
CH0368,Taylor Swift,0,False,"['canonical_artist_ids', 'audio_path_or_authorized_reference', 'audio_sha256', 'audio_rights_basis', 'recording_version', 'verified_label_evidence']"
CH0369,Adele,0,False,"['canonical_artist_ids', 'audio_path_or_authorized_reference', 'audio_sha256', 'audio_rights_basis', 'recording_version', 'verified_label_evidence']"
CH0370,Ed Sheeran,0,False,"['canonical_artist_ids', 'audio_path_or_authorized_reference', 'audio_sha256', 'audio_rights_basis', 'recording_version', 'verified_label_evidence']"
CH0371,Adele,0,False,"['canonical_artist_ids', 'audio_path_or_authorized_reference', 'audio_sha256', 'audio_rights_basis', 'recording_version', 'verified_label_evidence']"
CH0372,Adele,0,False,"['canonical_artist_ids', 'audio_path_or_authorized_reference', 'audio_sha256', 'audio_rights_basis', 'recording_version', 'verified_label_evidence']"
CH0373,Adele,0,False,"['canonical_artist_ids', 'audio_path_or_authorized_reference', 'audio_sha256', 'audio_rights_basis', 'recording_version', 'verified_label_evidence']"
CH0374,Adele,0,False,"['canonical_artist_ids', 'audio_path_or_authorized_reference', 'audio_sha256', 'audio_rights_basis', 'recording_version', 'verified_label_evidence']"
CH0375,Justin Bieber,0,False,"['canonical_artist_ids', 'audio_path_or_authorized_reference', 'audio_sha256', 'audio_rights_basis', 'recording_version', 'verified_label_evidence']"
CH0376,Adele,0,False,"['canonical_artist_ids', 'audio_path_or_authorized_reference', 'audio_sha256', 'audio_rights_basis', 'recording_version', 'verified_label_evidence']"
CH0377,Lil Nas X,0,False,"['canonical_artist_ids', 'audio_path_or_authorized_reference', 'audio_sha256', 'audio_rights_basis', 'recording_version', 'verified_label_evidence']"
CH0378,Adele,0,False,"['canonical_artist_ids', 'audio_path_or_authorized_reference', 'audio_sha256', 'audio_rights_basis', 'recording_version', 'verified_label_evidence']"
CH0379,Luke Combs,0,False,"['canonical_artist_ids', 'audio_path_or_authorized_reference', 'audio_sha256', 'audio_rights_basis', 'recording_version', 'verified_label_evidence']"
CH0380,Adele,0,False,"['canonical_artist_ids', 'audio_path_or_authorized_reference', 'audio_sha256', 'audio_rights_basis', 'recording_version', 'verified_label_evidence']"
CH0381,Adele,0,False,"['canonical_artist_ids', 'audio_path_or_authorized_reference', 'audio_sha256', 'audio_rights_basis', 'recording_version', 'verified_label_evidence']"
CH0382,Adele,0,False,"['canonical_artist_ids', 'audio_path_or_authorized_reference', 'audio_sha256', 'audio_rights_basis', 'recording_version', 'verified_label_evidence']"
CH0383,Juice WRLD,0,False,"['canonical_artist_ids', 'audio_path_or_authorized_reference', 'audio_sha256', 'audio_rights_basis', 'recording_version', 'verified_label_evidence']"
CH0384,Morgan Wallen,0,False,"['canonical_artist_ids', 'audio_path_or_authorized_reference', 'audio_sha256', 'audio_rights_basis', 'recording_version', 'verified_label_evidence']"
CH0385,Taylor Swift,0,False,"['canonical_artist_ids', 'audio_path_or_authorized_reference', 'audio_sha256', 'audio_rights_basis', 'recording_version', 'verified_label_evidence']"
CH0386,Doja Cat,0,False,"['canonical_artist_ids', 'audio_path_or_authorized_reference', 'audio_sha256', 'audio_rights_basis', 'recording_version', 'verified_label_evidence']"
CH0387,Luke Combs,0,False,"['canonical_artist_ids', 'audio_path_or_authorized_reference', 'audio_sha256', 'audio_rights_basis', 'recording_version', 'verified_label_evidence']"
CH0388,Taylor Swift,0,False,"['canonical_artist_ids', 'audio_path_or_authorized_reference', 'audio_sha256', 'audio_rights_basis', 'recording_version', 'verified_label_evidence']"
CH0389,Travis Scott,0,False,"['canonical_artist_ids', 'audio_path_or_authorized_reference', 'audio_sha256', 'audio_rights_basis', 'recording_version', 'verified_label_evidence']"
CH0390,Jonas Brothers,0,False,"['canonical_artist_ids', 'audio_path_or_authorized_reference', 'audio_sha256', 'audio_rights_basis', 'recording_version', 'verified_label_evidence']"
CH0391,BTS,0,False,"['canonical_artist_ids', 'audio_path_or_authorized_reference', 'audio_sha256', 'audio_rights_basis', 'recording_version', 'verified_label_evidence']"
CH0392,Post Malone,0,False,"['canonical_artist_ids', 'audio_path_or_authorized_reference', 'audio_sha256', 'audio_rights_basis', 'recording_version', 'verified_label_evidence']"
CH0393,Doja Cat,0,False,"['canonical_artist_ids', 'audio_path_or_authorized_reference', 'audio_sha256', 'audio_rights_basis', 'recording_version', 'verified_label_evidence']"
CH0394,Camila Cabello,0,False,"['canonical_artist_ids', 'audio_path_or_authorized_reference', 'audio_sha256', 'audio_rights_basis', 'recording_version', 'verified_label_evidence']"
CH0395,DaBaby,0,False,"['canonical_artist_ids', 'audio_path_or_authorized_reference', 'audio_sha256', 'audio_rights_basis', 'recording_version', 'verified_label_evidence']"
CH0396,Olivia Rodrigo,0,False,"['canonical_artist_ids', 'audio_path_or_authorized_reference', 'audio_sha256', 'audio_rights_basis', 'recording_version', 'verified_label_evidence']"
CH0397,Olivia Rodrigo,0,False,"['canonical_artist_ids', 'audio_path_or_authorized_reference', 'audio_sha256', 'audio_rights_basis', 'recording_version', 'verified_label_evidence']"
CH0398,DaBaby,0,False,"['canonical_artist_ids', 'audio_path_or_authorized_reference', 'audio_sha256', 'audio_rights_basis', 'recording_version', 'verified_label_evidence']"
CH0399,Billie Eilish,0,False,"['canonical_artist_ids', 'audio_path_or_authorized_reference', 'audio_sha256', 'audio_rights_basis', 'recording_version', 'verified_label_evidence']"
CH0400,Olivia Rodrigo,0,False,"['canonical_artist_ids', 'audio_path_or_authorized_reference', 'audio_sha256', 'audio_rights_basis', 'recording_version', 'verified_label_evidence']"
CH0401,Justin Bieber,0,False,"['canonical_artist_ids', 'audio_path_or_authorized_reference', 'audio_sha256', 'audio_rights_basis', 'recording_version', 'verified_label_evidence']"
CH0402,DaBaby,0,False,"['canonical_artist_ids', 'audio_path_or_authorized_reference', 'audio_sha256', 'audio_rights_basis', 'recording_version', 'verified_label_evidence']"
CH0403,Justin Bieber,0,False,"['canonical_artist_ids', 'audio_path_or_authorized_reference', 'audio_sha256', 'audio_rights_basis', 'recording_version', 'verified_label_evidence']"
CH0404,Morgan Wallen,0,False,"['canonical_artist_ids', 'audio_path_or_authorized_reference', 'audio_sha256', 'audio_rights_basis', 'recording_version', 'verified_label_evidence']"
CH0405,Justin Bieber,0,False,"['canonical_artist_ids', 'audio_path_or_authorized_reference', 'audio_sha256', 'audio_rights_basis', 'recording_version', 'verified_label_evidence']"
CH0406,Ariana Grande,0,False,"['canonical_artist_ids', 'audio_path_or_authorized_reference', 'audio_sha256', 'audio_rights_basis', 'recording_version', 'verified_label_evidence']"
CH0407,Lil Nas X,0,False,"['canonical_artist_ids', 'audio_path_or_authorized_reference', 'audio_sha256', 'audio_rights_basis', 'recording_version', 'verified_label_evidence']"
CH0408,Ed Sheeran,0,False,"['canonical_artist_ids', 'audio_path_or_authorized_reference', 'audio_sha256', 'audio_rights_basis', 'recording_version', 'verified_label_evidence']"
CH0409,Eminem,0,False,"['canonical_artist_ids', 'audio_path_or_authorized_reference', 'audio_sha256', 'audio_rights_basis', 'recording_version', 'verified_label_evidence']"
CH0410,Justin Bieber,0,False,"['canonical_artist_ids', 'audio_path_or_authorized_reference', 'audio_sha256', 'audio_rights_basis', 'recording_version', 'verified_label_evidence']"
CH0411,Carrie Underwood,0,False,"['canonical_artist_ids', 'audio_path_or_authorized_reference', 'audio_sha256', 'audio_rights_basis', 'recording_version', 'verified_label_evidence']"
CH0412,Taylor Swift,0,False,"['canonical_artist_ids', 'audio_path_or_authorized_reference', 'audio_sha256', 'audio_rights_basis', 'recording_version', 'verified_label_evidence']"
CH0413,Morgan Wallen,0,False,"['canonical_artist_ids', 'audio_path_or_authorized_reference', 'audio_sha256', 'audio_rights_basis', 'recording_version', 'verified_label_evidence']"
CH0414,Taylor Swift,0,False,"['canonical_artist_ids', 'audio_path_or_authorized_reference', 'audio_sha256', 'audio_rights_basis', 'recording_version', 'verified_label_evidence']"
CH0415,Harry Styles,0,False,"['canonical_artist_ids', 'audio_path_or_authorized_reference', 'audio_sha256', 'audio_rights_basis', 'recording_version', 'verified_label_evidence']"
CH0416,BTS,0,False,"['canonical_artist_ids', 'audio_path_or_authorized_reference', 'audio_sha256', 'audio_rights_basis', 'recording_version', 'verified_label_evidence']"
CH0417,BTS,0,False,"['canonical_artist_ids', 'audio_path_or_authorized_reference', 'audio_sha256', 'audio_rights_basis', 'recording_version', 'verified_label_evidence']"
CH0418,BTS,0,False,"['canonical_artist_ids', 'audio_path_or_authorized_reference', 'audio_sha256', 'audio_rights_basis', 'recording_version', 'verified_label_evidence']"
CH0419,Morgan Wallen,0,False,"['canonical_artist_ids', 'audio_path_or_authorized_reference', 'audio_sha256', 'audio_rights_basis', 'recording_version', 'verified_label_evidence']"
CH0420,Morgan Wallen,0,False,"['canonical_artist_ids', 'audio_path_or_authorized_reference', 'audio_sha256', 'audio_rights_basis', 'recording_version', 'verified_label_evidence']"
CH0421,Shawn Mendes,0,False,"['canonical_artist_ids', 'audio_path_or_authorized_reference', 'audio_sha256', 'audio_rights_basis', 'recording_version', 'verified_label_evidence']"
CH0422,BTS,0,False,"['canonical_artist_ids', 'audio_path_or_authorized_reference', 'audio_sha256', 'audio_rights_basis', 'recording_version', 'verified_label_evidence']"
CH0423,BTS,0,False,"['canonical_artist_ids', 'audio_path_or_authorized_reference', 'audio_sha256', 'audio_rights_basis', 'recording_version', 'verified_label_evidence']"
CH0424,BTS,0,False,"['canonical_artist_ids', 'audio_path_or_authorized_reference', 'audio_sha256', 'audio_rights_basis', 'recording_version', 'verified_label_evidence']"
CH0425,Miley Cyrus,0,False,"['canonical_artist_ids', 'audio_path_or_authorized_reference', 'audio_sha256', 'audio_rights_basis', 'recording_version', 'verified_label_evidence']"
CH0426,Morgan Wallen,0,False,"['canonical_artist_ids', 'audio_path_or_authorized_reference', 'audio_sha256', 'audio_rights_basis', 'recording_version', 'verified_label_evidence']"
CH0427,Morgan Wallen,0,False,"['canonical_artist_ids', 'audio_path_or_authorized_reference', 'audio_sha256', 'audio_rights_basis', 'recording_version', 'verified_label_evidence']"
CH0428,Juice WRLD,0,False,"['canonical_artist_ids', 'audio_path_or_authorized_reference', 'audio_sha256', 'audio_rights_basis', 'recording_version', 'verified_label_evidence']"
CH0429,Juice WRLD,0,False,"['canonical_artist_ids', 'audio_path_or_authorized_reference', 'audio_sha256', 'audio_rights_basis', 'recording_version', 'verified_label_evidence']"
CH0430,Juice WRLD,0,False,"['canonical_artist_ids', 'audio_path_or_authorized_reference', 'audio_sha256', 'audio_rights_basis', 'recording_version', 'verified_label_evidence']"
CH0431,Pop Smoke,0,False,"['canonical_artist_ids', 'audio_path_or_authorized_reference', 'audio_sha256', 'audio_rights_basis', 'recording_version', 'verified_label_evidence']"
CH0432,Juice WRLD,0,False,"['canonical_artist_ids', 'audio_path_or_authorized_reference', 'audio_sha256', 'audio_rights_basis', 'recording_version', 'verified_label_evidence']"
CH0433,Juice WRLD,0,False,"['canonical_artist_ids', 'audio_path_or_authorized_reference', 'audio_sha256', 'audio_rights_basis', 'recording_version', 'verified_label_evidence']"
CH0434,Juice WRLD,0,False,"['canonical_artist_ids', 'audio_path_or_authorized_reference', 'audio_sha256', 'audio_rights_basis', 'recording_version', 'verified_label_evidence']"
CH0435,Pop Smoke,0,False,"['canonical_artist_ids', 'audio_path_or_authorized_reference', 'audio_sha256', 'audio_rights_basis', 'recording_version', 'verified_label_evidence']"
CH0436,Juice WRLD,0,False,"['canonical_artist_ids', 'audio_path_or_authorized_reference', 'audio_sha256', 'audio_rights_basis', 'recording_version', 'verified_label_evidence']"
CH0437,Juice WRLD,0,False,"['canonical_artist_ids', 'audio_path_or_authorized_reference', 'audio_sha256', 'audio_rights_basis', 'recording_version', 'verified_label_evidence']"
CH0438,Juice WRLD,0,False,"['canonical_artist_ids', 'audio_path_or_authorized_reference', 'audio_sha256', 'audio_rights_basis', 'recording_version', 'verified_label_evidence']"
CH0439,Juice WRLD,0,False,"['canonical_artist_ids', 'audio_path_or_authorized_reference', 'audio_sha256', 'audio_rights_basis', 'recording_version', 'verified_label_evidence']"
CH0440,Juice WRLD,0,False,"['canonical_artist_ids', 'audio_path_or_authorized_reference', 'audio_sha256', 'audio_rights_basis', 'recording_version', 'verified_label_evidence']"
CH0441,The Weeknd,0,False,"['canonical_artist_ids', 'audio_path_or_authorized_reference', 'audio_sha256', 'audio_rights_basis', 'recording_version', 'verified_label_evidence']"
CH0442,The Weeknd,0,False,"['canonical_artist_ids', 'audio_path_or_authorized_reference', 'audio_sha256', 'audio_rights_basis', 'recording_version', 'verified_label_evidence']"
CH0443,The Weeknd,0,False,"['canonical_artist_ids', 'audio_path_or_authorized_reference', 'audio_sha256', 'audio_rights_basis', 'recording_version', 'verified_label_evidence']"
CH0444,The Weeknd,0,False,"['canonical_artist_ids', 'audio_path_or_authorized_reference', 'audio_sha256', 'audio_rights_basis', 'recording_version', 'verified_label_evidence']"
CH0445,The Weeknd,0,False,"['canonical_artist_ids', 'audio_path_or_authorized_reference', 'audio_sha256', 'audio_rights_basis', 'recording_version', 'verified_label_evidence']"
CH0446,Lady Gaga,0,False,"['canonical_artist_ids', 'audio_path_or_authorized_reference', 'audio_sha256', 'audio_rights_basis', 'recording_version', 'verified_label_evidence']"
CH0447,The Weeknd,0,False,"['canonical_artist_ids', 'audio_path_or_authorized_reference', 'audio_sha256', 'audio_rights_basis', 'recording_version', 'verified_label_evidence']"
CH0448,The Weeknd,0,False,"['canonical_artist_ids', 'audio_path_or_authorized_reference', 'audio_sha256', 'audio_rights_basis', 'recording_version', 'verified_label_evidence']"
CH0449,The Weeknd,0,False,"['canonical_artist_ids', 'audio_path_or_authorized_reference', 'audio_sha256', 'audio_rights_basis', 'recording_version', 'verified_label_evidence']"
CH0450,The Weeknd,0,False,"['canonical_artist_ids', 'audio_path_or_authorized_reference', 'audio_sha256', 'audio_rights_basis', 'recording_version', 'verified_label_evidence']"
CH0451,The Weeknd,0,False,"['canonical_artist_ids', 'audio_path_or_authorized_reference', 'audio_sha256', 'audio_rights_basis', 'recording_version', 'verified_label_evidence']"
CH0452,Jonas Brothers,0,False,"['canonical_artist_ids', 'audio_path_or_authorized_reference', 'audio_sha256', 'audio_rights_basis', 'recording_version', 'verified_label_evidence']"
CH0453,Sam Smith,0,False,"['canonical_artist_ids', 'audio_path_or_authorized_reference', 'audio_sha256', 'audio_rights_basis', 'recording_version', 'verified_label_evidence']"
CH0454,Jonas Brothers,0,False,"['canonical_artist_ids', 'audio_path_or_authorized_reference', 'audio_sha256', 'audio_rights_basis', 'recording_version', 'verified_label_evidence']"
CH0455,Taylor Swift,0,False,"['canonical_artist_ids', 'audio_path_or_authorized_reference', 'audio_sha256', 'audio_rights_basis', 'recording_version', 'verified_label_evidence']"
CH0456,Halsey,0,False,"['canonical_artist_ids', 'audio_path_or_authorized_reference', 'audio_sha256', 'audio_rights_basis', 'recording_version', 'verified_label_evidence']"
CH0457,DaBaby,0,False,"['canonical_artist_ids', 'audio_path_or_authorized_reference', 'audio_sha256', 'audio_rights_basis', 'recording_version', 'verified_label_evidence']"
CH0458,Juice WRLD,0,False,"['canonical_artist_ids', 'audio_path_or_authorized_reference', 'audio_sha256', 'audio_rights_basis', 'recording_version', 'verified_label_evidence']"
CH0459,Doja Cat,0,False,"['canonical_artist_ids', 'audio_path_or_authorized_reference', 'audio_sha256', 'audio_rights_basis', 'recording_version', 'verified_label_evidence']"
CH0460,Billie Eilish,0,False,"['canonical_artist_ids', 'audio_path_or_authorized_reference', 'audio_sha256', 'audio_rights_basis', 'recording_version', 'verified_label_evidence']"
CH0461,Kanye West,0,False,"['canonical_artist_ids', 'audio_path_or_authorized_reference', 'audio_sha256', 'audio_rights_basis', 'recording_version', 'verified_label_evidence']"
CH0462,Katy Perry,0,False,"['canonical_artist_ids', 'audio_path_or_authorized_reference', 'audio_sha256', 'audio_rights_basis', 'recording_version', 'verified_label_evidence']"
CH0463,Taylor Swift,0,False,"['canonical_artist_ids', 'audio_path_or_authorized_reference', 'audio_sha256', 'audio_rights_basis', 'recording_version', 'verified_label_evidence']"
CH0464,Halsey,0,False,"['canonical_artist_ids', 'audio_path_or_authorized_reference', 'audio_sha256', 'audio_rights_basis', 'recording_version', 'verified_label_evidence']"
CH0465,Jonas Brothers,0,False,"['canonical_artist_ids', 'audio_path_or_authorized_reference', 'audio_sha256', 'audio_rights_basis', 'recording_version', 'verified_label_evidence']"
CH0466,Beyonce,0,False,"['canonical_artist_ids', 'audio_path_or_authorized_reference', 'audio_sha256', 'audio_rights_basis', 'recording_version', 'verified_label_evidence']"
CH0467,Carrie Underwood,0,False,"['canonical_artist_ids', 'audio_path_or_authorized_reference', 'audio_sha256', 'audio_rights_basis', 'recording_version', 'verified_label_evidence']"
CH0468,Nicki Minaj,0,False,"['canonical_artist_ids', 'audio_path_or_authorized_reference', 'audio_sha256', 'audio_rights_basis', 'recording_version', 'verified_label_evidence']"
CH0469,Imagine Dragons,0,False,"['canonical_artist_ids', 'audio_path_or_authorized_reference', 'audio_sha256', 'audio_rights_basis', 'recording_version', 'verified_label_evidence']"
CH0470,Lil Baby,0,False,"['canonical_artist_ids', 'audio_path_or_authorized_reference', 'audio_sha256', 'audio_rights_basis', 'recording_version', 'verified_label_evidence']"
CH0471,Billie Eilish,0,False,"['canonical_artist_ids', 'audio_path_or_authorized_reference', 'audio_sha256', 'audio_rights_basis', 'recording_version', 'verified_label_evidence']"
CH0472,Juice WRLD,0,False,"['canonical_artist_ids', 'audio_path_or_authorized_reference', 'audio_sha256', 'audio_rights_basis', 'recording_version', 'verified_label_evidence']"
CH0473,Chris Brown,0,False,"['canonical_artist_ids', 'audio_path_or_authorized_reference', 'audio_sha256', 'audio_rights_basis', 'recording_version', 'verified_label_evidence']"
CH0474,Juice WRLD,0,False,"['canonical_artist_ids', 'audio_path_or_authorized_reference', 'audio_sha256', 'audio_rights_basis', 'recording_version', 'verified_label_evidence']"
CH0475,Carrie Underwood,0,False,"['canonical_artist_ids', 'audio_path_or_authorized_reference', 'audio_sha256', 'audio_rights_basis', 'recording_version', 'verified_label_evidence']"
CH0476,Katy Perry,0,False,"['canonical_artist_ids', 'audio_path_or_authorized_reference', 'audio_sha256', 'audio_rights_basis', 'recording_version', 'verified_label_evidence']"
CH0477,Luke Combs,0,False,"['canonical_artist_ids', 'audio_path_or_authorized_reference', 'audio_sha256', 'audio_rights_basis', 'recording_version', 'verified_label_evidence']"
CH0478,Lil Wayne,0,False,"['canonical_artist_ids', 'audio_path_or_authorized_reference', 'audio_sha256', 'audio_rights_basis', 'recording_version', 'verified_label_evidence']"
CH0479,XXXTENTACION,0,False,"['canonical_artist_ids', 'audio_path_or_authorized_reference', 'audio_sha256', 'audio_rights_basis', 'recording_version', 'verified_label_evidence']"
CH0480,Ariana Grande,0,False,"['canonical_artist_ids', 'audio_path_or_authorized_reference', 'audio_sha256', 'audio_rights_basis', 'recording_version', 'verified_label_evidence']"
CH0481,Camila Cabello,0,False,"['canonical_artist_ids', 'audio_path_or_authorized_reference', 'audio_sha256', 'audio_rights_basis', 'recording_version', 'verified_label_evidence']"
CH0482,Juice WRLD,0,False,"['canonical_artist_ids', 'audio_path_or_authorized_reference', 'audio_sha256', 'audio_rights_basis', 'recording_version', 'verified_label_evidence']"
CH0483,Billie Eilish,0,False,"['canonical_artist_ids', 'audio_path_or_authorized_reference', 'audio_sha256', 'audio_rights_basis', 'recording_version', 'verified_label_evidence']"
CH0484,Drake,0,False,"['canonical_artist_ids', 'audio_path_or_authorized_reference', 'audio_sha256', 'audio_rights_basis', 'recording_version', 'verified_label_evidence']"
CH0485,Juice WRLD,0,False,"['canonical_artist_ids', 'audio_path_or_authorized_reference', 'audio_sha256', 'audio_rights_basis', 'recording_version', 'verified_label_evidence']"
CH0486,Carrie Underwood,0,False,"['canonical_artist_ids', 'audio_path_or_authorized_reference', 'audio_sha256', 'audio_rights_basis', 'recording_version', 'verified_label_evidence']"
CH0487,twenty one pilots,0,False,"['canonical_artist_ids', 'audio_path_or_authorized_reference', 'audio_sha256', 'audio_rights_basis', 'recording_version', 'verified_label_evidence']"
CH0488,Kanye West,0,False,"['canonical_artist_ids', 'audio_path_or_authorized_reference', 'audio_sha256', 'audio_rights_basis', 'recording_version', 'verified_label_evidence']"
CH0489,Billie Eilish,0,False,"['canonical_artist_ids', 'audio_path_or_authorized_reference', 'audio_sha256', 'audio_rights_basis', 'recording_version', 'verified_label_evidence']"
CH0490,Drake,0,False,"['canonical_artist_ids', 'audio_path_or_authorized_reference', 'audio_sha256', 'audio_rights_basis', 'recording_version', 'verified_label_evidence']"
CH0491,Drake,0,False,"['canonical_artist_ids', 'audio_path_or_authorized_reference', 'audio_sha256', 'audio_rights_basis', 'recording_version', 'verified_label_evidence']"
CH0492,Meghan Trainor,0,False,"['canonical_artist_ids', 'audio_path_or_authorized_reference', 'audio_sha256', 'audio_rights_basis', 'recording_version', 'verified_label_evidence']"
CH0493,P!nk,0,False,"['canonical_artist_ids', 'audio_path_or_authorized_reference', 'audio_sha256', 'audio_rights_basis', 'recording_version', 'verified_label_evidence']"
CH0494,Chris Brown,0,False,"['canonical_artist_ids', 'audio_path_or_authorized_reference', 'audio_sha256', 'audio_rights_basis', 'recording_version', 'verified_label_evidence']"
CH0495,XXXTENTACION,0,False,"['canonical_artist_ids', 'audio_path_or_authorized_reference', 'audio_sha256', 'audio_rights_basis', 'recording_version', 'verified_label_evidence']"
CH0496,Post Malone,0,False,"['canonical_artist_ids', 'audio_path_or_authorized_reference', 'audio_sha256', 'audio_rights_basis', 'recording_version', 'verified_label_evidence']"
CH0497,Taylor Swift,0,False,"['canonical_artist_ids', 'audio_path_or_authorized_reference', 'audio_sha256', 'audio_rights_basis', 'recording_version', 'verified_label_evidence']"
CH0498,Lil Baby,0,False,"['canonical_artist_ids', 'audio_path_or_authorized_reference', 'audio_sha256', 'audio_rights_basis', 'recording_version', 'verified_label_evidence']"
CH0499,Eminem,0,False,"['canonical_artist_ids', 'audio_path_or_authorized_reference', 'audio_sha256', 'audio_rights_basis', 'recording_version', 'verified_label_evidence']"
CH0500,Luke Combs,0,False,"['canonical_artist_ids', 'audio_path_or_authorized_reference', 'audio_sha256', 'audio_rights_basis', 'recording_version', 'verified_label_evidence']"
CH0501,Taylor Swift,0,False,"['canonical_artist_ids', 'audio_path_or_authorized_reference', 'audio_sha256', 'audio_rights_basis', 'recording_version', 'verified_label_evidence']"
CH0502,XXXTENTACION,0,False,"['canonical_artist_ids', 'audio_path_or_authorized_reference', 'audio_sha256', 'audio_rights_basis', 'recording_version', 'verified_label_evidence']"
CH0503,Taylor Swift,0,False,"['canonical_artist_ids', 'audio_path_or_authorized_reference', 'audio_sha256', 'audio_rights_basis', 'recording_version', 'verified_label_evidence']"
CH0504,Chris Brown,0,False,"['canonical_artist_ids', 'audio_path_or_authorized_reference', 'audio_sha256', 'audio_rights_basis', 'recording_version', 'verified_label_evidence']"
CH0505,Post Malone,0,False,"['canonical_artist_ids', 'audio_path_or_authorized_reference', 'audio_sha256', 'audio_rights_basis', 'recording_version', 'verified_label_evidence']"
CH0506,Bruno Mars,0,False,"['canonical_artist_ids', 'audio_path_or_authorized_reference', 'audio_sha256', 'audio_rights_basis', 'recording_version', 'verified_label_evidence']"
CH0507,Travis Scott,0,False,"['canonical_artist_ids', 'audio_path_or_authorized_reference', 'audio_sha256', 'audio_rights_basis', 'recording_version', 'verified_label_evidence']"
CH0508,Rascal Flatts,0,False,"['canonical_artist_ids', 'audio_path_or_authorized_reference', 'audio_sha256', 'audio_rights_basis', 'recording_version', 'verified_label_evidence']"
CH0509,Camila Cabello,0,False,"['canonical_artist_ids', 'audio_path_or_authorized_reference', 'audio_sha256', 'audio_rights_basis', 'recording_version', 'verified_label_evidence']"
CH0510,Chris Brown,0,False,"['canonical_artist_ids', 'audio_path_or_authorized_reference', 'audio_sha256', 'audio_rights_basis', 'recording_version', 'verified_label_evidence']"
CH0511,Lady Gaga,0,False,"['canonical_artist_ids', 'audio_path_or_authorized_reference', 'audio_sha256', 'audio_rights_basis', 'recording_version', 'verified_label_evidence']"
CH0512,Drake,0,False,"['canonical_artist_ids', 'audio_path_or_authorized_reference', 'audio_sha256', 'audio_rights_basis', 'recording_version', 'verified_label_evidence']"
CH0513,The Weeknd,0,False,"['canonical_artist_ids', 'audio_path_or_authorized_reference', 'audio_sha256', 'audio_rights_basis', 'recording_version', 'verified_label_evidence']"
CH0514,Kendrick Lamar,0,False,"['canonical_artist_ids', 'audio_path_or_authorized_reference', 'audio_sha256', 'audio_rights_basis', 'recording_version', 'verified_label_evidence']"
CH0515,Lady Gaga,0,False,"['canonical_artist_ids', 'audio_path_or_authorized_reference', 'audio_sha256', 'audio_rights_basis', 'recording_version', 'verified_label_evidence']"
CH0516,Nicki Minaj,0,False,"['canonical_artist_ids', 'audio_path_or_authorized_reference', 'audio_sha256', 'audio_rights_basis', 'recording_version', 'verified_label_evidence']"
CH0517,Ed Sheeran,0,False,"['canonical_artist_ids', 'audio_path_or_authorized_reference', 'audio_sha256', 'audio_rights_basis', 'recording_version', 'verified_label_evidence']"
CH0518,Future,0,False,"['canonical_artist_ids', 'audio_path_or_authorized_reference', 'audio_sha256', 'audio_rights_basis', 'recording_version', 'verified_label_evidence']"
CH0519,The Weeknd,0,False,"['canonical_artist_ids', 'audio_path_or_authorized_reference', 'audio_sha256', 'audio_rights_basis', 'recording_version', 'verified_label_evidence']"
CH0520,Ed Sheeran,0,False,"['canonical_artist_ids', 'audio_path_or_authorized_reference', 'audio_sha256', 'audio_rights_basis', 'recording_version', 'verified_label_evidence']"
CH0521,Carrie Underwood,0,False,"['canonical_artist_ids', 'audio_path_or_authorized_reference', 'audio_sha256', 'audio_rights_basis', 'recording_version', 'verified_label_evidence']"
CH0522,The Weeknd,0,False,"['canonical_artist_ids', 'audio_path_or_authorized_reference', 'audio_sha256', 'audio_rights_basis', 'recording_version', 'verified_label_evidence']"
CH0523,Kanye West,0,False,"['canonical_artist_ids', 'audio_path_or_authorized_reference', 'audio_sha256', 'audio_rights_basis', 'recording_version', 'verified_label_evidence']"
CH0524,Rihanna,0,False,"['canonical_artist_ids', 'audio_path_or_authorized_reference', 'audio_sha256', 'audio_rights_basis', 'recording_version', 'verified_label_evidence']"
CH0525,Katy Perry,0,False,"['canonical_artist_ids', 'audio_path_or_authorized_reference', 'audio_sha256', 'audio_rights_basis', 'recording_version', 'verified_label_evidence']"
CH0526,Carrie Underwood,0,False,"['canonical_artist_ids', 'audio_path_or_authorized_reference', 'audio_sha256', 'audio_rights_basis', 'recording_version', 'verified_label_evidence']"
CH0527,Fetty Wap,0,False,"['canonical_artist_ids', 'audio_path_or_authorized_reference', 'audio_sha256', 'audio_rights_basis', 'recording_version', 'verified_label_evidence']"
CH0528,Kanye West,0,False,"['canonical_artist_ids', 'audio_path_or_authorized_reference', 'audio_sha256', 'audio_rights_basis', 'recording_version', 'verified_label_evidence']"
CH0529,Fergie,0,False,"['canonical_artist_ids', 'audio_path_or_authorized_reference', 'audio_sha256', 'audio_rights_basis', 'recording_version', 'verified_label_evidence']"
CH0530,Drake,0,False,"['canonical_artist_ids', 'audio_path_or_authorized_reference', 'audio_sha256', 'audio_rights_basis', 'recording_version', 'verified_label_evidence']"
CH0531,Drake,0,False,"['canonical_artist_ids', 'audio_path_or_authorized_reference', 'audio_sha256', 'audio_rights_basis', 'recording_version', 'verified_label_evidence']"
CH0532,Carrie Underwood,0,False,"['canonical_artist_ids', 'audio_path_or_authorized_reference', 'audio_sha256', 'audio_rights_basis', 'recording_version', 'verified_label_evidence']"
CH0533,Rascal Flatts,0,False,"['canonical_artist_ids', 'audio_path_or_authorized_reference', 'audio_sha256', 'audio_rights_basis', 'recording_version', 'verified_label_evidence']"
CH0534,Taylor Swift,0,False,"['canonical_artist_ids', 'audio_path_or_authorized_reference', 'audio_sha256', 'audio_rights_basis', 'recording_version', 'verified_label_evidence']"
CH0535,The Weeknd,0,False,"['canonical_artist_ids', 'audio_path_or_authorized_reference', 'audio_sha256', 'audio_rights_basis', 'recording_version', 'verified_label_evidence']"
CH0536,Justin Bieber,0,False,"['canonical_artist_ids', 'audio_path_or_authorized_reference', 'audio_sha256', 'audio_rights_basis', 'recording_version', 'verified_label_evidence']"
CH0537,Fetty Wap,0,False,"['canonical_artist_ids', 'audio_path_or_authorized_reference', 'audio_sha256', 'audio_rights_basis', 'recording_version', 'verified_label_evidence']"
CH0538,Gwen Stefani,0,False,"['canonical_artist_ids', 'audio_path_or_authorized_reference', 'audio_sha256', 'audio_rights_basis', 'recording_version', 'verified_label_evidence']"
CH0539,Ariana Grande,0,False,"['canonical_artist_ids', 'audio_path_or_authorized_reference', 'audio_sha256', 'audio_rights_basis', 'recording_version', 'verified_label_evidence']"
CH0540,Fetty Wap,0,False,"['canonical_artist_ids', 'audio_path_or_authorized_reference', 'audio_sha256', 'audio_rights_basis', 'recording_version', 'verified_label_evidence']"
CH0541,Justin Bieber,0,False,"['canonical_artist_ids', 'audio_path_or_authorized_reference', 'audio_sha256', 'audio_rights_basis', 'recording_version', 'verified_label_evidence']"
CH0542,Gwen Stefani,0,False,"['canonical_artist_ids', 'audio_path_or_authorized_reference', 'audio_sha256', 'audio_rights_basis', 'recording_version', 'verified_label_evidence']"
CH0543,Halsey,0,False,"['canonical_artist_ids', 'audio_path_or_authorized_reference', 'audio_sha256', 'audio_rights_basis', 'recording_version', 'verified_label_evidence']"
CH0544,Drake,0,False,"['canonical_artist_ids', 'audio_path_or_authorized_reference', 'audio_sha256', 'audio_rights_basis', 'recording_version', 'verified_label_evidence']"
CH0545,Carrie Underwood,0,False,"['canonical_artist_ids', 'audio_path_or_authorized_reference', 'audio_sha256', 'audio_rights_basis', 'recording_version', 'verified_label_evidence']"
CH0546,Justin Bieber,0,False,"['canonical_artist_ids', 'audio_path_or_authorized_reference', 'audio_sha256', 'audio_rights_basis', 'recording_version', 'verified_label_evidence']"
CH0547,Justin Bieber,0,False,"['canonical_artist_ids', 'audio_path_or_authorized_reference', 'audio_sha256', 'audio_rights_basis', 'recording_version', 'verified_label_evidence']"
CH0548,Justin Bieber,0,False,"['canonical_artist_ids', 'audio_path_or_authorized_reference', 'audio_sha256', 'audio_rights_basis', 'recording_version', 'verified_label_evidence']"
CH0549,Justin Bieber,0,False,"['canonical_artist_ids', 'audio_path_or_authorized_reference', 'audio_sha256', 'audio_rights_basis', 'recording_version', 'verified_label_evidence']"
CH0550,Chris Brown,0,False,"['canonical_artist_ids', 'audio_path_or_authorized_reference', 'audio_sha256', 'audio_rights_basis', 'recording_version', 'verified_label_evidence']"
CH0551,Justin Bieber,0,False,"['canonical_artist_ids', 'audio_path_or_authorized_reference', 'audio_sha256', 'audio_rights_basis', 'recording_version', 'verified_label_evidence']"
CH0552,One Direction,0,False,"['canonical_artist_ids', 'audio_path_or_authorized_reference', 'audio_sha256', 'audio_rights_basis', 'recording_version', 'verified_label_evidence']"
CH0553,One Direction,0,False,"['canonical_artist_ids', 'audio_path_or_authorized_reference', 'audio_sha256', 'audio_rights_basis', 'recording_version', 'verified_label_evidence']"
CH0554,Justin Bieber,0,False,"['canonical_artist_ids', 'audio_path_or_authorized_reference', 'audio_sha256', 'audio_rights_basis', 'recording_version', 'verified_label_evidence']"
CH0555,One Direction,0,False,"['canonical_artist_ids', 'audio_path_or_authorized_reference', 'audio_sha256', 'audio_rights_basis', 'recording_version', 'verified_label_evidence']"
CH0556,Fetty Wap,0,False,"['canonical_artist_ids', 'audio_path_or_authorized_reference', 'audio_sha256', 'audio_rights_basis', 'recording_version', 'verified_label_evidence']"
CH0557,One Direction,0,False,"['canonical_artist_ids', 'audio_path_or_authorized_reference', 'audio_sha256', 'audio_rights_basis', 'recording_version', 'verified_label_evidence']"
CH0558,Justin Bieber,0,False,"['canonical_artist_ids', 'audio_path_or_authorized_reference', 'audio_sha256', 'audio_rights_basis', 'recording_version', 'verified_label_evidence']"
CH0559,One Direction,0,False,"['canonical_artist_ids', 'audio_path_or_authorized_reference', 'audio_sha256', 'audio_rights_basis', 'recording_version', 'verified_label_evidence']"
CH0560,Maroon 5,0,False,"['canonical_artist_ids', 'audio_path_or_authorized_reference', 'audio_sha256', 'audio_rights_basis', 'recording_version', 'verified_label_evidence']"
CH0561,Nicki Minaj,0,False,"['canonical_artist_ids', 'audio_path_or_authorized_reference', 'audio_sha256', 'audio_rights_basis', 'recording_version', 'verified_label_evidence']"
CH0562,Future,0,False,"['canonical_artist_ids', 'audio_path_or_authorized_reference', 'audio_sha256', 'audio_rights_basis', 'recording_version', 'verified_label_evidence']"
CH0563,Carrie Underwood,0,False,"['canonical_artist_ids', 'audio_path_or_authorized_reference', 'audio_sha256', 'audio_rights_basis', 'recording_version', 'verified_label_evidence']"
CH0564,Kendrick Lamar,0,False,"['canonical_artist_ids', 'audio_path_or_authorized_reference', 'audio_sha256', 'audio_rights_basis', 'recording_version', 'verified_label_evidence']"
CH0565,twenty one pilots,0,False,"['canonical_artist_ids', 'audio_path_or_authorized_reference', 'audio_sha256', 'audio_rights_basis', 'recording_version', 'verified_label_evidence']"
CH0566,Drake,0,False,"['canonical_artist_ids', 'audio_path_or_authorized_reference', 'audio_sha256', 'audio_rights_basis', 'recording_version', 'verified_label_evidence']"
CH0567,Imagine Dragons,0,False,"['canonical_artist_ids', 'audio_path_or_authorized_reference', 'audio_sha256', 'audio_rights_basis', 'recording_version', 'verified_label_evidence']"
CH0568,Drake,0,False,"['canonical_artist_ids', 'audio_path_or_authorized_reference', 'audio_sha256', 'audio_rights_basis', 'recording_version', 'verified_label_evidence']"
CH0569,Kendrick Lamar,0,False,"['canonical_artist_ids', 'audio_path_or_authorized_reference', 'audio_sha256', 'audio_rights_basis', 'recording_version', 'verified_label_evidence']"
CH0570,Drake,0,False,"['canonical_artist_ids', 'audio_path_or_authorized_reference', 'audio_sha256', 'audio_rights_basis', 'recording_version', 'verified_label_evidence']"
CH0571,Kendrick Lamar,0,False,"['canonical_artist_ids', 'audio_path_or_authorized_reference', 'audio_sha256', 'audio_rights_basis', 'recording_version', 'verified_label_evidence']"
CH0572,Drake,0,False,"['canonical_artist_ids', 'audio_path_or_authorized_reference', 'audio_sha256', 'audio_rights_basis', 'recording_version', 'verified_label_evidence']"
CH0573,twenty one pilots,0,False,"['canonical_artist_ids', 'audio_path_or_authorized_reference', 'audio_sha256', 'audio_rights_basis', 'recording_version', 'verified_label_evidence']"
CH0574,Carrie Underwood,0,False,"['canonical_artist_ids', 'audio_path_or_authorized_reference', 'audio_sha256', 'audio_rights_basis', 'recording_version', 'verified_label_evidence']"
CH0575,Fergie,0,False,"['canonical_artist_ids', 'audio_path_or_authorized_reference', 'audio_sha256', 'audio_rights_basis', 'recording_version', 'verified_label_evidence']"
CH0576,One Direction,0,False,"['canonical_artist_ids', 'audio_path_or_authorized_reference', 'audio_sha256', 'audio_rights_basis', 'recording_version', 'verified_label_evidence']"
CH0577,The Weeknd,0,False,"['canonical_artist_ids', 'audio_path_or_authorized_reference', 'audio_sha256', 'audio_rights_basis', 'recording_version', 'verified_label_evidence']"
CH0578,Kendrick Lamar,0,False,"['canonical_artist_ids', 'audio_path_or_authorized_reference', 'audio_sha256', 'audio_rights_basis', 'recording_version', 'verified_label_evidence']"
CH0579,Gwen Stefani,0,False,"['canonical_artist_ids', 'audio_path_or_authorized_reference', 'audio_sha256', 'audio_rights_basis', 'recording_version', 'verified_label_evidence']"
CH0580,Katy Perry,0,False,"['canonical_artist_ids', 'audio_path_or_authorized_reference', 'audio_sha256', 'audio_rights_basis', 'recording_version', 'verified_label_evidence']"
CH0581,One Direction,0,False,"['canonical_artist_ids', 'audio_path_or_authorized_reference', 'audio_sha256', 'audio_rights_basis', 'recording_version', 'verified_label_evidence']"
CH0582,Nicki Minaj,0,False,"['canonical_artist_ids', 'audio_path_or_authorized_reference', 'audio_sha256', 'audio_rights_basis', 'recording_version', 'verified_label_evidence']"
CH0583,Pharrell Williams,0,False,"['canonical_artist_ids', 'audio_path_or_authorized_reference', 'audio_sha256', 'audio_rights_basis', 'recording_version', 'verified_label_evidence']"
CH0584,Usher,0,False,"['canonical_artist_ids', 'audio_path_or_authorized_reference', 'audio_sha256', 'audio_rights_basis', 'recording_version', 'verified_label_evidence']"
CH0585,Bruno Mars,0,False,"['canonical_artist_ids', 'audio_path_or_authorized_reference', 'audio_sha256', 'audio_rights_basis', 'recording_version', 'verified_label_evidence']"
CH0586,Rascal Flatts,0,False,"['canonical_artist_ids', 'audio_path_or_authorized_reference', 'audio_sha256', 'audio_rights_basis', 'recording_version', 'verified_label_evidence']"
CH0587,Coldplay,0,False,"['canonical_artist_ids', 'audio_path_or_authorized_reference', 'audio_sha256', 'audio_rights_basis', 'recording_version', 'verified_label_evidence']"
CH0588,Imagine Dragons,0,False,"['canonical_artist_ids', 'audio_path_or_authorized_reference', 'audio_sha256', 'audio_rights_basis', 'recording_version', 'verified_label_evidence']"
CH0589,Katy Perry,0,False,"['canonical_artist_ids', 'audio_path_or_authorized_reference', 'audio_sha256', 'audio_rights_basis', 'recording_version', 'verified_label_evidence']"
CH0590,Beyonce,0,False,"['canonical_artist_ids', 'audio_path_or_authorized_reference', 'audio_sha256', 'audio_rights_basis', 'recording_version', 'verified_label_evidence']"
CH0591,Drake,0,False,"['canonical_artist_ids', 'audio_path_or_authorized_reference', 'audio_sha256', 'audio_rights_basis', 'recording_version', 'verified_label_evidence']"
CH0592,Justin Timberlake,0,False,"['canonical_artist_ids', 'audio_path_or_authorized_reference', 'audio_sha256', 'audio_rights_basis', 'recording_version', 'verified_label_evidence']"
CH0593,Justin Bieber,0,False,"['canonical_artist_ids', 'audio_path_or_authorized_reference', 'audio_sha256', 'audio_rights_basis', 'recording_version', 'verified_label_evidence']"
CH0594,Kanye West,0,False,"['canonical_artist_ids', 'audio_path_or_authorized_reference', 'audio_sha256', 'audio_rights_basis', 'recording_version', 'verified_label_evidence']"
CH0595,Future,0,False,"['canonical_artist_ids', 'audio_path_or_authorized_reference', 'audio_sha256', 'audio_rights_basis', 'recording_version', 'verified_label_evidence']"
CH0596,Britney Spears,0,False,"['canonical_artist_ids', 'audio_path_or_authorized_reference', 'audio_sha256', 'audio_rights_basis', 'recording_version', 'verified_label_evidence']"
CH0597,Drake,0,False,"['canonical_artist_ids', 'audio_path_or_authorized_reference', 'audio_sha256', 'audio_rights_basis', 'recording_version', 'verified_label_evidence']"
CH0598,Daughtry,0,False,"['canonical_artist_ids', 'audio_path_or_authorized_reference', 'audio_sha256', 'audio_rights_basis', 'recording_version', 'verified_label_evidence']"
CH0599,Eminem,0,False,"['canonical_artist_ids', 'audio_path_or_authorized_reference', 'audio_sha256', 'audio_rights_basis', 'recording_version', 'verified_label_evidence']"
CH0600,One Direction,0,False,"['canonical_artist_ids', 'audio_path_or_authorized_reference', 'audio_sha256', 'audio_rights_basis', 'recording_version', 'verified_label_evidence']"
CH0601,One Direction,0,False,"['canonical_artist_ids', 'audio_path_or_authorized_reference', 'audio_sha256', 'audio_rights_basis', 'recording_version', 'verified_label_evidence']"
CH0602,Rihanna,0,False,"['canonical_artist_ids', 'audio_path_or_authorized_reference', 'audio_sha256', 'audio_rights_basis', 'recording_version', 'verified_label_evidence']"
CH0603,Bruno Mars,0,False,"['canonical_artist_ids', 'audio_path_or_authorized_reference', 'audio_sha256', 'audio_rights_basis', 'recording_version', 'verified_label_evidence']"
CH0604,One Direction,0,False,"['canonical_artist_ids', 'audio_path_or_authorized_reference', 'audio_sha256', 'audio_rights_basis', 'recording_version', 'verified_label_evidence']"
CH0605,Britney Spears,0,False,"['canonical_artist_ids', 'audio_path_or_authorized_reference', 'audio_sha256', 'audio_rights_basis', 'recording_version', 'verified_label_evidence']"
CH0606,Ariana Grande,0,False,"['canonical_artist_ids', 'audio_path_or_authorized_reference', 'audio_sha256', 'audio_rights_basis', 'recording_version', 'verified_label_evidence']"
CH0607,Justin Timberlake,0,False,"['canonical_artist_ids', 'audio_path_or_authorized_reference', 'audio_sha256', 'audio_rights_basis', 'recording_version', 'verified_label_evidence']"
CH0608,Britney Spears,0,False,"['canonical_artist_ids', 'audio_path_or_authorized_reference', 'audio_sha256', 'audio_rights_basis', 'recording_version', 'verified_label_evidence']"
CH0609,Avril Lavigne,0,False,"['canonical_artist_ids', 'audio_path_or_authorized_reference', 'audio_sha256', 'audio_rights_basis', 'recording_version', 'verified_label_evidence']"
CH0610,Chris Brown,0,False,"['canonical_artist_ids', 'audio_path_or_authorized_reference', 'audio_sha256', 'audio_rights_basis', 'recording_version', 'verified_label_evidence']"
CH0611,Carrie Underwood,0,False,"['canonical_artist_ids', 'audio_path_or_authorized_reference', 'audio_sha256', 'audio_rights_basis', 'recording_version', 'verified_label_evidence']"
CH0612,One Direction,0,False,"['canonical_artist_ids', 'audio_path_or_authorized_reference', 'audio_sha256', 'audio_rights_basis', 'recording_version', 'verified_label_evidence']"
CH0613,Justin Timberlake,0,False,"['canonical_artist_ids', 'audio_path_or_authorized_reference', 'audio_sha256', 'audio_rights_basis', 'recording_version', 'verified_label_evidence']"
CH0614,Future,0,False,"['canonical_artist_ids', 'audio_path_or_authorized_reference', 'audio_sha256', 'audio_rights_basis', 'recording_version', 'verified_label_evidence']"
CH0615,Ke$ha,0,False,"['canonical_artist_ids', 'audio_path_or_authorized_reference', 'audio_sha256', 'audio_rights_basis', 'recording_version', 'verified_label_evidence']"
CH0616,Kendrick Lamar,0,False,"['canonical_artist_ids', 'audio_path_or_authorized_reference', 'audio_sha256', 'audio_rights_basis', 'recording_version', 'verified_label_evidence']"
CH0617,Rascal Flatts,0,False,"['canonical_artist_ids', 'audio_path_or_authorized_reference', 'audio_sha256', 'audio_rights_basis', 'recording_version', 'verified_label_evidence']"
CH0618,Nicki Minaj,0,False,"['canonical_artist_ids', 'audio_path_or_authorized_reference', 'audio_sha256', 'audio_rights_basis', 'recording_version', 'verified_label_evidence']"
CH0619,One Direction,0,False,"['canonical_artist_ids', 'audio_path_or_authorized_reference', 'audio_sha256', 'audio_rights_basis', 'recording_version', 'verified_label_evidence']"
CH0620,The Weeknd,0,False,"['canonical_artist_ids', 'audio_path_or_authorized_reference', 'audio_sha256', 'audio_rights_basis', 'recording_version', 'verified_label_evidence']"
CH0621,Chris Brown,0,False,"['canonical_artist_ids', 'audio_path_or_authorized_reference', 'audio_sha256', 'audio_rights_basis', 'recording_version', 'verified_label_evidence']"
CH0622,Adele,0,False,"['canonical_artist_ids', 'audio_path_or_authorized_reference', 'audio_sha256', 'audio_rights_basis', 'recording_version', 'verified_label_evidence']"
CH0623,One Direction,0,False,"['canonical_artist_ids', 'audio_path_or_authorized_reference', 'audio_sha256', 'audio_rights_basis', 'recording_version', 'verified_label_evidence']"
CH0624,Taylor Swift,0,False,"['canonical_artist_ids', 'audio_path_or_authorized_reference', 'audio_sha256', 'audio_rights_basis', 'recording_version', 'verified_label_evidence']"
CH0625,Future,0,False,"['canonical_artist_ids', 'audio_path_or_authorized_reference', 'audio_sha256', 'audio_rights_basis', 'recording_version', 'verified_label_evidence']"
CH0626,Rascal Flatts,0,False,"['canonical_artist_ids', 'audio_path_or_authorized_reference', 'audio_sha256', 'audio_rights_basis', 'recording_version', 'verified_label_evidence']"
CH0627,Beyonce,0,False,"['canonical_artist_ids', 'audio_path_or_authorized_reference', 'audio_sha256', 'audio_rights_basis', 'recording_version', 'verified_label_evidence']"
CH0628,One Direction,0,False,"['canonical_artist_ids', 'audio_path_or_authorized_reference', 'audio_sha256', 'audio_rights_basis', 'recording_version', 'verified_label_evidence']"
CH0629,Taylor Swift,0,False,"['canonical_artist_ids', 'audio_path_or_authorized_reference', 'audio_sha256', 'audio_rights_basis', 'recording_version', 'verified_label_evidence']"
CH0630,Taylor Swift,0,False,"['canonical_artist_ids', 'audio_path_or_authorized_reference', 'audio_sha256', 'audio_rights_basis', 'recording_version', 'verified_label_evidence']"
CH0631,Rascal Flatts,0,False,"['canonical_artist_ids', 'audio_path_or_authorized_reference', 'audio_sha256', 'audio_rights_basis', 'recording_version', 'verified_label_evidence']"
CH0632,LMFAO,0,False,"['canonical_artist_ids', 'audio_path_or_authorized_reference', 'audio_sha256', 'audio_rights_basis', 'recording_version', 'verified_label_evidence']"
CH0633,Justin Bieber,0,False,"['canonical_artist_ids', 'audio_path_or_authorized_reference', 'audio_sha256', 'audio_rights_basis', 'recording_version', 'verified_label_evidence']"
CH0634,Lady Gaga,0,False,"['canonical_artist_ids', 'audio_path_or_authorized_reference', 'audio_sha256', 'audio_rights_basis', 'recording_version', 'verified_label_evidence']"
CH0635,Nickelback,0,False,"['canonical_artist_ids', 'audio_path_or_authorized_reference', 'audio_sha256', 'audio_rights_basis', 'recording_version', 'verified_label_evidence']"
CH0636,Avril Lavigne,0,False,"['canonical_artist_ids', 'audio_path_or_authorized_reference', 'audio_sha256', 'audio_rights_basis', 'recording_version', 'verified_label_evidence']"
CH0637,Lil Wayne,0,False,"['canonical_artist_ids', 'audio_path_or_authorized_reference', 'audio_sha256', 'audio_rights_basis', 'recording_version', 'verified_label_evidence']"
CH0638,Beyonce,0,False,"['canonical_artist_ids', 'audio_path_or_authorized_reference', 'audio_sha256', 'audio_rights_basis', 'recording_version', 'verified_label_evidence']"
CH0639,Nicki Minaj,0,False,"['canonical_artist_ids', 'audio_path_or_authorized_reference', 'audio_sha256', 'audio_rights_basis', 'recording_version', 'verified_label_evidence']"
CH0640,Taylor Swift,0,False,"['canonical_artist_ids', 'audio_path_or_authorized_reference', 'audio_sha256', 'audio_rights_basis', 'recording_version', 'verified_label_evidence']"
CH0641,Taylor Swift,0,False,"['canonical_artist_ids', 'audio_path_or_authorized_reference', 'audio_sha256', 'audio_rights_basis', 'recording_version', 'verified_label_evidence']"
CH0642,Drake,0,False,"['canonical_artist_ids', 'audio_path_or_authorized_reference', 'audio_sha256', 'audio_rights_basis', 'recording_version', 'verified_label_evidence']"
CH0643,Britney Spears,0,False,"['canonical_artist_ids', 'audio_path_or_authorized_reference', 'audio_sha256', 'audio_rights_basis', 'recording_version', 'verified_label_evidence']"
CH0644,Drake,0,False,"['canonical_artist_ids', 'audio_path_or_authorized_reference', 'audio_sha256', 'audio_rights_basis', 'recording_version', 'verified_label_evidence']"
CH0645,Rihanna,0,False,"['canonical_artist_ids', 'audio_path_or_authorized_reference', 'audio_sha256', 'audio_rights_basis', 'recording_version', 'verified_label_evidence']"
CH0646,Taylor Swift,0,False,"['canonical_artist_ids', 'audio_path_or_authorized_reference', 'audio_sha256', 'audio_rights_basis', 'recording_version', 'verified_label_evidence']"
CH0647,Rihanna,0,False,"['canonical_artist_ids', 'audio_path_or_authorized_reference', 'audio_sha256', 'audio_rights_basis', 'recording_version', 'verified_label_evidence']"
CH0648,Maroon 5,0,False,"['canonical_artist_ids', 'audio_path_or_authorized_reference', 'audio_sha256', 'audio_rights_basis', 'recording_version', 'verified_label_evidence']"
CH0649,Drake,0,False,"['canonical_artist_ids', 'audio_path_or_authorized_reference', 'audio_sha256', 'audio_rights_basis', 'recording_version', 'verified_label_evidence']"
CH0650,Avril Lavigne,0,False,"['canonical_artist_ids', 'audio_path_or_authorized_reference', 'audio_sha256', 'audio_rights_basis', 'recording_version', 'verified_label_evidence']"
CH0651,Taylor Swift,0,False,"['canonical_artist_ids', 'audio_path_or_authorized_reference', 'audio_sha256', 'audio_rights_basis', 'recording_version', 'verified_label_evidence']"
CH0652,Rascal Flatts,0,False,"['canonical_artist_ids', 'audio_path_or_authorized_reference', 'audio_sha256', 'audio_rights_basis', 'recording_version', 'verified_label_evidence']"
CH0653,Nicki Minaj,0,False,"['canonical_artist_ids', 'audio_path_or_authorized_reference', 'audio_sha256', 'audio_rights_basis', 'recording_version', 'verified_label_evidence']"
CH0654,Chris Brown,0,False,"['canonical_artist_ids', 'audio_path_or_authorized_reference', 'audio_sha256', 'audio_rights_basis', 'recording_version', 'verified_label_evidence']"
CH0655,Nicki Minaj,0,False,"['canonical_artist_ids', 'audio_path_or_authorized_reference', 'audio_sha256', 'audio_rights_basis', 'recording_version', 'verified_label_evidence']"
CH0656,Carrie Underwood,0,False,"['canonical_artist_ids', 'audio_path_or_authorized_reference', 'audio_sha256', 'audio_rights_basis', 'recording_version', 'verified_label_evidence']"
CH0657,Rascal Flatts,0,False,"['canonical_artist_ids', 'audio_path_or_authorized_reference', 'audio_sha256', 'audio_rights_basis', 'recording_version', 'verified_label_evidence']"
CH0658,Daughtry,0,False,"['canonical_artist_ids', 'audio_path_or_authorized_reference', 'audio_sha256', 'audio_rights_basis', 'recording_version', 'verified_label_evidence']"
CH0659,Akon,0,False,"['canonical_artist_ids', 'audio_path_or_authorized_reference', 'audio_sha256', 'audio_rights_basis', 'recording_version', 'verified_label_evidence']"
CH0660,Ne-Yo,0,False,"['canonical_artist_ids', 'audio_path_or_authorized_reference', 'audio_sha256', 'audio_rights_basis', 'recording_version', 'verified_label_evidence']"
CH0661,Ne-Yo,0,False,"['canonical_artist_ids', 'audio_path_or_authorized_reference', 'audio_sha256', 'audio_rights_basis', 'recording_version', 'verified_label_evidence']"
CH0662,Nickelback,0,False,"['canonical_artist_ids', 'audio_path_or_authorized_reference', 'audio_sha256', 'audio_rights_basis', 'recording_version', 'verified_label_evidence']"
CH0663,P!nk,0,False,"['canonical_artist_ids', 'audio_path_or_authorized_reference', 'audio_sha256', 'audio_rights_basis', 'recording_version', 'verified_label_evidence']"
CH0664,Ne-Yo,0,False,"['canonical_artist_ids', 'audio_path_or_authorized_reference', 'audio_sha256', 'audio_rights_basis', 'recording_version', 'verified_label_evidence']"
CH0665,Miley Cyrus,0,False,"['canonical_artist_ids', 'audio_path_or_authorized_reference', 'audio_sha256', 'audio_rights_basis', 'recording_version', 'verified_label_evidence']"
CH0666,Justin Bieber,0,False,"['canonical_artist_ids', 'audio_path_or_authorized_reference', 'audio_sha256', 'audio_rights_basis', 'recording_version', 'verified_label_evidence']"
CH0667,Carrie Underwood,0,False,"['canonical_artist_ids', 'audio_path_or_authorized_reference', 'audio_sha256', 'audio_rights_basis', 'recording_version', 'verified_label_evidence']"
CH0668,Miley Cyrus,0,False,"['canonical_artist_ids', 'audio_path_or_authorized_reference', 'audio_sha256', 'audio_rights_basis', 'recording_version', 'verified_label_evidence']"
CH0669,Rascal Flatts,0,False,"['canonical_artist_ids', 'audio_path_or_authorized_reference', 'audio_sha256', 'audio_rights_basis', 'recording_version', 'verified_label_evidence']"
CH0670,Taylor Swift,0,False,"['canonical_artist_ids', 'audio_path_or_authorized_reference', 'audio_sha256', 'audio_rights_basis', 'recording_version', 'verified_label_evidence']"
CH0671,Avril Lavigne,0,False,"['canonical_artist_ids', 'audio_path_or_authorized_reference', 'audio_sha256', 'audio_rights_basis', 'recording_version', 'verified_label_evidence']"
CH0672,Taylor Swift,0,False,"['canonical_artist_ids', 'audio_path_or_authorized_reference', 'audio_sha256', 'audio_rights_basis', 'recording_version', 'verified_label_evidence']"
CH0673,Carrie Underwood,0,False,"['canonical_artist_ids', 'audio_path_or_authorized_reference', 'audio_sha256', 'audio_rights_basis', 'recording_version', 'verified_label_evidence']"
CH0674,Rihanna,0,False,"['canonical_artist_ids', 'audio_path_or_authorized_reference', 'audio_sha256', 'audio_rights_basis', 'recording_version', 'verified_label_evidence']"
CH0675,Alicia Keys,0,False,"['canonical_artist_ids', 'audio_path_or_authorized_reference', 'audio_sha256', 'audio_rights_basis', 'recording_version', 'verified_label_evidence']"
CH0676,Justin Bieber,0,False,"['canonical_artist_ids', 'audio_path_or_authorized_reference', 'audio_sha256', 'audio_rights_basis', 'recording_version', 'verified_label_evidence']"
CH0677,Usher,0,False,"['canonical_artist_ids', 'audio_path_or_authorized_reference', 'audio_sha256', 'audio_rights_basis', 'recording_version', 'verified_label_evidence']"
CH0678,Nickelback,0,False,"['canonical_artist_ids', 'audio_path_or_authorized_reference', 'audio_sha256', 'audio_rights_basis', 'recording_version', 'verified_label_evidence']"
CH0679,Eminem,0,False,"['canonical_artist_ids', 'audio_path_or_authorized_reference', 'audio_sha256', 'audio_rights_basis', 'recording_version', 'verified_label_evidence']"
CH0680,Chris Brown,0,False,"['canonical_artist_ids', 'audio_path_or_authorized_reference', 'audio_sha256', 'audio_rights_basis', 'recording_version', 'verified_label_evidence']"
CH0681,Lil Wayne,0,False,"['canonical_artist_ids', 'audio_path_or_authorized_reference', 'audio_sha256', 'audio_rights_basis', 'recording_version', 'verified_label_evidence']"
CH0682,P!nk,0,False,"['canonical_artist_ids', 'audio_path_or_authorized_reference', 'audio_sha256', 'audio_rights_basis', 'recording_version', 'verified_label_evidence']"
CH0683,Justin Bieber,0,False,"['canonical_artist_ids', 'audio_path_or_authorized_reference', 'audio_sha256', 'audio_rights_basis', 'recording_version', 'verified_label_evidence']"
CH0684,Alicia Keys,0,False,"['canonical_artist_ids', 'audio_path_or_authorized_reference', 'audio_sha256', 'audio_rights_basis', 'recording_version', 'verified_label_evidence']"
CH0685,Justin Bieber,0,False,"['canonical_artist_ids', 'audio_path_or_authorized_reference', 'audio_sha256', 'audio_rights_basis', 'recording_version', 'verified_label_evidence']"
CH0686,Rascal Flatts,0,False,"['canonical_artist_ids', 'audio_path_or_authorized_reference', 'audio_sha256', 'audio_rights_basis', 'recording_version', 'verified_label_evidence']"
CH0687,Beyonce,0,False,"['canonical_artist_ids', 'audio_path_or_authorized_reference', 'audio_sha256', 'audio_rights_basis', 'recording_version', 'verified_label_evidence']"
CH0688,Sean Paul,0,False,"['canonical_artist_ids', 'audio_path_or_authorized_reference', 'audio_sha256', 'audio_rights_basis', 'recording_version', 'verified_label_evidence']"
CH0689,LMFAO,0,False,"['canonical_artist_ids', 'audio_path_or_authorized_reference', 'audio_sha256', 'audio_rights_basis', 'recording_version', 'verified_label_evidence']"
CH0690,Daughtry,0,False,"['canonical_artist_ids', 'audio_path_or_authorized_reference', 'audio_sha256', 'audio_rights_basis', 'recording_version', 'verified_label_evidence']"
CH0691,Eminem,0,False,"['canonical_artist_ids', 'audio_path_or_authorized_reference', 'audio_sha256', 'audio_rights_basis', 'recording_version', 'verified_label_evidence']"
CH0692,Rascal Flatts,0,False,"['canonical_artist_ids', 'audio_path_or_authorized_reference', 'audio_sha256', 'audio_rights_basis', 'recording_version', 'verified_label_evidence']"
CH0693,Lil Wayne,0,False,"['canonical_artist_ids', 'audio_path_or_authorized_reference', 'audio_sha256', 'audio_rights_basis', 'recording_version', 'verified_label_evidence']"
CH0694,Katy Perry,0,False,"['canonical_artist_ids', 'audio_path_or_authorized_reference', 'audio_sha256', 'audio_rights_basis', 'recording_version', 'verified_label_evidence']"
CH0695,Carrie Underwood,0,False,"['canonical_artist_ids', 'audio_path_or_authorized_reference', 'audio_sha256', 'audio_rights_basis', 'recording_version', 'verified_label_evidence']"
CH0696,Miley Cyrus,0,False,"['canonical_artist_ids', 'audio_path_or_authorized_reference', 'audio_sha256', 'audio_rights_basis', 'recording_version', 'verified_label_evidence']"
CH0697,Taylor Swift,0,False,"['canonical_artist_ids', 'audio_path_or_authorized_reference', 'audio_sha256', 'audio_rights_basis', 'recording_version', 'verified_label_evidence']"
CH0698,Rihanna,0,False,"['canonical_artist_ids', 'audio_path_or_authorized_reference', 'audio_sha256', 'audio_rights_basis', 'recording_version', 'verified_label_evidence']"
CH0699,Usher,0,False,"['canonical_artist_ids', 'audio_path_or_authorized_reference', 'audio_sha256', 'audio_rights_basis', 'recording_version', 'verified_label_evidence']"
CH0700,Rascal Flatts,0,False,"['canonical_artist_ids', 'audio_path_or_authorized_reference', 'audio_sha256', 'audio_rights_basis', 'recording_version', 'verified_label_evidence']"
CH0701,Carrie Underwood,0,False,"['canonical_artist_ids', 'audio_path_or_authorized_reference', 'audio_sha256', 'audio_rights_basis', 'recording_version', 'verified_label_evidence']"
CH0702,Leona Lewis,0,False,"['canonical_artist_ids', 'audio_path_or_authorized_reference', 'audio_sha256', 'audio_rights_basis', 'recording_version', 'verified_label_evidence']"
CH0703,Daughtry,0,False,"['canonical_artist_ids', 'audio_path_or_authorized_reference', 'audio_sha256', 'audio_rights_basis', 'recording_version', 'verified_label_evidence']"
CH0704,Nickelback,0,False,"['canonical_artist_ids', 'audio_path_or_authorized_reference', 'audio_sha256', 'audio_rights_basis', 'recording_version', 'verified_label_evidence']"
CH0705,Jonas Brothers,0,False,"['canonical_artist_ids', 'audio_path_or_authorized_reference', 'audio_sha256', 'audio_rights_basis', 'recording_version', 'verified_label_evidence']"
CH0706,Jonas Brothers,0,False,"['canonical_artist_ids', 'audio_path_or_authorized_reference', 'audio_sha256', 'audio_rights_basis', 'recording_version', 'verified_label_evidence']"
CH0707,Taylor Swift,0,False,"['canonical_artist_ids', 'audio_path_or_authorized_reference', 'audio_sha256', 'audio_rights_basis', 'recording_version', 'verified_label_evidence']"
CH0708,Chris Brown,0,False,"['canonical_artist_ids', 'audio_path_or_authorized_reference', 'audio_sha256', 'audio_rights_basis', 'recording_version', 'verified_label_evidence']"
CH0709,Alicia Keys,0,False,"['canonical_artist_ids', 'audio_path_or_authorized_reference', 'audio_sha256', 'audio_rights_basis', 'recording_version', 'verified_label_evidence']"
CH0710,Carrie Underwood,0,False,"['canonical_artist_ids', 'audio_path_or_authorized_reference', 'audio_sha256', 'audio_rights_basis', 'recording_version', 'verified_label_evidence']"
CH0711,Usher,0,False,"['canonical_artist_ids', 'audio_path_or_authorized_reference', 'audio_sha256', 'audio_rights_basis', 'recording_version', 'verified_label_evidence']"
CH0712,Jonas Brothers,0,False,"['canonical_artist_ids', 'audio_path_or_authorized_reference', 'audio_sha256', 'audio_rights_basis', 'recording_version', 'verified_label_evidence']"
CH0713,Jonas Brothers,0,False,"['canonical_artist_ids', 'audio_path_or_authorized_reference', 'audio_sha256', 'audio_rights_basis', 'recording_version', 'verified_label_evidence']"
CH0714,Carrie Underwood,0,False,"['canonical_artist_ids', 'audio_path_or_authorized_reference', 'audio_sha256', 'audio_rights_basis', 'recording_version', 'verified_label_evidence']"
CH0715,Taylor Swift,0,False,"['canonical_artist_ids', 'audio_path_or_authorized_reference', 'audio_sha256', 'audio_rights_basis', 'recording_version', 'verified_label_evidence']"
CH0716,Britney Spears,0,False,"['canonical_artist_ids', 'audio_path_or_authorized_reference', 'audio_sha256', 'audio_rights_basis', 'recording_version', 'verified_label_evidence']"
CH0717,Maroon 5,0,False,"['canonical_artist_ids', 'audio_path_or_authorized_reference', 'audio_sha256', 'audio_rights_basis', 'recording_version', 'verified_label_evidence']"
CH0718,Ne-Yo,0,False,"['canonical_artist_ids', 'audio_path_or_authorized_reference', 'audio_sha256', 'audio_rights_basis', 'recording_version', 'verified_label_evidence']"
CH0719,Daughtry,0,False,"['canonical_artist_ids', 'audio_path_or_authorized_reference', 'audio_sha256', 'audio_rights_basis', 'recording_version', 'verified_label_evidence']"
CH0720,Maroon 5,0,False,"['canonical_artist_ids', 'audio_path_or_authorized_reference', 'audio_sha256', 'audio_rights_basis', 'recording_version', 'verified_label_evidence']"
CH0721,Chris Brown,0,False,"['canonical_artist_ids', 'audio_path_or_authorized_reference', 'audio_sha256', 'audio_rights_basis', 'recording_version', 'verified_label_evidence']"
CH0722,Britney Spears,0,False,"['canonical_artist_ids', 'audio_path_or_authorized_reference', 'audio_sha256', 'audio_rights_basis', 'recording_version', 'verified_label_evidence']"
CH0723,Carrie Underwood,0,False,"['canonical_artist_ids', 'audio_path_or_authorized_reference', 'audio_sha256', 'audio_rights_basis', 'recording_version', 'verified_label_evidence']"
CH0724,Rascal Flatts,0,False,"['canonical_artist_ids', 'audio_path_or_authorized_reference', 'audio_sha256', 'audio_rights_basis', 'recording_version', 'verified_label_evidence']"
CH0725,Mary J. Blige,0,False,"['canonical_artist_ids', 'audio_path_or_authorized_reference', 'audio_sha256', 'audio_rights_basis', 'recording_version', 'verified_label_evidence']"
CH0726,Jonas Brothers,0,False,"['canonical_artist_ids', 'audio_path_or_authorized_reference', 'audio_sha256', 'audio_rights_basis', 'recording_version', 'verified_label_evidence']"
CH0727,Carrie Underwood,0,False,"['canonical_artist_ids', 'audio_path_or_authorized_reference', 'audio_sha256', 'audio_rights_basis', 'recording_version', 'verified_label_evidence']"
CH0728,Rascal Flatts,0,False,"['canonical_artist_ids', 'audio_path_or_authorized_reference', 'audio_sha256', 'audio_rights_basis', 'recording_version', 'verified_label_evidence']"
CH0729,Akon,0,False,"['canonical_artist_ids', 'audio_path_or_authorized_reference', 'audio_sha256', 'audio_rights_basis', 'recording_version', 'verified_label_evidence']"
CH0730,Ne-Yo,0,False,"['canonical_artist_ids', 'audio_path_or_authorized_reference', 'audio_sha256', 'audio_rights_basis', 'recording_version', 'verified_label_evidence']"
CH0731,Avril Lavigne,0,False,"['canonical_artist_ids', 'audio_path_or_authorized_reference', 'audio_sha256', 'audio_rights_basis', 'recording_version', 'verified_label_evidence']"
CH0732,Gwen Stefani,0,False,"['canonical_artist_ids', 'audio_path_or_authorized_reference', 'audio_sha256', 'audio_rights_basis', 'recording_version', 'verified_label_evidence']"
CH0733,Beyonce,0,False,"['canonical_artist_ids', 'audio_path_or_authorized_reference', 'audio_sha256', 'audio_rights_basis', 'recording_version', 'verified_label_evidence']"
CH0734,Kanye West,0,False,"['canonical_artist_ids', 'audio_path_or_authorized_reference', 'audio_sha256', 'audio_rights_basis', 'recording_version', 'verified_label_evidence']"
CH0735,Carrie Underwood,0,False,"['canonical_artist_ids', 'audio_path_or_authorized_reference', 'audio_sha256', 'audio_rights_basis', 'recording_version', 'verified_label_evidence']"
CH0736,The Fray,0,False,"['canonical_artist_ids', 'audio_path_or_authorized_reference', 'audio_sha256', 'audio_rights_basis', 'recording_version', 'verified_label_evidence']"
CH0737,Rascal Flatts,0,False,"['canonical_artist_ids', 'audio_path_or_authorized_reference', 'audio_sha256', 'audio_rights_basis', 'recording_version', 'verified_label_evidence']"
CH0738,Jonas Brothers,0,False,"['canonical_artist_ids', 'audio_path_or_authorized_reference', 'audio_sha256', 'audio_rights_basis', 'recording_version', 'verified_label_evidence']"
CH0739,Rascal Flatts,0,False,"['canonical_artist_ids', 'audio_path_or_authorized_reference', 'audio_sha256', 'audio_rights_basis', 'recording_version', 'verified_label_evidence']"
CH0740,Taylor Swift,0,False,"['canonical_artist_ids', 'audio_path_or_authorized_reference', 'audio_sha256', 'audio_rights_basis', 'recording_version', 'verified_label_evidence']"
CH0741,The Fray,0,False,"['canonical_artist_ids', 'audio_path_or_authorized_reference', 'audio_sha256', 'audio_rights_basis', 'recording_version', 'verified_label_evidence']"
CH0742,Mary J. Blige,0,False,"['canonical_artist_ids', 'audio_path_or_authorized_reference', 'audio_sha256', 'audio_rights_basis', 'recording_version', 'verified_label_evidence']"
CH0743,Beyonce,0,False,"['canonical_artist_ids', 'audio_path_or_authorized_reference', 'audio_sha256', 'audio_rights_basis', 'recording_version', 'verified_label_evidence']"
CH0744,Beyonce,0,False,"['canonical_artist_ids', 'audio_path_or_authorized_reference', 'audio_sha256', 'audio_rights_basis', 'recording_version', 'verified_label_evidence']"
CH0745,Rascal Flatts,0,False,"['canonical_artist_ids', 'audio_path_or_authorized_reference', 'audio_sha256', 'audio_rights_basis', 'recording_version', 'verified_label_evidence']"
CH0746,Carrie Underwood,0,False,"['canonical_artist_ids', 'audio_path_or_authorized_reference', 'audio_sha256', 'audio_rights_basis', 'recording_version', 'verified_label_evidence']"
CH0747,Gwen Stefani,0,False,"['canonical_artist_ids', 'audio_path_or_authorized_reference', 'audio_sha256', 'audio_rights_basis', 'recording_version', 'verified_label_evidence']"
CH0748,Gwen Stefani,0,False,"['canonical_artist_ids', 'audio_path_or_authorized_reference', 'audio_sha256', 'audio_rights_basis', 'recording_version', 'verified_label_evidence']"
CH0749,Rihanna,0,False,"['canonical_artist_ids', 'audio_path_or_authorized_reference', 'audio_sha256', 'audio_rights_basis', 'recording_version', 'verified_label_evidence']"
CH0750,Alicia Keys,0,False,"['canonical_artist_ids', 'audio_path_or_authorized_reference', 'audio_sha256', 'audio_rights_basis', 'recording_version', 'verified_label_evidence']"
CH0751,Rascal Flatts,0,False,"['canonical_artist_ids', 'audio_path_or_authorized_reference', 'audio_sha256', 'audio_rights_basis', 'recording_version', 'verified_label_evidence']"
