recording_id,title,artist,album,legacy_track_id,identity_status,first_release_date,label,label_status,excluded_reason,match_level,canonical_recording_id,canonical_work_id,album_id
mb-008a7390-cdbd-4bbf-926b-1f27d1bdc2c2,Better Than Words,One Direction,Midnight Memories,,verified,2013-11-25,0.0,verified_noncharted_in_public_archive,,same_album,008a7390-cdbd-4bbf-926b-1f27d1bdc2c2,ec0a26e4-57d6-449e-891c-7be77db17f4c,81f9c781-683e-4a4e-ba86-799e3c4c4be9
mb-01552e9a-11b0-4b5d-bcd5-cd15850ebd29,Without Me,Halsey,Manic,CH0049,verified,2018-10-04,1.0,verified_year_end_hit,,same_album,01552e9a-11b0-4b5d-bcd5-cd15850ebd29,da58945a-6e7e-4c2f-91bb-2ec2a30d3287,50e1fb42-ac14-4487-a58d-ed5c847f701d
mb-024d8daa-7d45-4ea0-a9d4-fd6e3da392e8,Now or Never,Halsey,hopeless fountain kingdom,CH0109,verified,2017-04-04,1.0,verified_year_end_hit,,same_album,024d8daa-7d45-4ea0-a9d4-fd6e3da392e8,0a030ed4-2e2a-4318-b55b-5f7b5d04aa66,69eb9696-35c8-4463-aff5-952526213ce8
mb-028eb5ad-3eba-4e8f-ac50-4cbc21c0c11e,Therefore I Am,Billie Eilish,Happier Than Ever,CH0011,verified,2020-11-12,1.0,verified_year_end_hit,,same_album,028eb5ad-3eba-4e8f-ac50-4cbc21c0c11e,35117fd6-7860-48d5-8d33-4731b13c3816,3ac5236a-3bd8-44c6-ab60-69b013594ae6
mb-028efe7f-cdfb-4135-846f-848f2fff15b1,Someone Like You,Adele,21,CH0213,verified,2011-01-19,1.0,verified_year_end_hit,,same_album,028efe7f-cdfb-4135-846f-848f2fff15b1,09f420e3-0110-4886-b284-e3c7f13ddfc3,e4174758-d333-4a8e-a31f-dd0edd51518e
mb-0465514b-5208-4bce-9cb5-7e30f3611d4c,Every Night,Imagine Dragons,Night Visions,,verified,2012-09-04,0.0,verified_noncharted_in_public_archive,,same_album,0465514b-5208-4bce-9cb5-7e30f3611d4c,cb154679-7ca9-487e-9a39-4b7281071302,caef5f01-8568-4573-8458-c9e99ff7c734
mb-04f96056-91ac-4b64-af89-24c596013f05,One and Only,Adele,21,,verified,2011-01-19,0.0,verified_noncharted_in_public_archive,,same_album,04f96056-91ac-4b64-af89-24c596013f05,e1f4dc65-75dd-4e0a-9e35-238547ebb6a4,e4174758-d333-4a8e-a31f-dd0edd51518e
mb-051205ad-ef0c-4b08-89ef-1fe0a0425d08,Talking to the Moon,Bruno Mars,Doo-Wops & Hooligans,,verified,2010-10-04,0.0,verified_noncharted_in_public_archive,,same_album,051205ad-ef0c-4b08-89ef-1fe0a0425d08,2fa4db4f-2297-42ce-bfe5-fa01ece436b7,b3d1fbf7-dd1c-4119-a16e-58c2feb5bcb0
mb-0552ac06-85b7-480c-9263-2ca50a25c824,Drunk on Love,Rihanna,Talk That Talk,,verified,2011-11-18,0.0,verified_noncharted_in_public_archive,,same_album,0552ac06-85b7-480c-9263-2ca50a25c824,4b27b271-6962-4bab-8c4d-e7ec2f08fb80,15818ec5-bf34-47de-a4e5-260f98828d64
mb-05b394e8-3b2c-4cc4-9a2c-cbe2814d362c,goosebumps,Travis Scott,Birds in the Trap Sing McKnight,CH0112,verified,2016-09-02,1.0,verified_year_end_hit,,same_album,05b394e8-3b2c-4cc4-9a2c-cbe2814d362c,51cc16fb-b55c-4769-9329-6e6054c7b2d2,2d87c53b-5e6b-40c6-9c37-d7fe7bec08bd
mb-06879155-b9ce-4777-bdc0-f83cd6162760,Can’t Feel My Face,The Weeknd,Beauty Behind the Madness,CH0138,verified,2015-06-08,1.0,verified_year_end_hit,,same_album,06879155-b9ce-4777-bdc0-f83cd6162760,ed5a0e34-13ab-4c0a-84c8-4acb6c097763,a85b8aff-fcbc-4431-95ba-d8c20bbfb77e
mb-0839e95c-76d9-4bdc-af70-0106ea87adfb,Life After You,Daughtry,Leave This Town,CH0273,verified,2009-07-14,1.0,verified_year_end_hit,,same_album,0839e95c-76d9-4bdc-af70-0106ea87adfb,bdbcbe2d-f1e3-4fda-a2c2-ffd0ede4b36a,8e335ddb-e9d7-4152-8028-a3a6ddd12d10
mb-0897dfea-0393-4735-bb9a-9f3263b44970,Hot as Ice,Britney Spears,Blackout,,verified,2007-10-25,0.0,verified_noncharted_in_public_archive,,same_album,0897dfea-0393-4735-bb9a-9f3263b44970,73cb5fef-205d-4030-a70b-293dc9dd2192,0b8e14e1-d44d-3770-8617-5c6137a444a8
mb-089d8dfd-3a88-4a0f-b2b8-57b8fe02bfae,Your Love,Nicki Minaj,Pink Friday (deluxe edition),CH0265,verified,2010-11-21,,unknown,chart_predates_recording_release_review_required,unmatched,089d8dfd-3a88-4a0f-b2b8-57b8fe02bfae,49a2ee29-595f-35d1-bf4f-c6e8f7074998,c91d9596-dfa8-482d-b3ab-706e937fd3ec
mb-09296cd5-d11a-402e-8f32-29418fb1d86b,Bloodstream,Ed Sheeran,×,,verified,2014-06-20,0.0,verified_noncharted_in_public_archive,,same_album,09296cd5-d11a-402e-8f32-29418fb1d86b,a4c29bd6-8000-4e94-ac53-bba7fd1b7e9f,c24e5416-cd2e-4cff-851b-5faa78db98a2
mb-09442fa5-70ed-4c81-b4c8-9c8878f516ed,London Bridge,Fergie,The Dutchess,CH0353,verified,2006-06-19,1.0,verified_year_end_hit,,same_album,09442fa5-70ed-4c81-b4c8-9c8878f516ed,f565b914-c9c9-3810-a321-1672cb8c615a,5a4599e9-7ec3-3346-8997-5d5f33377c78
mb-0958db05-e9d7-4c15-8587-7c88284adb7b,Show Me,Bruno Mars,Unorthodox Jukebox,,verified,2012-12-07,0.0,verified_noncharted_in_public_archive,,same_album,0958db05-e9d7-4c15-8587-7c88284adb7b,235f11b5-f489-4246-bfe3-02f4f226c68f,978d88db-60ec-41d9-ade7-beea020941b0
mb-09ce15f1-ea34-450e-8e6a-9232d8798efa,Nice for What,Drake,Scorpion,CH0074,verified,2018-04-06,1.0,verified_year_end_hit,,same_album,09ce15f1-ea34-450e-8e6a-9232d8798efa,07439ece-7d79-4c9f-8a37-80e30ad8e02e,857db798-5c31-4d5f-991a-6667f41d8899
mb-0a65e058-83c4-4982-9a5e-d2495fc4565c,Irreplaceable,Beyoncé,B’Day,CH0325,verified,2006-09-04,1.0,verified_year_end_hit,,same_album,0a65e058-83c4-4982-9a5e-d2495fc4565c,f0b22602-2cb6-4538-aeb4-7e273bc38d31,9fdbccb2-9b51-36b7-b643-c7ae586b797d
mb-0a7e93a0-e573-4d45-89c6-ea0d5465b3c8,outside,Travis Scott,Birds in the Trap Sing McKnight,,verified,2016-09-02,0.0,verified_noncharted_in_public_archive,,same_album,0a7e93a0-e573-4d45-89c6-ea0d5465b3c8,93c409aa-3e89-4bfa-82e3-2c3a29dfd1a8,2d87c53b-5e6b-40c6-9c37-d7fe7bec08bd
mb-0a8e8d55-4b83-4f8a-9732-fbb5ded9f344,Hello,Adele,25,CH0122,verified,2015-10-23,1.0,verified_year_end_hit,,same_album,0a8e8d55-4b83-4f8a-9732-fbb5ded9f344,59407397-1b56-4ba6-b409-4c427270cc1b,5537624c-3d2f-4f5c-8099-df916082c85c
mb-0b862101-5927-44cd-8b69-e54f163a92aa,Gasoline,Britney Spears,Femme Fatale,,verified,2011-03-25,0.0,verified_noncharted_in_public_archive,,same_album,0b862101-5927-44cd-8b69-e54f163a92aa,f2e3ac42-e30d-3d82-a6e0-9285708216ae,a7e9d7d2-3c60-472f-b2ba-829de5034179
mb-0cc92c51-488e-4967-b277-7738bcd0ca58,Satellites,Beyoncé,I Am… Sasha Fierce,,verified,2008-11-12,0.0,verified_noncharted_in_public_archive,,same_album,0cc92c51-488e-4967-b277-7738bcd0ca58,e9ff64f8-d1d2-34fe-bc98-1b6b3701caeb,6f8e8119-de1b-39f0-85ca-b5252cb9211d
mb-0ce4a1ba-4439-4756-8f7a-a4c1d7257332,If I Were a Boy,Beyoncé,I Am… Sasha Fierce,CH0291,verified,2008-10-08,1.0,verified_year_end_hit,,same_album,0ce4a1ba-4439-4756-8f7a-a4c1d7257332,d3eafbc1-ba97-38b5-a1fa-e7c6867bc062,6f8e8119-de1b-39f0-85ca-b5252cb9211d
mb-0df52d3c-89bd-426d-9139-e5dbec873117,Never Be Alone,Shawn Mendes,Handwritten,,verified,2015-03-20,0.0,verified_noncharted_in_public_archive,,same_album,0df52d3c-89bd-426d-9139-e5dbec873117,d8f79ab8-c124-4604-8a57-e06064992943,d0efb4c9-0578-49e7-bb3f-c64f98871009
mb-0e48be09-4b98-44f4-8089-147f8fe7b416,Leave Me Alone (I’m Lonely),P!nk,I’m Not Dead,,verified,2006-03-31,0.0,verified_noncharted_in_public_archive,,same_album,0e48be09-4b98-44f4-8089-147f8fe7b416,961a6365-ee38-3826-81a0-e0ffab08b315,f38cbc7b-fbcf-3f4c-ae36-bee0c69b6778
mb-0e9fc58d-b993-4ca6-b2d1-c98128a6b7f8,Let the Groove Get In,Justin Timberlake,The 20/20 Experience,,verified,2013-03-15,0.0,verified_noncharted_in_public_archive,,same_album,0e9fc58d-b993-4ca6-b2d1-c98128a6b7f8,aa5141ac-9e3d-4675-9a36-ef26a2b99970,deae6fc2-a675-4f35-9565-d2aaea4872c7
mb-0f787ae7-e0e0-4c59-b34b-8fc6cd7fcd33,Another’s Arms,Coldplay,Ghost Stories,,verified,2014-05-16,0.0,verified_noncharted_in_public_archive,,same_album,0f787ae7-e0e0-4c59-b34b-8fc6cd7fcd33,3c08977f-5041-4fc4-bc90-6c7cad69f131,9c5aa9d2-068b-4626-b352-ae6f4f4e0b15
mb-113b6fbc-8a9a-40f1-ae9f-538ba2a93ae7,I Wanna Go,Britney Spears,Femme Fatale,CH0239,verified,2011-03-25,1.0,verified_year_end_hit,,same_album,113b6fbc-8a9a-40f1-ae9f-538ba2a93ae7,bc831ba5-508d-3cce-a533-de7ff6043bd6,a7e9d7d2-3c60-472f-b2ba-829de5034179
mb-126241da-d2cb-42c2-a40e-f30909057647,When I Was Your Man,Bruno Mars,Unorthodox Jukebox,CH0181,verified,2012-12-07,1.0,verified_year_end_hit,,same_album,126241da-d2cb-42c2-a40e-f30909057647,c85af22c-2e6c-4632-ba3d-c73edb36209f,978d88db-60ec-41d9-ade7-beea020941b0
mb-126b7497-6a4b-4d54-81be-99081eba5949,Ave Maria,Beyoncé,I Am… Sasha Fierce,,verified,2008-11-12,0.0,verified_noncharted_in_public_archive,,same_album,126b7497-6a4b-4d54-81be-99081eba5949,c152c879-f5b5-3f07-90c8-d1efd957c035,6f8e8119-de1b-39f0-85ca-b5252cb9211d
mb-12a8112f-8cb9-4b3e-9ee8-ea536385e91f,Stupid Girls,P!nk,I’m Not Dead,CH0366,verified,2006-02-07,1.0,verified_year_end_hit,,same_album,12a8112f-8cb9-4b3e-9ee8-ea536385e91f,791b3c15-fa19-3b10-a090-6c9331eb7736,f38cbc7b-fbcf-3f4c-ae36-bee0c69b6778
mb-13d11df3-8512-47b9-8a0e-eb39f4079f21,Mary Jane Shoes,Fergie,The Dutchess,,verified,2006-06-19,0.0,verified_noncharted_in_public_archive,,same_album,13d11df3-8512-47b9-8a0e-eb39f4079f21,0b1874a7-703a-402f-ab57-8b4ee7d18530,5a4599e9-7ec3-3346-8997-5d5f33377c78
mb-143f1c88-f47f-4f37-b25d-614c74269dea,drivers license,Olivia Rodrigo,SOUR,CH0003,verified,2021-01-08,1.0,verified_year_end_hit,,same_album,143f1c88-f47f-4f37-b25d-614c74269dea,ebc51e4e-ba7d-47ec-8368-546b4dc91dbc,2ae2e504-7116-4b4f-b632-9748bb18ccd2
mb-15bdac71-15d0-4211-888d-fcedbb553141,Hopeless,Halsey,hopeless fountain kingdom,,verified,2017-06-02,0.0,verified_noncharted_in_public_archive,,same_album,15bdac71-15d0-4211-888d-fcedbb553141,80ecc13d-4381-45f1-a671-9bbd329cf50e,69eb9696-35c8-4463-aff5-952526213ce8
mb-178e452a-ad65-43ed-9962-05c9c97c1a7f,Mmm Papi,Britney Spears,Circus,,verified,2008-11-26,0.0,verified_noncharted_in_public_archive,,same_album,178e452a-ad65-43ed-9962-05c9c97c1a7f,32bab601-e931-44d4-9ff6-ee8381403ce1,1e5f92e0-913c-3202-a72c-b068b9f34ce1
mb-17eb8cd6-7bb0-4579-90af-dc38c1b3fc6a,The A Team,Ed Sheeran,+,CH0198,verified,2010-02-07,1.0,verified_year_end_hit,,same_album,17eb8cd6-7bb0-4579-90af-dc38c1b3fc6a,cdd8ac9b-9bfb-42f4-83b7-25b6e0e47e05,05ce100c-eddf-4967-8d7e-33fc0883fe39
mb-1817cdf8-996f-47f9-a53c-93b0665f3af1,One of the Boys,Katy Perry,One of the Boys,,verified,2008-06-17,0.0,verified_noncharted_in_public_archive,,same_album,1817cdf8-996f-47f9-a53c-93b0665f3af1,204959c6-65b4-41ca-88df-51a0caa9946b,88f14b0b-f8d1-31b4-87ab-199145fc12d3
mb-182defde-f578-4f62-87f7-cb02468ff560,Who Am I Living For?,Katy Perry,Teenage Dream,,verified,2010-08-24,0.0,verified_noncharted_in_public_archive,,same_album,182defde-f578-4f62-87f7-cb02468ff560,ecfab8a6-393d-44f5-83da-a39f6426c0b4,e6f683c9-fc85-412c-a352-d6e411fc2603
mb-18b7683b-e085-44d6-a4db-358d6284f51f,Lips Are Movin,Meghan Trainor,Title,CH0152,verified,2014-10-21,1.0,verified_year_end_hit,,same_album,18b7683b-e085-44d6-a4db-358d6284f51f,6e443d4d-0c86-4a49-b4e5-8e6aa8ca353b,e041d145-a199-4ea9-8aba-4988eb4586d7
mb-18d3172a-e209-4e8e-93ef-4306a8961b7b,Legendary Lovers,Katy Perry,PRISM,,verified,2013-10-21,0.0,verified_noncharted_in_public_archive,,same_album,18d3172a-e209-4e8e-93ef-4306a8961b7b,ecb0bfa7-2718-4cc3-a764-b29d895c6990,0d8b973c-fcff-4830-b645-a877b8a9a08f
mb-19a60fb7-8769-448d-92c8-5f6278c3bfb9,Breakdown,Daughtry,Daughtry,,verified,2006-11-20,0.0,verified_noncharted_in_public_archive,,same_album,19a60fb7-8769-448d-92c8-5f6278c3bfb9,6eceb1cd-7a9e-4288-9528-1ae1ece58dd7,a89eb3b6-efe2-3d03-86c1-7e88f66695d3
mb-19f27e67-6b00-45e2-b4d6-bf52856529ba,Freakshow,Britney Spears,Blackout,,verified,2007-10-25,0.0,verified_noncharted_in_public_archive,,same_album,19f27e67-6b00-45e2-b4d6-bf52856529ba,6c57374f-b1f7-4a52-815c-2d96a768ab9f,0b8e14e1-d44d-3770-8617-5c6137a444a8
mb-1a13c710-4b7e-4701-8968-cd61f2e58110,Rolling in the Deep,Adele,21,CH0218,verified,2010-10-21,1.0,verified_year_end_hit,,same_album,1a13c710-4b7e-4701-8968-cd61f2e58110,bbc9ce47-5d26-3489-ae0b-b06c4b8c6450,e4174758-d333-4a8e-a31f-dd0edd51518e
mb-1a67e215-a19e-40c9-9b12-732de134bf5f,Blinding Lights,The Weeknd,After Hours,CH0001,verified,2019-11-29,1.0,verified_year_end_hit,,same_album,1a67e215-a19e-40c9-9b12-732de134bf5f,04ccb6fa-84ed-49fe-94ae-15050bb86b91,78570bea-2a26-467c-a3db-c52723ceb394
mb-1bb3c6e4-9c45-49d8-a8d8-510a60c2ccaa,better off,Ariana Grande,Sweetener,,verified,2018-08-17,0.0,verified_noncharted_in_public_archive,,same_album,1bb3c6e4-9c45-49d8-a8d8-510a60c2ccaa,e9419c15-c359-4c82-91da-08dfafe158d5,58afd5f5-a3cb-43c4-a0dc-fd15fbfe33bf
mb-1cdd7971-c330-4222-9999-623b58638ff5,Beautiful Goodbye,Maroon 5,Overexposed,,verified,2012-06-20,0.0,verified_noncharted_in_public_archive,,same_album,1cdd7971-c330-4222-9999-623b58638ff5,7444bd02-4d1f-42f3-8140-a410f0c8eb66,ed3c55b6-e49d-4d4e-a338-62b823b1e2d4
mb-1cf9f2fc-b55a-4787-b49e-5844a5bd4141,We All Want Love,Rihanna,Talk That Talk,,verified,2011-11-18,0.0,verified_noncharted_in_public_archive,,same_album,1cf9f2fc-b55a-4787-b49e-5844a5bd4141,56d0b0fd-73dd-4bdd-a514-84a14456692f,15818ec5-bf34-47de-a4e5-260f98828d64
mb-1e01a716-13f3-423a-9085-4bfebb0f6465,Love Somebody,Maroon 5,Overexposed,CH0191,verified,2012-06-20,1.0,verified_year_end_hit,,same_album,1e01a716-13f3-423a-9085-4bfebb0f6465,d91c8b69-399e-4553-8287-c3ba37ee6eb6,ed3c55b6-e49d-4d4e-a338-62b823b1e2d4
mb-1e74cd4c-cfa7-4bdb-99da-41869f5f1171,Send My Love (To Your New Lover),Adele,25,CH0127,verified,2015-11-20,1.0,verified_year_end_hit,,same_album,1e74cd4c-cfa7-4bdb-99da-41869f5f1171,1ccb3935-1ac0-4c40-b1e9-8bf092226f8e,5537624c-3d2f-4f5c-8099-df916082c85c
mb-1f8b6a9e-d1e2-49d2-abd5-8e7f9ce2ac8a,Velvet,Fergie,The Dutchess,,verified,2006-06-19,0.0,verified_noncharted_in_public_archive,,same_album,1f8b6a9e-d1e2-49d2-abd5-8e7f9ce2ac8a,dd2aa5ed-24fc-4f2c-973f-964db173b073,5a4599e9-7ec3-3346-8997-5d5f33377c78
mb-20344f0b-35d2-45f6-8b1a-5d1fbff0236e,Through the Dark,One Direction,Midnight Memories,,verified,2013-11-25,0.0,verified_noncharted_in_public_archive,,same_album,20344f0b-35d2-45f6-8b1a-5d1fbff0236e,4cfce569-931d-4ee9-98af-b05c1e4275b6,81f9c781-683e-4a4e-ba86-799e3c4c4be9
mb-20570c16-560b-406a-9c38-50ac75e352fc,Blown Away,Carrie Underwood,Blown Away,CH0217,verified,2012-05-01,1.0,verified_year_end_hit,,same_album,20570c16-560b-406a-9c38-50ac75e352fc,5cb24c01-3160-406e-a10a-ebb8742bc729,35c692f5-3e8a-4d60-b474-9d115e17389a
mb-20594682-fa10-43e8-80fa-b116c68f1b7f,I Miss You,Adele,25,,verified,2015-11-20,0.0,verified_noncharted_in_public_archive,,same_album,20594682-fa10-43e8-80fa-b116c68f1b7f,00153e3c-3b68-4894-928e-b95109d2e3e9,5537624c-3d2f-4f5c-8099-df916082c85c
mb-20a5c986-96b1-496c-8264-91f63cb92bb8,Last Chance,Nicki Minaj,Pink Friday (deluxe edition),,verified,2010-11-21,0.0,verified_noncharted_in_public_archive,,same_album,20a5c986-96b1-496c-8264-91f63cb92bb8,5a121d3f-da6b-48e6-9f55-531623dca2d8,c91d9596-dfa8-482d-b3ab-706e937fd3ec
mb-2199bf89-2583-4368-8f85-3b0bb8f994d4,Thunder,Imagine Dragons,Evolve,CH0078,verified,2017-04-27,1.0,verified_year_end_hit,,same_album,2199bf89-2583-4368-8f85-3b0bb8f994d4,f0c6bc60-2838-4797-8700-9068a58bf02f,8341c952-694d-4866-870e-df48c9e10f17
mb-225e6a35-1424-46e1-b033-1239978c5ba4,Jewels n’ Drugs,Lady Gaga,ARTPOP,,verified,2013-11-05,0.0,verified_noncharted_in_public_archive,,same_album,225e6a35-1424-46e1-b033-1239978c5ba4,b269b424-1caa-4c87-a03e-b57d63246827,815b31d8-b972-48a7-b74a-38c49a277676
mb-23661ebb-dd56-4e3f-b41e-fdd69a79bf8b,Where Do We Go From Here,Alicia Keys,As I Am,,verified,2007-11-09,0.0,verified_noncharted_in_public_archive,,same_album,23661ebb-dd56-4e3f-b41e-fdd69a79bf8b,6698f3e2-ce09-3116-9f6e-2290dee56fb1,b8387dc6-5576-3984-abea-8f54f7c53489
mb-2394a738-02bd-49b9-82eb-05befa6d6da4,Government Hooker,Lady Gaga,Born This Way,,verified,2011-05-20,0.0,verified_noncharted_in_public_archive,,same_album,2394a738-02bd-49b9-82eb-05befa6d6da4,34dbc756-109e-4b53-9e19-1880b40fa19d,2e3b231b-ab9f-4d85-950a-48708a1cc2fb
mb-24134481-599d-4e30-bffd-3080739f3d58,Happier Than Ever,Billie Eilish,Happier Than Ever,CH0023,verified,2021-07-30,1.0,verified_year_end_hit,,same_album,24134481-599d-4e30-bffd-3080739f3d58,aab769d3-a157-427d-b6b0-ac8120efce4d,3ac5236a-3bd8-44c6-ab60-69b013594ae6
mb-24266234-d128-4ca0-8a1a-c61f92c447c1,I’ll Make It Up to You,Imagine Dragons,Evolve,,verified,2017-06-23,0.0,verified_noncharted_in_public_archive,,same_album,24266234-d128-4ca0-8a1a-c61f92c447c1,9480f4de-ff56-4248-9366-eef3caeed7ad,8341c952-694d-4866-870e-df48c9e10f17
mb-2445f788-914f-4893-9a6d-5de91d7db4f9,Treat You Better,Shawn Mendes,Illuminate,CH0118,verified,2016-06-03,1.0,verified_year_end_hit,,same_album,2445f788-914f-4893-9a6d-5de91d7db4f9,0ddad4d4-bfe8-498b-a5a3-d419b334b915,3d59017f-bb26-4095-8a78-c9d372cc64f4
mb-2552ab2d-3470-4764-997f-99ae22c4dad3,Controlla,Drake,Views,CH0132,verified,2016-04-29,1.0,verified_year_end_hit,,same_album,2552ab2d-3470-4764-997f-99ae22c4dad3,9a0faf3e-36cd-404e-bbe7-3888c6554b7d,4aaaa715-df17-43b8-987e-04b54ec4a697
mb-258bc802-8111-4d16-b081-fae0ea6aecba,If U Seek Amy,Britney Spears,Circus,CH0299,verified,2008-08-14,1.0,verified_year_end_hit,,same_album,258bc802-8111-4d16-b081-fae0ea6aecba,ae36b1e1-925a-45e7-985d-90a034c3feb4,1e5f92e0-913c-3202-a72c-b068b9f34ce1
mb-25a3eab5-4796-4297-9cae-3e479c677f3f,Gang Signs,Lil Baby,My Turn,,verified,2020-02-28,0.0,verified_noncharted_in_public_archive,,same_album,25a3eab5-4796-4297-9cae-3e479c677f3f,26d88818-69d5-40f2-a0e2-507a6eecdf0c,77586fd3-4316-4a16-af35-51336d51df5d
mb-25e3ba87-d019-4c67-bb2b-f2eeda75d202,Pound the Alarm,Nicki Minaj,Pink Friday: Roman Reloaded (deluxe edition),CH0220,verified,2012-04-02,1.0,verified_year_end_hit,,same_album,25e3ba87-d019-4c67-bb2b-f2eeda75d202,28677203-f7f9-4053-98f1-edcb7113fd10,78a4ac64-298f-45ec-ac69-832a68830a6a
mb-25fe93c8-6aa3-4b0e-aa8a-77980f17ce35,If Today Was Your Last Day,Nickelback,Dark Horse,CH0298,verified,2008-11-15,1.0,verified_year_end_hit,,same_album,25fe93c8-6aa3-4b0e-aa8a-77980f17ce35,ba877daa-97ec-4528-9f2c-4e2a49e80570,4a62f40e-acce-3938-bdcd-c4ee3003e747
mb-26290d76-ba05-4f65-acc8-6d08615f0489,The Best Day,Taylor Swift,Fearless,,verified,2008-11-11,0.0,verified_noncharted_in_public_archive,,same_album,26290d76-ba05-4f65-acc8-6d08615f0489,f1921180-ce7d-356a-91df-0422b3c71d16,63eba062-847c-3b73-8b0f-6baf27bba6fa
mb-2686465e-9612-4eec-9aab-80c42153c0cd,Lost,Katy Perry,One of the Boys,,verified,2007-01-15,0.0,verified_noncharted_in_public_archive,,same_album,2686465e-9612-4eec-9aab-80c42153c0cd,c464d6b6-5557-4ef7-912f-c33ce1aa2db9,88f14b0b-f8d1-31b4-87ab-199145fc12d3
mb-26d328de-ff0d-4468-b3b9-a3df9975884e,How I Roll,Britney Spears,Femme Fatale,,verified,2011-03-25,0.0,verified_noncharted_in_public_archive,,same_album,26d328de-ff0d-4468-b3b9-a3df9975884e,d563cb0f-09e6-3c6b-8670-41b45d96b301,a7e9d7d2-3c60-472f-b2ba-829de5034179
mb-274b3a7b-64bd-4af3-9af9-dd41277ddc17,"thank u, next",Ariana Grande,"thank u, next",CH0054,verified,2018-05-03,1.0,verified_year_end_hit,,same_album,274b3a7b-64bd-4af3-9af9-dd41277ddc17,21ad6b3f-69f6-4ae1-af2d-5ec99372d169,485d3241-ef02-49a4-88df-a03eaa86d9cd
mb-27b2f489-8bb8-40d2-ae2e-d905811be778,Wreckless Love,Alicia Keys,As I Am,,verified,2007-11-09,0.0,verified_noncharted_in_public_archive,,same_album,27b2f489-8bb8-40d2-ae2e-d905811be778,e63d524a-f4d7-36de-823f-9da4e779dd6a,b8387dc6-5576-3984-abea-8f54f7c53489
mb-27e578ba-d7db-4300-a427-33f4e9890376,Play On,Carrie Underwood,Play On,,verified,2009-11-03,0.0,verified_noncharted_in_public_archive,,same_album,27e578ba-d7db-4300-a427-33f4e9890376,43863589-3ec2-4e5d-be18-f1c6347432b8,f938faab-5ced-4539-899b-51e25773e611
mb-296e4929-ae7e-4c14-8fa3-c40fefe2576a,No Option,Post Malone,Stoney,,verified,2016-12-09,0.0,verified_noncharted_in_public_archive,,same_album,296e4929-ae7e-4c14-8fa3-c40fefe2576a,fe2fc3c4-6075-4c17-bcfd-0d85dc69d58f,3843ba6a-0b1e-48c0-bc86-2f64e6d9525c
mb-29773529-5c2a-4bc9-a7ec-12564956b003,Angel,The Weeknd,Beauty Behind the Madness,,verified,2015-08-28,0.0,verified_noncharted_in_public_archive,,same_album,29773529-5c2a-4bc9-a7ec-12564956b003,7ff9cf91-95e5-4f75-8c60-390f8bc9cc90,a85b8aff-fcbc-4431-95ba-d8c20bbfb77e
mb-29cf773f-a1e1-4a1a-b63d-50366aceb0ee,She Ain’t You,Chris Brown,F.A.M.E.,CH0251,verified,2011-03-18,1.0,verified_year_end_hit,,same_album,29cf773f-a1e1-4a1a-b63d-50366aceb0ee,ec7e2d2e-f8cf-474a-aa8f-a43d3c84a9cd,b2168fe2-85a4-474b-8f75-09d7b7b48959
mb-29fb6806-cf74-4ea5-bbe2-8985b2402eab,Try Sleeping With a Broken Heart,Alicia Keys,The Element of Freedom (deluxe edition),CH0274,verified,2009-11-13,1.0,verified_year_end_hit,,same_album,29fb6806-cf74-4ea5-bbe2-8985b2402eab,618c8c5a-ad66-46cd-97b1-bc463dcd02dd,ff3f4515-0c8d-4779-9217-e5c11eadce13
mb-2abeb766-72f1-4481-8f94-ae12f0831331,Undo It,Carrie Underwood,Play On,CH0272,verified,2009-11-03,1.0,verified_year_end_hit,,same_album,2abeb766-72f1-4481-8f94-ae12f0831331,c0701e06-77ec-4cdd-94c4-50378f1f724b,f938faab-5ced-4539-899b-51e25773e611
mb-2b1262ad-3306-40a1-8159-f8780f74effe,Shirtsleeves,Ed Sheeran,×,,verified,2014-06-20,0.0,verified_noncharted_in_public_archive,,same_album,2b1262ad-3306-40a1-8159-f8780f74effe,a4c35aac-d8d0-4389-9e99-334ccc99d7a1,c24e5416-cd2e-4cff-851b-5faa78db98a2
mb-2b632288-0cca-4cc8-85cc-8272f862920e,Better Now,Post Malone,beerbongs & bentleys,CH0057,verified,2018-04-27,1.0,verified_year_end_hit,,same_album,2b632288-0cca-4cc8-85cc-8272f862920e,3176a751-56e5-4a37-b657-1f219b21425e,a6045fe5-c283-4778-995c-04d953fe73e1
mb-2b9241b3-a7c4-4866-a15d-17344cf44541,Circus,Britney Spears,Circus,CH0283,verified,2008-11-26,1.0,verified_year_end_hit,,same_album,2b9241b3-a7c4-4866-a15d-17344cf44541,6a51c4b4-3541-4875-9c79-f891402a82d9,1e5f92e0-913c-3202-a72c-b068b9f34ce1
mb-2b9f15d9-7d5f-445f-860a-92fb83f4b7e9,Peacock (Cory Enemy & Mia Moretti vocal club mix),Katy Perry,Teenage Dream,,verified,2010-08-24,,unknown,alternate_version_requires_review,unmatched,2b9f15d9-7d5f-445f-860a-92fb83f4b7e9,d032be28-2b13-4768-85a2-472bad296f52,e6f683c9-fc85-412c-a352-d6e411fc2603
mb-2c0a0a30-e749-4e78-b3c9-f1e9083d170f,Mutual,Shawn Mendes,Shawn Mendes,,verified,2018-05-25,0.0,verified_noncharted_in_public_archive,,same_album,2c0a0a30-e749-4e78-b3c9-f1e9083d170f,3169b763-1b86-44d4-bca2-521af4138088,41b9c230-aee1-4f02-a01c-a2abdf4d4f36
mb-2c111a06-cba3-401c-901c-60cfdbd5afe4,Freakum Dress,Beyoncé,B’Day,,verified,2006-09-04,0.0,verified_noncharted_in_public_archive,,same_album,2c111a06-cba3-401c-901c-60cfdbd5afe4,7d4b89cc-c387-4ea8-bf1f-6354b5e901c3,9fdbccb2-9b51-36b7-b643-c7ae586b797d
mb-2ca9724a-b2d6-4ddc-aedb-652b47edd37f,Summers Over (interlude),Drake,Views,,verified,2016-04-29,0.0,verified_noncharted_in_public_archive,,same_album,2ca9724a-b2d6-4ddc-aedb-652b47edd37f,e5bf7601-0a91-486c-aa66-919beb458d85,4aaaa715-df17-43b8-987e-04b54ec4a697
mb-2cced4a3-ec38-4447-a60c-2b015956f087,Refrigerator Door,Luke Combs,What You See Is What You Get,,verified,2019-06-07,0.0,verified_noncharted_in_public_archive,,same_album,2cced4a3-ec38-4447-a60c-2b015956f087,e8aa1a3c-0de0-404b-8df4-8535688140d6,e9fc93bc-1a36-4725-9f7c-10d920b7cbed
mb-2d6f51c6-afc5-457e-9c58-689679c08d30,The One That Got Away,Katy Perry,Teenage Dream,CH0212,verified,2010-08-24,1.0,verified_year_end_hit,,same_album,2d6f51c6-afc5-457e-9c58-689679c08d30,5d482f24-b7d5-44c7-b6c2-2c8d9140907b,e6f683c9-fc85-412c-a352-d6e411fc2603
mb-2ee37619-a388-440e-a83c-ca200462cfc2,Particular Taste,Shawn Mendes,Shawn Mendes,,verified,2018-05-25,0.0,verified_noncharted_in_public_archive,,same_album,2ee37619-a388-440e-a83c-ca200462cfc2,67267d96-44ea-4647-b042-c1f5df8a4098,41b9c230-aee1-4f02-a01c-a2abdf4d4f36
mb-2ef0762b-b19d-4355-b19a-7af087497599,Grenade,Bruno Mars,Doo-Wops & Hooligans,CH0224,verified,2010-09-28,1.0,verified_year_end_hit,,same_album,2ef0762b-b19d-4355-b19a-7af087497599,f37088a0-125d-4500-97ba-ed2f84e8eab4,b3d1fbf7-dd1c-4119-a16e-58c2feb5bcb0
mb-2f7a6b23-341a-4560-a007-c2cfe37c4f46,Everybody Dies,Billie Eilish,Happier Than Ever,,verified,2021-07-30,0.0,verified_noncharted_in_public_archive,,same_album,2f7a6b23-341a-4560-a007-c2cfe37c4f46,610dc24d-f72f-4f22-b577-99b9bc8f2105,3ac5236a-3bd8-44c6-ab60-69b013594ae6
mb-2fd491c9-1dd5-435b-b8ba-0983e3b1ceeb,In the Night,The Weeknd,Beauty Behind the Madness,CH0135,verified,2015-08-28,1.0,verified_year_end_hit,,same_album,2fd491c9-1dd5-435b-b8ba-0983e3b1ceeb,34e636cf-aedb-4f7e-b808-bb41759d37b0,a85b8aff-fcbc-4431-95ba-d8c20bbfb77e
mb-302ea07a-a7a0-4c03-80ae-b53186392216,Un‐Thinkable (I’m Ready),Alicia Keys,The Element of Freedom (deluxe edition),CH0268,verified,2009-11-27,1.0,verified_year_end_hit,,same_album,302ea07a-a7a0-4c03-80ae-b53186392216,2274feae-905a-43ee-bbb6-33277c9ff98b,ff3f4515-0c8d-4779-9217-e5c11eadce13
mb-307ce9da-5690-4e21-ab71-9d12ea106e52,Viva la vida,Coldplay,Viva la Vida or Death and All His Friends,CH0294,verified,2008-05-26,,unknown,chart_predates_recording_release_review_required,unmatched,307ce9da-5690-4e21-ab71-9d12ea106e52,cc3874b7-447b-371d-9666-fc5bc76c41d8,a1084754-8bb5-3ebc-bbd2-6a27d48e798a
mb-312e74b6-10e5-48d6-bac2-5bbac6211c9a,Sober,P!nk,Funhouse,CH0286,verified,2008-10-24,1.0,verified_year_end_hit,,same_album,312e74b6-10e5-48d6-bac2-5bbac6211c9a,f5b8e71e-c523-3f95-9f2a-3399ffda634a,d8e89f6d-0c5b-3a05-a660-8c7367274d85
mb-31a0ccb2-fbe1-48e9-b0b8-96d149a8c4f1,goodbye,Billie Eilish,"WHEN WE ALL FALL ASLEEP, WHERE DO WE GO?",,verified,2019-03-29,0.0,verified_noncharted_in_public_archive,,same_album,31a0ccb2-fbe1-48e9-b0b8-96d149a8c4f1,6a17fb4b-2190-4d64-b369-fed846ab42d2,72375978-a9a1-4254-b957-85565c716b7e
mb-31a5c9c7-4728-4646-8cdc-e9178da15c0d,This One's for You,Luke Combs,This One’s for You,,verified,2015-11-27,0.0,verified_noncharted_in_public_archive,,same_album,31a5c9c7-4728-4646-8cdc-e9178da15c0d,23e71be8-3273-486d-a95d-9df2382a2b55,c2418821-b690-4cb8-9944-592386299150
mb-31e6cc0c-40a1-4d3d-8e0d-e23b21b17137,I Got Money Now,P!nk,I’m Not Dead,,verified,2006-03-31,0.0,verified_noncharted_in_public_archive,,same_album,31e6cc0c-40a1-4d3d-8e0d-e23b21b17137,3a905b61-ab5b-3cd5-b2f7-988a1d811e98,f38cbc7b-fbcf-3f4c-ae36-bee0c69b6778
mb-32def48b-ae72-40fd-8e1d-55a247d0206b,The Thing About Love,Alicia Keys,As I Am,,verified,2007-11-09,0.0,verified_noncharted_in_public_archive,,same_album,32def48b-ae72-40fd-8e1d-55a247d0206b,240b9348-d7f7-3b03-bba3-62d6990d33ff,b8387dc6-5576-3984-abea-8f54f7c53489
mb-32e02581-0a95-43f0-a83c-17af5a0e0c63,I Kissed a Girl,Katy Perry,One of the Boys,CH0310,verified,2008-04-29,1.0,verified_year_end_hit,,same_album,32e02581-0a95-43f0-a83c-17af5a0e0c63,f1c76af5-1e73-3110-9c70-ef3fa2f33f83,88f14b0b-f8d1-31b4-87ab-199145fc12d3
mb-3327aef3-109a-485f-b34a-ce56ecd4c107,O,Coldplay,Ghost Stories,,pending,2014-05-16,,unknown,unresolved_metadata_identity,unmatched,3327aef3-109a-485f-b34a-ce56ecd4c107,,9c5aa9d2-068b-4626-b352-ae6f4f4e0b15
mb-338de6d0-81a3-4e3c-859f-148c20204d97,Ladykiller,Maroon 5,Overexposed,,verified,2012-06-20,0.0,verified_noncharted_in_public_archive,,same_album,338de6d0-81a3-4e3c-859f-148c20204d97,6b45efc4-b83a-4501-a40c-0e56134e2d0f,ed3c55b6-e49d-4d4e-a338-62b823b1e2d4
mb-34106bcb-45b0-4aea-96b0-8e2d1becc740,Raining Men,Rihanna,Loud,,verified,2010-08-18,0.0,verified_noncharted_in_public_archive,,same_album,34106bcb-45b0-4aea-96b0-8e2d1becc740,8b2459ae-edaa-4353-b7f6-27595e45df84,7c6de97d-bf6a-4793-82f5-f142baed33e6
mb-34551dd5-2910-4f14-8f00-dff916dcf6bb,Fire Burns,Nicki Minaj,Pink Friday: Roman Reloaded (deluxe edition),,verified,2012-04-02,0.0,verified_noncharted_in_public_archive,,same_album,34551dd5-2910-4f14-8f00-dff916dcf6bb,84bad04f-97ce-4cf7-a17a-82bf9ea87d84,78a4ac64-298f-45ec-ac69-832a68830a6a
mb-34bb4161-8c39-4fad-8a75-32733b1bb732,Closer,Ne‐Yo,Year of the Gentleman,CH0312,verified,2008-01-01,1.0,verified_year_end_hit,,same_album,34bb4161-8c39-4fad-8a75-32733b1bb732,0d7b5a8c-1d90-4a05-a7a1-6eedab9c3b58,f2eaa55a-757b-3b01-8c33-474dd8a8b870
mb-35bb8d31-a2d6-4681-b584-314355b1d85a,Just to Get High,Nickelback,Dark Horse,,pending,2008-11-15,,unknown,unresolved_metadata_identity,unmatched,35bb8d31-a2d6-4681-b584-314355b1d85a,,4a62f40e-acce-3938-bdcd-c4ee3003e747
mb-36119119-c128-4c87-bdc8-83af13021534,The Edge of Glory,Lady Gaga,Born This Way,CH0235,verified,2011-05-09,1.0,verified_year_end_hit,,same_album,36119119-c128-4c87-bdc8-83af13021534,a0dceb22-ad31-46fc-a42c-07828dad322d,2e3b231b-ab9f-4d85-950a-48708a1cc2fb
mb-37518808-b050-4c17-9d13-e66bc2eb8cc2,Fingerprints,Katy Perry,One of the Boys,,verified,2008-06-17,0.0,verified_noncharted_in_public_archive,,same_album,37518808-b050-4c17-9d13-e66bc2eb8cc2,94056a58-88cf-4903-8b45-1575edd34d6f,88f14b0b-f8d1-31b4-87ab-199145fc12d3
mb-37cbd807-2cf7-429b-b660-9b5b6f7302d2,Broken‐Hearted Girl,Beyoncé,I Am… Sasha Fierce,,verified,2008-11-12,0.0,verified_noncharted_in_public_archive,,same_album,37cbd807-2cf7-429b-b660-9b5b6f7302d2,3e4ed0ef-d8b5-335a-a856-01c5e365840e,6f8e8119-de1b-39f0-85ca-b5252cb9211d
mb-37cbe987-d468-4aea-8888-f101bd9bad7f,It’s Time,Imagine Dragons,Night Visions,CH0190,verified,2011-03-12,1.0,verified_year_end_hit,,same_album,37cbe987-d468-4aea-8888-f101bd9bad7f,7acb0e37-2575-405a-95e4-a91057d50ae1,caef5f01-8568-4573-8458-c9e99ff7c734
mb-3830fc83-d0ff-4309-a94e-dfee4e87402d,Enough for Now,The Fray,The Fray,,pending,2009-02-03,,unknown,unresolved_metadata_identity,unmatched,3830fc83-d0ff-4309-a94e-dfee4e87402d,,74f88ce4-aaaf-3aa8-8c4c-bfed56285e99
mb-383653b4-d066-45ae-994c-832beeb17ef7,Paper Gangsta,Lady Gaga,The Fame,,verified,2008-09-06,0.0,verified_noncharted_in_public_archive,,same_album,383653b4-d066-45ae-994c-832beeb17ef7,eb73249e-0961-4918-95dd-1abf70a84f1e,e5495719-b3ad-3eea-a533-fb70af43c23d
mb-38a0e25d-40ce-4598-b1d1-254b3a84889a,Cheers (Drink to That),Rihanna,Loud,CH0248,verified,2010-08-18,1.0,verified_year_end_hit,,same_album,38a0e25d-40ce-4598-b1d1-254b3a84889a,329d3e97-f76a-4184-9ab2-55e731a13324,7c6de97d-bf6a-4793-82f5-f142baed33e6
mb-3ac570b4-5069-4592-a9e3-730eb91eca1d,Complicated,Rihanna,Loud,,verified,2010-08-18,0.0,verified_noncharted_in_public_archive,,same_album,3ac570b4-5069-4592-a9e3-730eb91eca1d,d81f1fa1-b7bf-484c-a2c9-2fcc77ad443c,7c6de97d-bf6a-4793-82f5-f142baed33e6
mb-3b40aaa8-4604-4eab-9914-622b372555a2,The Fame,Lady Gaga,The Fame,,verified,2008-08-19,0.0,verified_noncharted_in_public_archive,,same_album,3b40aaa8-4604-4eab-9914-622b372555a2,8cc45688-5828-42bf-90ac-79c137005812,e5495719-b3ad-3eea-a533-fb70af43c23d
mb-3b9a2b22-bac5-4cc4-93c0-d5a8ee964863,Pedestal,Fergie,The Dutchess,,verified,2006-06-19,0.0,verified_noncharted_in_public_archive,,same_album,3b9a2b22-bac5-4cc4-93c0-d5a8ee964863,6978a764-5962-4deb-9890-e8fde58c6e88,5a4599e9-7ec3-3346-8997-5d5f33377c78
mb-3be59b6f-6c41-4745-b040-f9d969c74611,Running Over,Justin Bieber,Changes,,verified,2020-02-14,0.0,verified_noncharted_in_public_archive,,same_album,3be59b6f-6c41-4745-b040-f9d969c74611,8df83b94-95cb-4194-8a01-a5ebfa882608,7f673bef-5e95-46a7-baa2-8f29df0624cf
mb-3cb1a5a0-2a10-4bf5-96fb-7211703936ed,Roar,Katy Perry,PRISM,CH0174,verified,2013-08-12,1.0,verified_year_end_hit,,same_album,3cb1a5a0-2a10-4bf5-96fb-7211703936ed,d1cc020a-6bd5-4b3b-a895-5971acd701f7,0d8b973c-fcff-4830-b645-a877b8a9a08f
mb-3d409b8b-7161-4787-8c89-ccee7b232d5d,Where Have You Been?,Rihanna,Talk That Talk,CH0206,verified,2011-11-18,1.0,verified_year_end_hit,,same_album,3d409b8b-7161-4787-8c89-ccee7b232d5d,224e0b37-b622-49f8-92b9-38e48387cd1d,15818ec5-bf34-47de-a4e5-260f98828d64
mb-3d94d514-9ac4-4ddd-bb19-f92a4ebf52b7,Home,Daughtry,Daughtry,CH0334,verified,2006-11-20,1.0,verified_year_end_hit,,same_album,3d94d514-9ac4-4ddd-bb19-f92a4ebf52b7,6ddc5419-8624-3a50-978c-846a16e3ef30,a89eb3b6-efe2-3d03-86c1-7e88f66695d3
mb-3dff7f15-f7e2-4eed-89af-6d9911c3226d,Beautiful Sinner,Nicki Minaj,Pink Friday: Roman Reloaded (deluxe edition),,verified,2012-04-02,0.0,verified_noncharted_in_public_archive,,same_album,3dff7f15-f7e2-4eed-89af-6d9911c3226d,16271ee7-4e92-44c1-a1d2-ae068b371cf5,78a4ac64-298f-45ec-ac69-832a68830a6a
mb-3e1b7a2d-13ff-480d-8eaa-5b1e236d547a,I Lied,Nicki Minaj,The Pinkprint,,verified,2014-12-12,0.0,verified_noncharted_in_public_archive,,same_artist_era,3e1b7a2d-13ff-480d-8eaa-5b1e236d547a,29f414dc-2ebf-441c-8832-46eb352a8629,75c1375c-1311-4cd0-b5cd-182c42e357e7
mb-40e19d92-b212-4915-970a-2ce3b8169d7d,Waking Up in Vegas,Katy Perry,One of the Boys,CH0285,verified,2008-06-17,1.0,verified_year_end_hit,,same_album,40e19d92-b212-4915-970a-2ce3b8169d7d,b5054adb-aaf3-4e54-99a5-ab1f02e0ea97,88f14b0b-f8d1-31b4-87ab-199145fc12d3
mb-40ff435c-cfed-4bfd-bd5c-e11232032229,I Fall Apart,Post Malone,Stoney,CH0082,verified,2016-12-09,1.0,verified_year_end_hit,,same_album,40ff435c-cfed-4bfd-bd5c-e11232032229,e931808d-9d82-4ccf-81fc-3b3cd4eabc07,3843ba6a-0b1e-48c0-bc86-2f64e6d9525c
mb-41ac94c5-c105-4865-acfd-019a3395778f,The Man Who Never Lied,Maroon 5,Overexposed,,verified,2012-06-20,0.0,verified_noncharted_in_public_archive,,same_album,41ac94c5-c105-4865-acfd-019a3395778f,de1e1fc7-786b-488d-be5e-f96808e32c79,ed3c55b6-e49d-4d4e-a338-62b823b1e2d4
mb-41fde6e6-fc8a-4302-9df4-d82a1d3ad8df,Picture Perfect,Chris Brown,Exclusive,,verified,2007-11-05,0.0,verified_noncharted_in_public_archive,,same_album,41fde6e6-fc8a-4302-9df4-d82a1d3ad8df,46f4049c-c4c1-4b53-bc78-a173c6059407,52031b6b-5d3f-3c2d-96a0-112209fed15a
mb-420f1a2e-4d93-413e-957b-68b2b2e71c21,Hit the Ground,Justin Bieber,Purpose,,pending,2015-11-13,,unknown,unresolved_metadata_identity,unmatched,420f1a2e-4d93-413e-957b-68b2b2e71c21,,2660de3c-56db-4bd1-bf99-e162c68e5712
mb-423e5b04-5aaa-4e5c-b34e-7958933394b9,Better Together,Luke Combs,What You See Is What You Get,CH0017,verified,2019-11-08,1.0,verified_year_end_hit,,same_album,423e5b04-5aaa-4e5c-b34e-7958933394b9,97ec52a6-3a8a-4547-84ae-5d4fef23f6d3,e9fc93bc-1a36-4725-9f7c-10d920b7cbed
mb-43341f5d-14f8-49aa-8d99-d81de44fb9c3,Best Song Ever,One Direction,Midnight Memories,CH0197,verified,2013-07-22,1.0,verified_year_end_hit,,same_album,43341f5d-14f8-49aa-8d99-d81de44fb9c3,90a44ae1-861a-4cfc-814c-7bf9b57c643d,81f9c781-683e-4a4e-ba86-799e3c4c4be9
mb-4459f042-afff-4fa3-b5e5-e10d9782992d,Style,Taylor Swift,1989,CH0155,verified,2014-10-24,1.0,verified_year_end_hit,,same_album,4459f042-afff-4fa3-b5e5-e10d9782992d,f4dd8235-123f-4f53-ac07-1fc070016c06,4d9ec1c2-58ec-48a4-aa0a-916718adead0
mb-4483ec59-3ae9-4b5e-87e0-69199d80392d,S.O.S.,Rihanna,A Girl Like Me,CH0352,verified,2006-03-27,,unknown,chart_predates_recording_release_review_required,unmatched,4483ec59-3ae9-4b5e-87e0-69199d80392d,ce4a5217-f510-3faf-a50b-6de840f425e7,51797d3d-7071-30ee-9fb3-d60aad857ef0
mb-4569297a-52bd-4543-8267-d347720e3b16,Memories Are Made Of,Luke Combs,This One’s for You,,verified,2015-11-27,0.0,verified_noncharted_in_public_archive,,same_album,4569297a-52bd-4543-8267-d347720e3b16,dc583877-011a-4dc1-81e5-39806150cc2e,c2418821-b690-4cb8-9944-592386299150
mb-46122226-82e1-4f93-a3dc-238c16d64eb7,Just a Friend to You,Meghan Trainor,Thank You,,verified,2016-05-13,0.0,verified_noncharted_in_public_archive,,same_album,46122226-82e1-4f93-a3dc-238c16d64eb7,ea860560-da25-4dde-b5ab-2ea64d7ca7a7,dc475b10-44d7-47e8-9cb5-d1a1b3c9495d
mb-4658bb93-57c4-4710-86f1-b87869f5781b,Just the Way You Are,Bruno Mars,Doo-Wops & Hooligans,CH0228,verified,2010-07-20,1.0,verified_year_end_hit,,same_album,4658bb93-57c4-4710-86f1-b87869f5781b,cc193a0c-e710-35fd-90d9-701083a1be35,b3d1fbf7-dd1c-4119-a16e-58c2feb5bcb0
mb-468bb085-0c20-44b3-8ca6-66c65cd688f0,I’m a Mess,Ed Sheeran,×,,verified,2014-06-20,0.0,verified_noncharted_in_public_archive,,same_album,468bb085-0c20-44b3-8ca6-66c65cd688f0,762280fd-aec5-4e74-8942-a07ec601d689,c24e5416-cd2e-4cff-851b-5faa78db98a2
mb-47790068-5b89-437c-9c9f-0a2ecd4fb1cd,Say It,Ne‐Yo,Because of You,,verified,2007-04-24,0.0,verified_noncharted_in_public_archive,,same_artist_era,47790068-5b89-437c-9c9f-0a2ecd4fb1cd,ce7ba734-6ec5-4dde-9c93-66280fc7bf0a,47e029e3-7692-3273-9711-1253370640e1
mb-47c711ce-76d3-4f37-be08-926bafb36553,A Girl Like Me,Rihanna,A Girl Like Me,,verified,2006-04-10,0.0,verified_noncharted_in_public_archive,,same_album,47c711ce-76d3-4f37-be08-926bafb36553,9e1ebe08-c3a7-4c9c-aaca-653c3a7faa05,51797d3d-7071-30ee-9fb3-d60aad857ef0
mb-497af860-2780-4ba5-b4cd-3ef5454184d2,3am,Meghan Trainor,Title,,verified,2015-01-09,0.0,verified_noncharted_in_public_archive,,same_album,497af860-2780-4ba5-b4cd-3ef5454184d2,d08116c1-15b1-4fc6-80ca-07d57f389315,e041d145-a199-4ea9-8aba-4988eb4586d7
mb-4a35fdf9-ac68-4d2b-98a4-b66d26225ba9,Runaway (5.1 mix),P!nk,I’m Not Dead,,verified,2006-04-03,,unknown,alternate_version_requires_review,unmatched,4a35fdf9-ac68-4d2b-98a4-b66d26225ba9,a2afa7d6-dc50-3829-a775-cd589c5bd85e,f38cbc7b-fbcf-3f4c-ae36-bee0c69b6778
mb-4a6c0db4-72ba-48f7-96dd-aea068cbe6ca,Self Inflicted,Katy Perry,One of the Boys,,verified,2008-06-17,0.0,verified_noncharted_in_public_archive,,same_album,4a6c0db4-72ba-48f7-96dd-aea068cbe6ca,02a23d6a-ed3a-42b0-bcc1-6a278ec9013a,88f14b0b-f8d1-31b4-87ab-199145fc12d3
mb-4a7ff421-f507-42ce-b4bc-4fa8a857eba5,Muny,Nicki Minaj,Pink Friday (deluxe edition),,verified,2010-11-21,0.0,verified_noncharted_in_public_archive,,same_album,4a7ff421-f507-42ce-b4bc-4fa8a857eba5,ed0ebc35-48fa-47a2-8d2c-66830ce53181,c91d9596-dfa8-482d-b3ab-706e937fd3ec
mb-4b6ad952-257a-4f39-99bb-ed30e6036fd8,Hold It Against Me,Britney Spears,Femme Fatale,CH0242,verified,2011-01-11,1.0,verified_year_end_hit,,same_album,4b6ad952-257a-4f39-99bb-ed30e6036fd8,efc1c051-421e-31e3-b251-4cad3a319e5a,a7e9d7d2-3c60-472f-b2ba-829de5034179
mb-4bde0cf9-068d-4ad9-9712-aae722b48702,Rise Up,Imagine Dragons,Evolve,,verified,2017-06-23,0.0,verified_noncharted_in_public_archive,,same_album,4bde0cf9-068d-4ad9-9712-aae722b48702,da34ba0b-391d-4503-9458-03f3a3ecc47c,8341c952-694d-4866-870e-df48c9e10f17
mb-4c3bdc18-b2a3-48d5-9d06-658520de15fa,Be Careful,Cardi B,Invasion of Privacy,CH0088,verified,2018-03-30,1.0,verified_year_end_hit,,same_album,4c3bdc18-b2a3-48d5-9d06-658520de15fa,cc076add-b2d2-4c09-ab40-e9a377829c3c,45c6de75-bea5-4dd9-a912-55fb9497c3fc
mb-4cfbc6af-eb9f-44f2-8a84-f565b90d68d0,Single,Ne‐Yo,Year of the Gentleman,,verified,2008-01-01,0.0,verified_noncharted_in_public_archive,,same_album,4cfbc6af-eb9f-44f2-8a84-f565b90d68d0,1c09990f-f16d-43d3-9fa9-88a13dfceaa7,f2eaa55a-757b-3b01-8c33-474dd8a8b870
mb-4d82c5eb-9cfe-4dd6-b147-b57cc17a809d,bury a friend,Billie Eilish,"WHEN WE ALL FALL ASLEEP, WHERE DO WE GO?",CH0067,verified,2019-01-30,1.0,verified_year_end_hit,,same_album,4d82c5eb-9cfe-4dd6-b147-b57cc17a809d,6f5d9995-4319-44fc-b008-cb70679fab78,72375978-a9a1-4254-b957-85565c716b7e
mb-4dc241d5-4949-4bd6-83a2-89197f966ec3,Yummy,Justin Bieber,Changes,CH0037,verified,2020-01-03,1.0,verified_year_end_hit,,same_album,4dc241d5-4949-4bd6-83a2-89197f966ec3,8ce4e716-8876-4d0a-b543-f96ee1eb8f77,7f673bef-5e95-46a7-baa2-8f29df0624cf
mb-4dd209b9-80fd-4e11-8093-3bab2db810fc,He Won’t Go,Adele,21,,verified,2011-01-19,0.0,verified_noncharted_in_public_archive,,same_album,4dd209b9-80fd-4e11-8093-3bab2db810fc,982058be-d7a2-44d4-b40c-25afbd248f73,e4174758-d333-4a8e-a31f-dd0edd51518e
mb-4e1262a2-84b5-49bb-ac6f-aa57a405a3de,Conversations With My 13 Year Old Self,P!nk,I’m Not Dead,,verified,2006-03-31,0.0,verified_noncharted_in_public_archive,,same_album,4e1262a2-84b5-49bb-ac6f-aa57a405a3de,8b7f0691-078c-3735-816b-d9a3124242a3,f38cbc7b-fbcf-3f4c-ae36-bee0c69b6778
mb-4ec76419-5b8a-4772-8756-8cda577680a4,Too Good to Say Goodbye,Bruno Mars,24K Magic,,verified,2016-11-17,0.0,verified_noncharted_in_public_archive,,same_album,4ec76419-5b8a-4772-8756-8cda577680a4,678b3d52-fb8b-4f0d-a306-6d3de2390c6d,80ea43b7-2c32-4a79-9fb0-8ff1761ebe09
mb-4f515654-052b-4631-8a78-57ea362cd18a,Take It All,Adele,21,,verified,2011-01-19,0.0,verified_noncharted_in_public_archive,,same_album,4f515654-052b-4631-8a78-57ea362cd18a,c1fabe1f-5383-4e5b-b885-91ce391fa681,e4174758-d333-4a8e-a31f-dd0edd51518e
mb-4f62c4a3-8d4c-4f06-a23c-b566e2eb50d8,Let Me Love You (Until You Learn to Love Yourself),Ne‐Yo,R.E.D.,CH0200,verified,2012-07-31,1.0,verified_year_end_hit,,same_album,4f62c4a3-8d4c-4f06-a23c-b566e2eb50d8,61e6ab71-d440-429a-90f1-c82655e0337d,45c11b00-06a3-4a85-a859-07841895d39a
mb-4f74abd7-5578-4c49-a8db-a8c2904389cf,Voodoo Doll,Fergie,The Dutchess,,verified,2006-06-19,0.0,verified_noncharted_in_public_archive,,same_album,4f74abd7-5578-4c49-a8db-a8c2904389cf,0a6ac457-914b-42bc-8b2f-dcc960c9451d,5a4599e9-7ec3-3346-8997-5d5f33377c78
mb-505f8d89-64af-4bcd-800a-e39cb91598a1,So What,P!nk,Funhouse,CH0290,verified,2008-09-29,,unknown,chart_predates_recording_release_review_required,unmatched,505f8d89-64af-4bcd-800a-e39cb91598a1,8c640f4f-d189-3255-b6da-83f5ce90883d,d8e89f6d-0c5b-3a05-a660-8c7367274d85
mb-511c3c4e-9e6e-4064-83f8-0b54c53e2da2,Beam Me Up,P!nk,The Truth About Love,,verified,2012-09-14,0.0,verified_noncharted_in_public_archive,,same_album,511c3c4e-9e6e-4064-83f8-0b54c53e2da2,d47f8386-a092-4e2f-8245-353ef625a620,74a65aea-6e59-477a-b48c-5e4d9c53dfb2
mb-545d01ee-ffa3-4971-8b6c-dd6cc38d8fb5,successful,Ariana Grande,Sweetener,,verified,2018-08-17,0.0,verified_noncharted_in_public_archive,,same_album,545d01ee-ffa3-4971-8b6c-dd6cc38d8fb5,97244411-b3c5-494f-8171-d4683d140817,58afd5f5-a3cb-43c4-a0dc-fd15fbfe33bf
mb-549fcc30-35fc-4267-8879-565690a07fb1,What If I,Meghan Trainor,Title,,verified,2015-01-09,0.0,verified_noncharted_in_public_archive,,same_album,549fcc30-35fc-4267-8879-565690a07fb1,8c4c34c3-f13f-45cf-9efe-cceb1cf74bd7,e041d145-a199-4ea9-8aba-4988eb4586d7
mb-55671308-2ba1-479b-874a-781d752931c3,Misery,Maroon 5,Hands All Over,CH0263,verified,2010-06-22,1.0,verified_year_end_hit,,same_album,55671308-2ba1-479b-874a-781d752931c3,9ede0a5b-9468-37d3-b947-263d9e67909f,a097ca51-85d5-4109-8e0f-55189a70cb9b
mb-55b9fb00-4390-4549-a692-5993bc524e70,The Lazy Song,Bruno Mars,Doo-Wops & Hooligans,CH0233,verified,2010-10-04,1.0,verified_year_end_hit,,same_album,55b9fb00-4390-4549-a692-5993bc524e70,95a8cd8d-4fef-4cab-82cd-a03a965e01fb,b3d1fbf7-dd1c-4119-a16e-58c2feb5bcb0
mb-5729cea9-f1c3-4b46-904f-16b992c7e3c2,Catch the Sun,Lil Baby,My Turn,,verified,2019-11-15,0.0,verified_noncharted_in_public_archive,,same_album,5729cea9-f1c3-4b46-904f-16b992c7e3c2,99601f2e-9798-491a-8cea-6e5de8bc2019,77586fd3-4316-4a16-af35-51336d51df5d
mb-5780b6fb-066f-4147-ac0e-0d8c8e812e02,Castle on the Hill,Ed Sheeran,÷,CH0106,verified,2017-01-06,1.0,verified_year_end_hit,,same_album,5780b6fb-066f-4147-ac0e-0d8c8e812e02,e58e2697-3fb5-4d25-9cd5-522ebcbbe1b6,e05f9927-e24b-41c5-928d-d0e008a12444
mb-57ff93f1-6d8e-47dc-b9ea-51921a17955e,I Don’t Know Why,Imagine Dragons,Evolve,,verified,2017-06-23,0.0,verified_noncharted_in_public_archive,,same_album,57ff93f1-6d8e-47dc-b9ea-51921a17955e,3867f200-8807-48ad-90a3-992fb93d41ff,8341c952-694d-4866-870e-df48c9e10f17
mb-5800b091-57cb-49b4-9d55-dd68cc9e9126,Mercy,Shawn Mendes,Illuminate,CH0108,verified,2016-08-19,1.0,verified_year_end_hit,,same_album,5800b091-57cb-49b4-9d55-dd68cc9e9126,4c944585-39b6-4c14-a56f-672624531135,3d59017f-bb26-4095-8a78-c9d372cc64f4
mb-587dc336-290e-4056-932b-0234e95ff796,Love Is Blind,Alicia Keys,The Element of Freedom (deluxe edition),,verified,2009-11-27,0.0,verified_noncharted_in_public_archive,,same_album,587dc336-290e-4056-932b-0234e95ff796,d05c40d2-3aeb-4b3b-8a8e-bd650da6dc46,ff3f4515-0c8d-4779-9217-e5c11eadce13
mb-58faab6e-ef88-415d-8d94-d6bbe4f56422,She Is,Ne‐Yo,R.E.D.,,pending,2012-10-31,,unknown,unresolved_metadata_identity,unmatched,58faab6e-ef88-415d-8d94-d6bbe4f56422,,45c11b00-06a3-4a85-a859-07841895d39a
mb-598bc2a9-1a27-4f6a-a7cc-30649303edca,Wildest Dreams,Taylor Swift,1989,CH0141,verified,2014-10-24,1.0,verified_year_end_hit,,same_album,598bc2a9-1a27-4f6a-a7cc-30649303edca,17567c60-83d9-4fa8-bd79-484ecfed8a26,4d9ec1c2-58ec-48a4-aa0a-916718adead0
mb-59e48969-28f6-402b-8c59-5f48a7ddf994,Fortune Teller,Maroon 5,Overexposed,,verified,2012-06-20,0.0,verified_noncharted_in_public_archive,,same_album,59e48969-28f6-402b-8c59-5f48a7ddf994,5ab3fb82-f58e-41cf-8f95-e1813b4bcd1d,ed3c55b6-e49d-4d4e-a338-62b823b1e2d4
mb-59e668fe-ae4d-42f3-b354-ee061a6c4199,Thank God for Hometowns,Carrie Underwood,Blown Away,,verified,2012-05-01,0.0,verified_noncharted_in_public_archive,,same_album,59e668fe-ae4d-42f3-b354-ee061a6c4199,8c3f1fd5-3347-4eb6-94aa-d0b1e13b7eea,35c692f5-3e8a-4d60-b474-9d115e17389a
mb-59fc5ddf-a1d9-4746-902d-71fb5a9a78c2,Shake It Off,Taylor Swift,1989,CH0151,verified,2014-08-18,1.0,verified_year_end_hit,,same_album,59fc5ddf-a1d9-4746-902d-71fb5a9a78c2,5fa63cad-ca5d-4927-ad27-459388bdebaf,4d9ec1c2-58ec-48a4-aa0a-916718adead0
mb-59ff3d3f-2119-4109-812b-902f09b0ca49,Tunnel Vision,Justin Timberlake,The 20/20 Experience,,verified,2013-03-15,0.0,verified_noncharted_in_public_archive,,same_album,59ff3d3f-2119-4109-812b-902f09b0ca49,16e9aed5-6ba8-49c6-917d-f866052c09fc,deae6fc2-a675-4f35-9565-d2aaea4872c7
mb-5a3637a0-aa83-402c-b56e-e1f7304df316,Sorry,Justin Bieber,Purpose,CH0120,verified,2015-10-23,1.0,verified_year_end_hit,,same_album,5a3637a0-aa83-402c-b56e-e1f7304df316,f6475e6e-604f-4194-bc48-9defef8dfd74,2660de3c-56db-4bd1-bf99-e162c68e5712
mb-5a5056f9-1bec-426e-bc39-2ba1d22bb13b,S&M,Rihanna,Loud,CH0226,verified,2010-08-18,1.0,verified_year_end_hit,,same_album,5a5056f9-1bec-426e-bc39-2ba1d22bb13b,dd206794-2382-3e2f-8968-16d605f55b86,7c6de97d-bf6a-4793-82f5-f142baed33e6
mb-5b4a664d-77c0-44b7-b85e-56ee22dcb43a,Money Make Her Smile,Bruno Mars,Unorthodox Jukebox,,verified,2012-12-07,0.0,verified_noncharted_in_public_archive,,same_album,5b4a664d-77c0-44b7-b85e-56ee22dcb43a,bc723dc4-4907-4f23-b595-66a3e5846ee3,978d88db-60ec-41d9-ade7-beea020941b0
mb-5b751658-697e-4058-bee6-a46db92c3f70,clementine,Halsey,Manic,,pending,2019-09-29,,unknown,unresolved_metadata_identity,unmatched,5b751658-697e-4058-bee6-a46db92c3f70,,50e1fb42-ac14-4487-a58d-ed5c847f701d
mb-5c3988e7-2bfc-4a5d-901a-03b06e78ba63,Count on Me,Bruno Mars,Doo-Wops & Hooligans,,verified,2010-03-11,0.0,verified_noncharted_in_public_archive,,same_album,5c3988e7-2bfc-4a5d-901a-03b06e78ba63,a3e6aa3d-5ecb-4c8f-b043-263c200fe928,b3d1fbf7-dd1c-4119-a16e-58c2feb5bcb0
mb-5e2a4bfb-5481-46c3-a906-a70da3ae8ba3,Syndicate,The Fray,The Fray,,verified,2009-02-03,0.0,verified_noncharted_in_public_archive,,same_album,5e2a4bfb-5481-46c3-a906-a70da3ae8ba3,98cf0fe0-62b5-497c-80c4-a90d0a4d5158,74f88ce4-aaaf-3aa8-8c4c-bfed56285e99
mb-5e53d622-f5a8-4477-a0bb-3b058bc3f515,Mad,Ne‐Yo,Year of the Gentleman,CH0288,verified,2008-01-01,1.0,verified_year_end_hit,,same_album,5e53d622-f5a8-4477-a0bb-3b058bc3f515,1ebaf9cb-e3d7-49c0-af0d-46ff47f18157,f2eaa55a-757b-3b01-8c33-474dd8a8b870
mb-5eee6021-95f7-4fc5-8ab1-ad418c5a4757,Conversations With My 13 Year Old Self (5.1 mix),P!nk,I’m Not Dead,,verified,2006-04-03,,unknown,alternate_version_requires_review,unmatched,5eee6021-95f7-4fc5-8ab1-ad418c5a4757,8b7f0691-078c-3735-816b-d9a3124242a3,f38cbc7b-fbcf-3f4c-ae36-bee0c69b6778
mb-60166819-82f2-4018-90ca-598ff6680ad3,Superpower,Beyoncé,BEYONCÉ,,pending,2013-12-13,,unknown,unresolved_metadata_identity,unmatched,60166819-82f2-4018-90ca-598ff6680ad3,44f0ef7f-1fef-4ea7-950c-825718e1ed8b,8596171e-23b2-4bdd-8f1c-11960df0ecbe
mb-605b3002-94db-454e-96d9-c78e3f35b393,International Smile,Katy Perry,PRISM,,verified,2013-10-21,0.0,verified_noncharted_in_public_archive,,same_album,605b3002-94db-454e-96d9-c78e3f35b393,d250593f-3437-4445-a263-4a3ce7010bd7,0d8b973c-fcff-4830-b645-a877b8a9a08f
mb-61cd25db-9fed-4f56-bc09-e6ced9677953,Every Little Bit Helps,Luke Combs,What You See Is What You Get,,verified,2019-11-08,0.0,verified_noncharted_in_public_archive,,same_album,61cd25db-9fed-4f56-bc09-e6ced9677953,0467b58c-c254-419d-9942-d3750c8f47d9,e9fc93bc-1a36-4725-9f7c-10d920b7cbed
mb-63ed60fd-12ed-4a02-8586-3f5ee20ca4ee,Open Up Your Eyes,Daughtry,Leave This Town,,pending,2009-07-14,,unknown,unresolved_metadata_identity,unmatched,63ed60fd-12ed-4a02-8586-3f5ee20ca4ee,,8e335ddb-e9d7-4152-8028-a3a6ddd12d10
mb-655a2a0e-fb49-4539-bd85-a325baca8a37,Try,P!nk,The Truth About Love,CH0192,verified,2012-09-14,1.0,verified_year_end_hit,,same_album,655a2a0e-fb49-4539-bd85-a325baca8a37,2f973ccf-eaed-4954-89ca-0f6c0d861a11,74a65aea-6e59-477a-b48c-5e4d9c53dfb2
mb-655b8f77-15f3-453e-8607-63f5ad1d4c13,Big Girls Don’t Cry,Fergie,The Dutchess,CH0321,verified,2006-06-19,1.0,verified_year_end_hit,,same_album,655b8f77-15f3-453e-8607-63f5ad1d4c13,ecb89a04-eb82-316f-bf18-5b0204af2869,5a4599e9-7ec3-3346-8997-5d5f33377c78
mb-661e19b7-5c69-48af-bee9-9c2110495d45,That’s What I Like,Bruno Mars,24K Magic,CH0098,verified,2016-11-17,1.0,verified_year_end_hit,,same_album,661e19b7-5c69-48af-bee9-9c2110495d45,8b8bcca7-cf75-4163-8c8b-cd21f7b67e06,80ea43b7-2c32-4a79-9fb0-8ff1761ebe09
mb-66b00402-f5f4-449b-9865-4ef2ba304a14,If I Knew,Bruno Mars,Unorthodox Jukebox,,verified,2012-12-07,0.0,verified_noncharted_in_public_archive,,same_album,66b00402-f5f4-449b-9865-4ef2ba304a14,3e2e76e9-938d-469f-a31c-301e456a1765,978d88db-60ec-41d9-ade7-beea020941b0
mb-67b4cfc8-127c-4c97-bcd4-1a64b819221e,Finally / Maybe We Can Take a Ride,Fergie,The Dutchess,,pending,2006-06-19,,unknown,unresolved_metadata_identity,unmatched,67b4cfc8-127c-4c97-bcd4-1a64b819221e,,5a4599e9-7ec3-3346-8997-5d5f33377c78
mb-67b5b6b0-6daf-4e51-8df4-c0205ac33489,Beer Can,Luke Combs,This One’s for You,,verified,2015-11-27,0.0,verified_noncharted_in_public_archive,,same_album,67b5b6b0-6daf-4e51-8df4-c0205ac33489,c1f1001e-5673-410e-bfdc-5f2cf95b31f7,c2418821-b690-4cb8-9944-592386299150
mb-67db7f69-9990-47dd-a9f7-b1be5327f4b4,Trip to Your Heart,Britney Spears,Femme Fatale,,verified,2011-03-25,0.0,verified_noncharted_in_public_archive,,same_album,67db7f69-9990-47dd-a9f7-b1be5327f4b4,24c7e95d-8827-363f-82b2-18cefcbe5b3a,a7e9d7d2-3c60-472f-b2ba-829de5034179
mb-67dc066b-d84e-444c-b250-82917db7281e,Single Ladies (Put a Ring on It),Beyoncé,I Am… Sasha Fierce,CH0277,verified,2008-10-08,1.0,verified_year_end_hit,,same_album,67dc066b-d84e-444c-b250-82917db7281e,c97126a0-c74a-32ac-83a5-3a4b84104c97,6f8e8119-de1b-39f0-85ca-b5252cb9211d
mb-67e8d7b9-1306-4b41-9d00-b06370b6dc57,You Found Me,The Fray,The Fray,CH0278,verified,2008-11-18,1.0,verified_year_end_hit,,same_album,67e8d7b9-1306-4b41-9d00-b06370b6dc57,b7904889-4d71-400f-a6d4-a0eb0a2b485b,74f88ce4-aaaf-3aa8-8c4c-bfed56285e99
mb-6865363a-cc1f-41ad-89b4-b4ef33a23617,The Prologue,Halsey,hopeless fountain kingdom,,verified,2017-06-02,0.0,verified_noncharted_in_public_archive,,same_album,6865363a-cc1f-41ad-89b4-b4ef33a23617,b014f367-f515-41ee-a613-2a5c5201082f,69eb9696-35c8-4463-aff5-952526213ce8
mb-68874918-94ed-4b1d-ac32-0c5eed6f6932,Bad Reputation,Shawn Mendes,Illuminate,,pending,2016-09-23,,unknown,unresolved_metadata_identity,unmatched,68874918-94ed-4b1d-ac32-0c5eed6f6932,,3d59017f-bb26-4095-8a78-c9d372cc64f4
mb-68d524d7-8696-4f8b-a560-1ecd84ebde8f,Sure Looks Good to Me,Alicia Keys,As I Am,,verified,2007-11-09,0.0,verified_noncharted_in_public_archive,,same_album,68d524d7-8696-4f8b-a560-1ecd84ebde8f,0cba01e9-24a4-3342-9b29-05006bc0395f,b8387dc6-5576-3984-abea-8f54f7c53489
mb-692e9fe4-a8ac-467c-a781-e4f4927df942,Nothing Like You,Luke Combs,What You See Is What You Get,,verified,2019-11-08,0.0,verified_noncharted_in_public_archive,,same_album,692e9fe4-a8ac-467c-a781-e4f4927df942,8acfc26f-ea5b-41cb-a3a7-5803995d62b4,e9fc93bc-1a36-4725-9f7c-10d920b7cbed
mb-6949d85d-ffb2-4ab0-9370-52e07b288a39,Yoü and I,Lady Gaga,Born This Way,CH0245,verified,2011-05-20,1.0,verified_year_end_hit,,same_album,6949d85d-ffb2-4ab0-9370-52e07b288a39,a1060414-5dda-4e0f-a450-399b32c7c42f,2e3b231b-ab9f-4d85-950a-48708a1cc2fb
mb-694da04d-1ffc-435c-8b4b-59cc23ac8003,bad guy,Billie Eilish,"WHEN WE ALL FALL ASLEEP, WHERE DO WE GO?",CH0036,verified,2019-03-29,1.0,verified_year_end_hit,,same_album,694da04d-1ffc-435c-8b4b-59cc23ac8003,06c9031d-476f-4d08-be46-72fc581cbe6a,72375978-a9a1-4254-b957-85565c716b7e
mb-69a76314-be3f-499c-84fd-4c564694cc67,Daylight,Maroon 5,Overexposed,CH0187,verified,2012-06-20,1.0,verified_year_end_hit,,same_album,69a76314-be3f-499c-84fd-4c564694cc67,72d4ddea-ed19-486d-945f-a19a49e62550,ed3c55b6-e49d-4d4e-a338-62b823b1e2d4
mb-6aa6fc5a-7e21-456e-9cc0-11414956f7e4,Don't Make Em Like You,Ne‐Yo,R.E.D.,,pending,2012-10-31,,unknown,unresolved_metadata_identity,unmatched,6aa6fc5a-7e21-456e-9cc0-11414956f7e4,,45c11b00-06a3-4a85-a859-07841895d39a
mb-6b9e34d9-b4e0-41cc-ac4e-fb3a9219265a,P.S. (I’m Still Not Over You),Rihanna,A Girl Like Me,,verified,2006-04-10,0.0,verified_noncharted_in_public_archive,,same_album,6b9e34d9-b4e0-41cc-ac4e-fb3a9219265a,e8d0f8a1-b5da-4ea4-8256-16930de658d8,51797d3d-7071-30ee-9fb3-d60aad857ef0
mb-6b9f6163-2a37-4486-8aa3-ae7aedd2cac4,In Your Pocket,Maroon 5,V,,verified,2014-09-02,0.0,verified_noncharted_in_public_archive,,same_album,6b9f6163-2a37-4486-8aa3-ae7aedd2cac4,4d9e1572-ff0e-4cfd-80e7-da87ef00edb8,3622c71c-c674-46bc-8fc2-24d182f7684a
mb-6baabb90-4910-4df3-be31-4011a81735b3,Please Don’t Leave Me,P!nk,Funhouse,CH0293,verified,2008-10-24,1.0,verified_year_end_hit,,same_album,6baabb90-4910-4df3-be31-4011a81735b3,9e3a3b31-1c20-3e08-a162-c8e464d8a89c,d8e89f6d-0c5b-3a05-a660-8c7367274d85
mb-6beb0296-ec73-4f27-af4e-f35286a61c1f,There and Back Again,Daughtry,Daughtry,,verified,2006-11-20,0.0,verified_noncharted_in_public_archive,,same_album,6beb0296-ec73-4f27-af4e-f35286a61c1f,b3358d26-aab2-4b13-9210-9e6818dfb366,a89eb3b6-efe2-3d03-86c1-7e88f66695d3
mb-6cc8749c-83b5-4160-ba42-fe52bb90da47,Bodak Yellow (Money Moves),Cardi B,Invasion of Privacy,CH0086,verified,2017-06-16,1.0,verified_year_end_hit,,same_album,6cc8749c-83b5-4160-ba42-fe52bb90da47,e800926c-4891-415b-89be-c193cfe941a3,45c6de75-bea5-4dd9-a912-55fb9497c3fc
mb-6dd15f8e-6001-4d2d-af76-c9c5d966b64e,Straight Up & Down,Bruno Mars,24K Magic,,verified,2016-11-17,0.0,verified_noncharted_in_public_archive,,same_album,6dd15f8e-6001-4d2d-af76-c9c5d966b64e,3cf13d4d-a616-4ca3-85c2-aba6da347c45,80ea43b7-2c32-4a79-9fb0-8ff1761ebe09
mb-6eab1918-39c9-44cc-b59b-eaed8efeba18,Moonlight,Ariana Grande,Dangerous Woman,,verified,2016-05-20,0.0,verified_noncharted_in_public_archive,,same_album,6eab1918-39c9-44cc-b59b-eaed8efeba18,c74896b9-7f3a-4a3d-b17a-badd2eb64eb1,dfd582da-ab2e-4009-9365-405bf1ad2c49
mb-6f70eb3a-55ef-410c-b78a-4b1bb3dac6a2,get well soon,Ariana Grande,Sweetener,,verified,2018-08-17,0.0,verified_noncharted_in_public_archive,,same_album,6f70eb3a-55ef-410c-b78a-4b1bb3dac6a2,e77cfdff-b54f-4645-bfc6-dc72a5c78bce,58afd5f5-a3cb-43c4-a0dc-fd15fbfe33bf
mb-6fa11e28-dd4a-4b44-b638-0c64de3d3aa8,I’m the Best,Nicki Minaj,Pink Friday (deluxe edition),,verified,2010-11-21,0.0,verified_noncharted_in_public_archive,,same_album,6fa11e28-dd4a-4b44-b638-0c64de3d3aa8,d52ff762-ea67-4f6c-9a89-848569f30b4a,c91d9596-dfa8-482d-b3ab-706e937fd3ec
mb-7033a59b-1259-49bf-91c3-f58b8ab8db33,Losing My Ground,Fergie,The Dutchess,,verified,2006-06-19,0.0,verified_noncharted_in_public_archive,,same_album,7033a59b-1259-49bf-91c3-f58b8ab8db33,3a4cfabe-b551-45c9-9af8-e5e211b5732c,5a4599e9-7ec3-3346-8997-5d5f33377c78
mb-70a27d2c-a77e-48ab-8b4b-47a2d4b7d670,Unkiss Me,Maroon 5,V,,verified,2014-09-02,0.0,verified_noncharted_in_public_archive,,same_album,70a27d2c-a77e-48ab-8b4b-47a2d4b7d670,77fb36b0-ad3a-4f21-a357-2229dd8b821a,3622c71c-c674-46bc-8fc2-24d182f7684a
mb-70ecebf2-6dc0-4cc8-8f6c-52f7de1fdeb0,You Belong With Me,Taylor Swift,Fearless,CH0260,verified,2008-11-11,1.0,verified_year_end_hit,,same_album,70ecebf2-6dc0-4cc8-8f6c-52f7de1fdeb0,4f0b6123-2bbd-3672-a928-b1949a42654d,63eba062-847c-3b73-8b0f-6baf27bba6fa
mb-7101eeb1-5210-4a97-b4d6-81aa2ff92835,Starships,Nicki Minaj,Pink Friday: Roman Reloaded (deluxe edition),CH0201,verified,2012-02-14,1.0,verified_year_end_hit,,same_album,7101eeb1-5210-4a97-b4d6-81aa2ff92835,5cce8873-d539-4405-9c6f-31a8e66f2b58,78a4ac64-298f-45ec-ac69-832a68830a6a
mb-716f0fa1-c526-4995-a8ad-ff57c44bf9b1,24K Magic,Bruno Mars,24K Magic,CH0101,verified,2016-10-07,1.0,verified_year_end_hit,,same_album,716f0fa1-c526-4995-a8ad-ff57c44bf9b1,77e100ac-7541-4e52-8ff7-64e7f973c759,80ea43b7-2c32-4a79-9fb0-8ff1761ebe09
mb-7203c23a-5f31-4847-a50e-8a67bb26b43b,7 rings,Ariana Grande,"thank u, next",CH0051,verified,2018-05-03,1.0,verified_year_end_hit,,same_album,7203c23a-5f31-4847-a50e-8a67bb26b43b,c5627afa-416f-4854-8db3-a29a5ece4654,485d3241-ef02-49a4-88df-a03eaa86d9cd
mb-7210c300-bbf0-45d9-912d-71dc27364852,Runaway,Ed Sheeran,×,,verified,2014-06-20,0.0,verified_noncharted_in_public_archive,,same_album,7210c300-bbf0-45d9-912d-71dc27364852,a8aff1c3-0432-47e4-baee-c6762c5a8782,c24e5416-cd2e-4cff-851b-5faa78db98a2
mb-721f020b-80bf-444b-a8cc-b09b0bc4a30e,Mine,Taylor Swift,Speak Now,CH0259,verified,2010-08-04,1.0,verified_year_end_hit,,same_album,721f020b-80bf-444b-a8cc-b09b0bc4a30e,3b86f1da-4c28-3da1-8f90-632e62e7b521,ba1259eb-d41e-41c5-a70c-0e6fa73e6708
mb-72791fa7-4375-4549-a576-3d832cb3726e,Gun Shot,Nicki Minaj,Pink Friday: Roman Reloaded (deluxe edition),,verified,2012-04-02,0.0,verified_noncharted_in_public_archive,,same_album,72791fa7-4375-4549-a576-3d832cb3726e,b41f00be-60d7-42b6-b744-00e766e20b8e,78a4ac64-298f-45ec-ac69-832a68830a6a
mb-729c0eb7-0101-4376-ae08-4604cdc19b20,Right Now,One Direction,Midnight Memories,,verified,2013-11-25,0.0,verified_noncharted_in_public_archive,,same_album,729c0eb7-0101-4376-ae08-4604cdc19b20,dadb1193-e0cb-45ac-9b54-fba2a0f77110,81f9c781-683e-4a4e-ba86-799e3c4c4be9
mb-72d0365f-b0e1-425a-8639-5d4c26816d83,Pearl,Katy Perry,Teenage Dream,,verified,2010-08-24,0.0,verified_noncharted_in_public_archive,,same_album,72d0365f-b0e1-425a-8639-5d4c26816d83,dfa8e5fe-227f-4c3b-995a-b3f34b9d9dbb,e6f683c9-fc85-412c-a352-d6e411fc2603
mb-73784600-a665-4a6c-9687-187dbefc556d,SICKO MODE,Travis Scott,ASTROWORLD,CH0052,verified,2018-08-03,1.0,verified_year_end_hit,,same_album,73784600-a665-4a6c-9687-187dbefc556d,e2e5db09-949e-4d9a-88d2-06c1fc795bfc,c0704c7d-dc5b-43cd-b372-8056a3bf7bb2
mb-74b50d48-13dd-488b-affe-5e11166fd346,Connect,Drake,Nothing Was the Same,,verified,2013-09-19,0.0,verified_noncharted_in_public_archive,,same_album,74b50d48-13dd-488b-affe-5e11166fd346,b44bd22a-5add-463a-996d-2797f1670c1c,0b6c2da8-ac60-4663-beae-bd3dc6dea94a
mb-75090060-75fa-4a87-aa63-c0f730d1825d,!!!!!!!,Billie Eilish,"WHEN WE ALL FALL ASLEEP, WHERE DO WE GO?",,verified,2019-03-29,0.0,verified_noncharted_in_public_archive,,same_album,75090060-75fa-4a87-aa63-c0f730d1825d,2942b400-fb80-4690-a698-433d301724ea,72375978-a9a1-4254-b957-85565c716b7e
mb-759edfb8-0b3c-4d4b-9538-a4e20f21f1e3,All About That Bass,Meghan Trainor,Title,CH0154,verified,2014-02-16,1.0,verified_year_end_hit,,same_album,759edfb8-0b3c-4d4b-9538-a4e20f21f1e3,d2245c93-7bf5-4b71-b1f6-7577a3322e3a,e041d145-a199-4ea9-8aba-4988eb4586d7
mb-76709507-8c4f-4f8c-a9e0-2bed94a16ddd,One Foot Wrong,P!nk,Funhouse,,verified,2008-10-24,0.0,verified_noncharted_in_public_archive,,same_album,76709507-8c4f-4f8c-a9e0-2bed94a16ddd,c5053ed7-482a-3b6d-929a-6c3b2d1f44b8,d8e89f6d-0c5b-3a05-a660-8c7367274d85
mb-77af5f95-4c6f-4bb9-805a-85088a9c27fd,What Do You Mean?,Justin Bieber,Purpose,CH0128,verified,2015-08-28,1.0,verified_year_end_hit,,same_album,77af5f95-4c6f-4bb9-805a-85088a9c27fd,0a3f5c2b-750a-44ed-8f94-2d422d083d6c,2660de3c-56db-4bd1-bf99-e162c68e5712
mb-77c6fb53-dc60-496b-a6a0-218b7c377487,Adventure of a Lifetime,Coldplay,A Head Full of Dreams,CH0144,verified,2015-11-06,1.0,verified_year_end_hit,,same_album,77c6fb53-dc60-496b-a6a0-218b7c377487,89c8129a-c405-4726-a942-875d8f8a8acc,27da3ef8-f3b0-47bf-898d-9bdf4af7fc04
mb-783b891d-7d0e-4ecd-b166-59613629999a,The Great Escape,P!nk,The Truth About Love,,verified,2012-09-14,0.0,verified_noncharted_in_public_archive,,same_album,783b891d-7d0e-4ecd-b166-59613629999a,f87034db-552d-419b-9dc1-f75f12c58c5c,74a65aea-6e59-477a-b48c-5e4d9c53dfb2
mb-7932ba40-a0d3-4a7e-8d85-b351fd33317e,Lovesong,Adele,21,,verified,2011-01-19,0.0,verified_noncharted_in_public_archive,,same_album,7932ba40-a0d3-4a7e-8d85-b351fd33317e,670818b5-eaf5-322f-9c8b-5f9b3e61d312,e4174758-d333-4a8e-a31f-dd0edd51518e
mb-7964ac4e-5760-4d35-b61f-b39823c6cacf,Leave Me Lonely,Ariana Grande,Dangerous Woman,,verified,2016-05-20,0.0,verified_noncharted_in_public_archive,,same_album,7964ac4e-5760-4d35-b61f-b39823c6cacf,da3f0e90-6a3e-4838-9453-514c4497f246,dfd582da-ab2e-4009-9365-405bf1ad2c49
mb-797ae656-81d4-4d89-bddb-eca56f77ba72,Rumour Has It,Adele,21,CH0215,verified,2011-01-19,1.0,verified_year_end_hit,,same_album,797ae656-81d4-4d89-bddb-eca56f77ba72,657338da-aa3a-420d-a72c-bb3f95a35377,e4174758-d333-4a8e-a31f-dd0edd51518e
mb-7a1040dc-bac0-479c-9921-f43797ed0b81,Paparazzi,Lady Gaga,The Fame,CH0264,verified,2008-08-19,1.0,verified_year_end_hit,,same_album,7a1040dc-bac0-479c-9921-f43797ed0b81,68a61002-fbe4-30cd-88f2-2e9280a1fa57,e5495719-b3ad-3eea-a533-fb70af43c23d
mb-7bc3d832-09fb-4e57-a266-fd8cfa15b6f3,God’s Plan,Drake,Scorpion,CH0071,verified,2018-01-19,1.0,verified_year_end_hit,,same_album,7bc3d832-09fb-4e57-a266-fd8cfa15b6f3,caa91f0e-f9a3-40b7-a639-91d58475aebc,857db798-5c31-4d5f-991a-6667f41d8899
mb-7c06f9f4-025f-4b8b-8950-dd13dc7a06ab,S.E.X.,Nickelback,Dark Horse,,pending,2008-11-15,,unknown,unresolved_metadata_identity,unmatched,7c06f9f4-025f-4b8b-8950-dd13dc7a06ab,,4a62f40e-acce-3938-bdcd-c4ee3003e747
mb-7c0ed007-5118-4086-917a-fd9cfb0d338e,Animals,Maroon 5,V,CH0157,verified,2014-08-25,1.0,verified_year_end_hit,,same_album,7c0ed007-5118-4086-917a-fd9cfb0d338e,cc7938d3-9e91-4843-a611-b95ef7d3eeff,3622c71c-c674-46bc-8fc2-24d182f7684a
mb-7c1fce2d-5f5b-4a5b-8287-d3452ae3677f,One More Night,Maroon 5,Overexposed,CH0189,verified,2012-06-19,1.0,verified_year_end_hit,,same_album,7c1fce2d-5f5b-4a5b-8287-d3452ae3677f,37a96ddb-eb30-4767-a4ff-2fead25134b7,ed3c55b6-e49d-4d4e-a338-62b823b1e2d4
mb-7c4ad927-9f9b-4ffb-85d9-a32f28d8e65d,I Don’t Believe You,P!nk,Funhouse,,verified,2008-10-24,0.0,verified_noncharted_in_public_archive,,same_album,7c4ad927-9f9b-4ffb-85d9-a32f28d8e65d,5cc4b4ed-355b-3516-9c55-a0a344b27cd4,d8e89f6d-0c5b-3a05-a660-8c7367274d85
mb-7c894616-9bf5-4aa2-a047-7bc7e4227e0b,Trouble for Me,Britney Spears,Femme Fatale,,verified,2011-03-25,0.0,verified_noncharted_in_public_archive,,same_album,7c894616-9bf5-4aa2-a047-7bc7e4227e0b,5ca5b00a-3d72-3aca-ac35-61107a21fd9e,a7e9d7d2-3c60-472f-b2ba-829de5034179
mb-7cd5cbda-c1fa-484a-b98a-7006b7eb986c,Next to Me,Imagine Dragons,Evolve,,verified,2017-06-23,0.0,verified_noncharted_in_public_archive,,same_album,7cd5cbda-c1fa-484a-b98a-7006b7eb986c,365ae867-694f-4abe-93b6-8aae47e9d599,8341c952-694d-4866-870e-df48c9e10f17
mb-7d3e38f8-c9a3-4342-9a97-5820eeda6001,More,Halsey,Manic,,pending,2020-01-17,,unknown,unresolved_metadata_identity,unmatched,7d3e38f8-c9a3-4342-9a97-5820eeda6001,,50e1fb42-ac14-4487-a58d-ed5c847f701d
mb-7dcbc1be-4257-4d64-b915-045dfb23ae88,Photograph,Ed Sheeran,×,CH0156,verified,2014-06-20,1.0,verified_year_end_hit,,same_album,7dcbc1be-4257-4d64-b915-045dfb23ae88,0f7b4fc9-1061-4e9b-bf8c-5e0726e3ad44,c24e5416-cd2e-4cff-851b-5faa78db98a2
mb-7ef9528b-9d4a-4b57-af13-815d7efaccba,Male Fantasy,Billie Eilish,Happier Than Ever,,verified,2021-07-30,0.0,verified_noncharted_in_public_archive,,same_album,7ef9528b-9d4a-4b57-af13-815d7efaccba,3b8a5b19-468e-4e60-9c6d-c310bf4f755a,3ac5236a-3bd8-44c6-ab60-69b013594ae6
mb-804cebd3-bece-456b-b5d8-8c0752171c28,All That I Got (The Make-Up Song),Fergie,The Dutchess,,verified,2006-06-19,0.0,verified_noncharted_in_public_archive,,same_album,804cebd3-bece-456b-b5d8-8c0752171c28,f95702f9-c61d-42b5-ae1a-091567c7a5e4,5a4599e9-7ec3-3346-8997-5d5f33377c78
mb-80b82002-46c4-46e6-ba8f-a7ae9c56f8ac,Underdog,Imagine Dragons,Night Visions,,verified,2012-09-04,0.0,verified_noncharted_in_public_archive,,same_album,80b82002-46c4-46e6-ba8f-a7ae9c56f8ac,722eeed8-2c41-4f01-ba43-4005372317d6,caef5f01-8568-4573-8458-c9e99ff7c734
mb-812ace20-b479-465b-a5a6-5da0456c2225,Tennessee Line,Daughtry,Leave This Town,,pending,2009-07-14,,unknown,unresolved_metadata_identity,unmatched,812ace20-b479-465b-a5a6-5da0456c2225,,8e335ddb-e9d7-4152-8028-a3a6ddd12d10
mb-82214173-a7e5-4abc-938e-03031d9241b3,Hot n Cold,Katy Perry,One of the Boys,CH0282,verified,2008-06-17,1.0,verified_year_end_hit,,same_album,82214173-a7e5-4abc-938e-03031d9241b3,3ab64b07-4760-3b29-83e1-9f63cd39963f,88f14b0b-f8d1-31b4-87ab-199145fc12d3
mb-82c1304f-efbb-4dd1-9dab-511a768ea686,Put It in a Love Song,Alicia Keys,The Element of Freedom (deluxe edition),,verified,2009-11-27,0.0,verified_noncharted_in_public_archive,,same_album,82c1304f-efbb-4dd1-9dab-511a768ea686,ed7e7768-abd1-4ee9-a4ae-7eab4298c54a,ff3f4515-0c8d-4779-9217-e5c11eadce13
mb-82daf5fc-4585-4cd4-9373-94efe041dd2a,The Most,Justin Bieber,Purpose,,pending,2015-11-13,,unknown,unresolved_metadata_identity,unmatched,82daf5fc-4585-4cd4-9373-94efe041dd2a,,2660de3c-56db-4bd1-bf99-e162c68e5712
mb-839a1658-53f7-4b2a-86d9-3e52d929d5a2,Believer,Imagine Dragons,Evolve,CH0097,verified,2017-02-01,1.0,verified_year_end_hit,,same_album,839a1658-53f7-4b2a-86d9-3e52d929d5a2,92b8772e-6c59-44c2-8766-fe1f9aa77d89,8341c952-694d-4866-870e-df48c9e10f17
mb-83a8ad8a-6034-4d53-acf4-c38e88babe91,Cold,Post Malone,Stoney,,verified,2016-12-09,0.0,verified_noncharted_in_public_archive,,same_album,83a8ad8a-6034-4d53-acf4-c38e88babe91,3b919bec-87e3-4c0e-a1fe-2f18e9803bfd,3843ba6a-0b1e-48c0-bc86-2f64e6d9525c
mb-83e2ea83-87bc-481a-917c-b12912a4f8d4,Crashed,Daughtry,Daughtry,,verified,2006-11-20,0.0,verified_noncharted_in_public_archive,,same_album,83e2ea83-87bc-481a-917c-b12912a4f8d4,9add4766-fa0b-4a74-93f5-7571251471a5,a89eb3b6-efe2-3d03-86c1-7e88f66695d3
mb-83fa4748-2c91-4981-b480-23a764d69fc7,No One,Alicia Keys,As I Am,CH0306,verified,2007-09-10,1.0,verified_year_end_hit,,same_album,83fa4748-2c91-4981-b480-23a764d69fc7,0ef2ed2a-6e3c-3a0b-b83d-307c4759063a,b8387dc6-5576-3984-abea-8f54f7c53489
mb-851d32ba-114a-4dea-94c3-ed900f5ca1a6,Feels Like Tonight,Daughtry,Daughtry,CH0324,verified,2006-11-20,1.0,verified_year_end_hit,,same_album,851d32ba-114a-4dea-94c3-ed900f5ca1a6,3b8158dd-46c0-42fd-a246-69102861f457,a89eb3b6-efe2-3d03-86c1-7e88f66695d3
mb-86c84deb-4016-4af0-9139-68863a97e063,Colour Spectrum,Coldplay,A Head Full of Dreams,,verified,2015-12-04,0.0,verified_noncharted_in_public_archive,,same_album,86c84deb-4016-4af0-9139-68863a97e063,ac550243-df3e-4a20-b7a9-ba238e01479f,27da3ef8-f3b0-47bf-898d-9bdf4af7fc04
mb-870c62b6-ba2c-4873-b962-6289128e4a90,Million Years Ago,Adele,25,,verified,2015-11-20,0.0,verified_noncharted_in_public_archive,,same_album,870c62b6-ba2c-4873-b962-6289128e4a90,ee456426-9152-464a-9dd0-040c4ebfac93,5537624c-3d2f-4f5c-8099-df916082c85c
mb-87dede50-097f-4064-9a9b-bd4851363971,Demons,Imagine Dragons,Night Visions,CH0168,verified,2012-02-14,1.0,verified_year_end_hit,,same_album,87dede50-097f-4064-9a9b-bd4851363971,42462391-3cdb-4af6-8a6c-386021ea6d6c,caef5f01-8568-4573-8458-c9e99ff7c734
mb-87e161a9-8801-483d-8bb7-8d65973d9597,You da One,Rihanna,Talk That Talk,CH0222,verified,2011-11-18,1.0,verified_year_end_hit,,same_album,87e161a9-8801-483d-8bb7-8d65973d9597,76416d53-1e9a-4901-b2d0-f96c7fa89088,15818ec5-bf34-47de-a4e5-260f98828d64
mb-87e99c5d-4bf5-4b68-a592-fa19a82bf2d9,No Surprise,Daughtry,Leave This Town,CH0297,verified,2009-07-14,,unknown,chart_predates_recording_release_review_required,unmatched,87e99c5d-4bf5-4b68-a592-fa19a82bf2d9,b3241f0e-81a8-4e6f-b29c-53fcc75b7e46,8e335ddb-e9d7-4152-8028-a3a6ddd12d10
mb-8886cad5-f348-48fe-8fc6-099a2b2df297,Me Too,Meghan Trainor,Thank You,CH0136,verified,2016-05-05,1.0,verified_year_end_hit,,same_album,8886cad5-f348-48fe-8fc6-099a2b2df297,8ac6e6ab-c1c9-4f4c-bc58-c31550f3a3aa,dc475b10-44d7-47e8-9cb5-d1a1b3c9495d
mb-895a1894-c602-49d9-87b0-42ee8c39517b,Boys Boys Boys,Lady Gaga,The Fame,,verified,2008-08-19,0.0,verified_noncharted_in_public_archive,,same_album,895a1894-c602-49d9-87b0-42ee8c39517b,2c76c172-1ac4-4968-9c1f-a9e3b90e2970,e5495719-b3ad-3eea-a533-fb70af43c23d
mb-899a043d-67bc-420c-85ea-6fee705baeb3,Halo,Beyoncé,I Am… Sasha Fierce,CH0281,verified,2008-11-12,1.0,verified_year_end_hit,,same_album,899a043d-67bc-420c-85ea-6fee705baeb3,146acff2-83bd-31c4-92bc-07f1ad6a28bf,6f8e8119-de1b-39f0-85ca-b5252cb9211d
mb-89ba980f-9926-4a48-a35b-878a59ed3972,Nobody,Ne‐Yo,Year of the Gentleman,,pending,2008-01-01,,unknown,unresolved_metadata_identity,unmatched,89ba980f-9926-4a48-a35b-878a59ed3972,,f2eaa55a-757b-3b01-8c33-474dd8a8b870
mb-8aa9b186-a8b4-4034-8540-8cf288cd23b8,Seal It With a Kiss,Britney Spears,Femme Fatale,,verified,2011-03-25,0.0,verified_noncharted_in_public_archive,,same_album,8aa9b186-a8b4-4034-8540-8cf288cd23b8,a90ee1a1-c88a-39f1-ba48-de4ce66e2de6,a7e9d7d2-3c60-472f-b2ba-829de5034179
mb-8c28a9b1-e36e-4950-9cab-13fb7ff3c300,Kill the Lights,Britney Spears,Circus,,verified,2008-11-26,0.0,verified_noncharted_in_public_archive,,same_album,8c28a9b1-e36e-4950-9cab-13fb7ff3c300,db76dc12-6cff-416b-9b92-8cb73b9c54f5,1e5f92e0-913c-3202-a72c-b068b9f34ce1
mb-8c3d20b4-2f92-46fa-977c-ab5d9f20cc78,Bad Influence,P!nk,Funhouse,,verified,2008-10-24,0.0,verified_noncharted_in_public_archive,,same_album,8c3d20b4-2f92-46fa-977c-ab5d9f20cc78,1dfd246c-071e-3d8a-bfd0-9add04202df3,d8e89f6d-0c5b-3a05-a660-8c7367274d85
mb-8cbd3954-57f7-4325-a6a7-5508e52a0520,Blue Collar Boys,Luke Combs,What You See Is What You Get,,verified,2019-11-08,0.0,verified_noncharted_in_public_archive,,same_album,8cbd3954-57f7-4325-a6a7-5508e52a0520,3063fdc7-fcc6-4530-8255-b1c617f8da4b,e9fc93bc-1a36-4725-9f7c-10d920b7cbed
mb-8cf81f4a-05fd-4688-bb8c-eb59df2026a0,Teenage Dream,Katy Perry,Teenage Dream,CH0247,verified,2010-01-01,1.0,verified_year_end_hit,,same_album,8cf81f4a-05fd-4688-bb8c-eb59df2026a0,f522fa2c-e5bd-3856-ae7e-cc690b98e373,e6f683c9-fc85-412c-a352-d6e411fc2603
mb-8ddbdf9c-7400-4889-984d-17813c513c7c,Born This Way,Lady Gaga,Born This Way,CH0230,verified,2011-02-11,1.0,verified_year_end_hit,,same_album,8ddbdf9c-7400-4889-984d-17813c513c7c,c2b27b3d-4fe7-3daa-ad38-147936522869,2e3b231b-ab9f-4d85-950a-48708a1cc2fb
mb-8ef6dd60-ec75-4881-817b-a9d8f8c3c1bf,Bang Dem Sticks,Meghan Trainor,Title,,verified,2015-01-09,0.0,verified_noncharted_in_public_archive,,same_album,8ef6dd60-ec75-4881-817b-a9d8f8c3c1bf,8b9ea73c-c382-414d-9371-7ab6c5372b30,e041d145-a199-4ea9-8aba-4988eb4586d7
mb-8efe2cd3-2adc-4abf-b06c-536208ca71fa,Stitches,Shawn Mendes,Handwritten,CH0125,verified,2015-04-14,1.0,verified_year_end_hit,,same_album,8efe2cd3-2adc-4abf-b06c-536208ca71fa,eb4172cb-8546-4d71-89d3-9ba04189404d,d0efb4c9-0578-49e7-bb3f-c64f98871009
mb-9037fd5b-e74f-49c9-90aa-9c8d08ee160a,Don’t,Ed Sheeran,×,CH0164,verified,2014-06-20,1.0,verified_year_end_hit,,same_album,9037fd5b-e74f-49c9-90aa-9c8d08ee160a,e095d840-5fe0-46a5-9aa9-f032e586fac8,c24e5416-cd2e-4cff-851b-5faa78db98a2
mb-9086b742-358b-4f73-9a14-84cb1a9ce4ce,Love Story,Taylor Swift,Fearless,CH0276,verified,2008-09-12,1.0,verified_year_end_hit,,same_album,9086b742-358b-4f73-9a14-84cb1a9ce4ce,c8975007-ba64-3e81-9a3c-69a3ba2fab95,63eba062-847c-3b73-8b0f-6baf27bba6fa
mb-91af5925-d49f-4c6e-9111-b906a1319cb0,Woman Up,Meghan Trainor,Thank You,,verified,2016-05-13,0.0,verified_noncharted_in_public_archive,,same_album,91af5925-d49f-4c6e-9111-b906a1319cb0,30b109f5-a8fa-48d0-8f50-0892172a6857,dc475b10-44d7-47e8-9cb5-d1a1b3c9495d
mb-91f1826e-b44c-4f23-af49-59d24893e28b,Heaven in Hiding,Halsey,hopeless fountain kingdom,,verified,2017-06-02,0.0,verified_noncharted_in_public_archive,,same_album,91f1826e-b44c-4f23-af49-59d24893e28b,65967c37-eb6e-4cc0-b87b-5891e25b265d,69eb9696-35c8-4463-aff5-952526213ce8
mb-92b4ec5a-9e71-4ab1-91eb-c74bcea1de23,That’s How Strong My Love Is,Alicia Keys,The Element of Freedom (deluxe edition),,verified,2009-11-27,0.0,verified_noncharted_in_public_archive,,same_album,92b4ec5a-9e71-4ab1-91eb-c74bcea1de23,8dd63e58-1ab6-4cbf-b88e-034621db2f9e,ff3f4515-0c8d-4779-9217-e5c11eadce13
mb-92d191ac-16f4-41d6-9f2a-e9f9debdf476,Gone,Daughtry,Daughtry,,verified,2006-11-20,0.0,verified_noncharted_in_public_archive,,same_album,92d191ac-16f4-41d6-9f2a-e9f9debdf476,7c34801d-3906-4163-9165-25dfcb615edb,a89eb3b6-efe2-3d03-86c1-7e88f66695d3
mb-9319b69f-c741-4691-9b48-7889e89c4afc,Ur So Gay,Katy Perry,One of the Boys,,verified,2007-01-15,0.0,verified_noncharted_in_public_archive,,same_album,9319b69f-c741-4691-9b48-7889e89c4afc,3bc10a63-3d8d-4417-bfce-2b1c1f7201ee,88f14b0b-f8d1-31b4-87ab-199145fc12d3
mb-93aa84f2-5283-403c-99f3-49d8efc774d8,Feel,Post Malone,Stoney,,verified,2016-12-09,0.0,verified_noncharted_in_public_archive,,same_album,93aa84f2-5283-403c-99f3-49d8efc774d8,716fe76d-4fd2-4b8a-81cc-525882088c72,3843ba6a-0b1e-48c0-bc86-2f64e6d9525c
mb-94673629-547d-4e20-90e5-87ed5c699e81,Blue,Beyoncé,BEYONCÉ,,verified,2013-12-13,0.0,verified_noncharted_in_public_archive,,unmatched,94673629-547d-4e20-90e5-87ed5c699e81,b5da9f75-f353-4f0d-b794-71fc4102acc2,8596171e-23b2-4bdd-8f1c-11960df0ecbe
mb-94d3e498-13b3-435b-ad35-4251e88a3185,What You See Is What You Get,Luke Combs,What You See Is What You Get,,verified,2019-11-08,0.0,verified_noncharted_in_public_archive,,same_album,94d3e498-13b3-435b-ad35-4251e88a3185,d08b5e88-29cb-4c9f-b1ed-c6e851c6e4b5,e9fc93bc-1a36-4725-9f7c-10d920b7cbed
mb-952e1461-f1c1-44b6-b476-0539ccd1552a,Here I Come,Fergie,The Dutchess,,verified,2006-06-19,0.0,verified_noncharted_in_public_archive,,same_album,952e1461-f1c1-44b6-b476-0539ccd1552a,13b6b86f-4385-402b-a81a-530102a98b3e,5a4599e9-7ec3-3346-8997-5d5f33377c78
mb-95db3fff-4a50-41b9-ac12-d15924232bdd,Never Say Never,The Fray,The Fray,CH0304,verified,2009-02-03,1.0,verified_year_end_hit,,same_album,95db3fff-4a50-41b9-ac12-d15924232bdd,8aeebc4c-2d1b-403d-b7af-4650591b476f,74f88ce4-aaaf-3aa8-8c4c-bfed56285e99
mb-973a4561-e997-4ea9-845d-277d67cdddbb,Cockiness (Love It),Rihanna,Talk That Talk,,verified,2011-11-18,0.0,verified_noncharted_in_public_archive,,same_album,973a4561-e997-4ea9-845d-277d67cdddbb,9d401d1f-3f4b-422d-b01c-0b2d825f87fb,15818ec5-bf34-47de-a4e5-260f98828d64
mb-97aa087b-5fa2-42ff-bd48-d162862cdc95,good 4 u,Olivia Rodrigo,SOUR,CH0002,verified,2021-05-14,1.0,verified_year_end_hit,,same_album,97aa087b-5fa2-42ff-bd48-d162862cdc95,18e82e0e-5542-49bf-bb40-741a55046379,2ae2e504-7116-4b4f-b632-9748bb18ccd2
mb-97ab1b6a-162e-4251-b8d5-a60eba9aae3c,Nothing Left to Say / Rocks,Imagine Dragons,Night Visions,,pending,2012-09-04,,unknown,unresolved_metadata_identity,unmatched,97ab1b6a-162e-4251-b8d5-a60eba9aae3c,,caef5f01-8568-4573-8458-c9e99ff7c734
mb-98075c9b-8758-48e9-aa04-425a9a44a18d,No Promises,Shawn Mendes,Illuminate,,pending,2016-09-23,,unknown,unresolved_metadata_identity,unmatched,98075c9b-8758-48e9-aa04-425a9a44a18d,,3d59017f-bb26-4095-8a78-c9d372cc64f4
mb-9846e3f4-7bb9-49be-8e91-837a5ee5cefb,Firework,Katy Perry,Teenage Dream,CH0223,verified,2010-08-24,1.0,verified_year_end_hit,,same_album,9846e3f4-7bb9-49be-8e91-837a5ee5cefb,49e950aa-0acb-339e-81c2-5d30bbedcedd,e6f683c9-fc85-412c-a352-d6e411fc2603
mb-9987faaf-5d1c-45eb-a46f-b2e48724c5f2,Because of You,Ne‐Yo,Because of You,CH0340,verified,2007-04-24,,unknown,chart_predates_recording_release_review_required,unmatched,9987faaf-5d1c-45eb-a46f-b2e48724c5f2,f1b92141-652a-49db-8c37-746d98ed3ccc,47e029e3-7692-3273-9711-1253370640e1
mb-99b0e0bb-8d70-4a15-86f1-d64437cc0ebb,Hotline Bling,Drake,Views,CH0126,verified,2016-05-06,,unknown,chart_predates_recording_release_review_required,unmatched,99b0e0bb-8d70-4a15-86f1-d64437cc0ebb,1d6f5a61-e53b-4ac7-bd46-8557a0435347,4aaaa715-df17-43b8-987e-04b54ec4a697
mb-99b2141c-179b-4557-9ee3-68588cb458c2,Love Me,Katy Perry,PRISM,,verified,2013-10-21,0.0,verified_noncharted_in_public_archive,,same_album,99b2141c-179b-4557-9ee3-68588cb458c2,5f7db32a-dbdd-42c2-bd54-3393e9439243,0d8b973c-fcff-4830-b645-a877b8a9a08f
mb-99b53e9c-0bbe-4341-afe7-ebf50c70d81d,Stupid Girls,P!nk,I’m Not Dead,CH0366,pending,2006-04-03,,unknown,unresolved_metadata_identity,unmatched,99b53e9c-0bbe-4341-afe7-ebf50c70d81d,791b3c15-fa19-3b10-a090-6c9331eb7736,f38cbc7b-fbcf-3f4c-ae36-bee0c69b6778
mb-9a60895b-61f3-4aed-89ac-d44f46933c26,All Over Again,Luke Combs,What You See Is What You Get,,verified,2019-11-08,0.0,verified_noncharted_in_public_archive,,same_album,9a60895b-61f3-4aed-89ac-d44f46933c26,80d530ba-18d3-4d8c-af79-32c6802432f2,e9fc93bc-1a36-4725-9f7c-10d920b7cbed
mb-9b23f288-955e-41fa-8d4a-76f25faa8dc1,My Heart Is Open,Maroon 5,V,,verified,2014-09-02,0.0,verified_noncharted_in_public_archive,,same_album,9b23f288-955e-41fa-8d4a-76f25faa8dc1,bceb3b0f-aa1a-4532-a3e3-fd0e43472a61,3622c71c-c674-46bc-8fc2-24d182f7684a
mb-9d0a9e5c-a765-40ab-837e-99b0bb197f6c,Circles,Post Malone,Hollywood’s Bleeding,CH0024,verified,2019-08-30,1.0,verified_year_end_hit,,same_album,9d0a9e5c-a765-40ab-837e-99b0bb197f6c,cece9e04-3baa-466c-a3fa-9d9a4ec2c89e,8c9e2ca7-fad0-427c-a963-6bd535992a38
mb-9d383a5f-276e-4f6a-90ed-3242398cdba0,My Baby,Britney Spears,Circus,,verified,2008-11-26,0.0,verified_noncharted_in_public_archive,,same_album,9d383a5f-276e-4f6a-90ed-3242398cdba0,181d225f-de4c-429d-9466-51462d1b036f,1e5f92e0-913c-3202-a72c-b068b9f34ce1
mb-9dbd4c26-c4ad-4abe-ba3e-88bfe6750518,Locked Out of Heaven,Bruno Mars,Unorthodox Jukebox,CH0182,verified,2012-10-01,1.0,verified_year_end_hit,,same_album,9dbd4c26-c4ad-4abe-ba3e-88bfe6750518,37d11d2e-bb76-4610-b4ed-97caa417bd78,978d88db-60ec-41d9-ade7-beea020941b0
mb-9de80019-617e-4a4c-8a89-03e2a8a11ff8,Unfaithful,Rihanna,A Girl Like Me,CH0355,verified,2006-04-10,1.0,verified_year_end_hit,,same_album,9de80019-617e-4a4c-8a89-03e2a8a11ff8,fa23d6f6-58a3-4410-99fa-1e88e2c32174,51797d3d-7071-30ee-9fb3-d60aad857ef0
mb-9e3c1d7a-5f03-4850-a8c5-bd38daeb16bd,Happiness,The Fray,The Fray,,pending,2009-02-03,,unknown,unresolved_metadata_identity,unmatched,9e3c1d7a-5f03-4850-a8c5-bd38daeb16bd,,74f88ce4-aaaf-3aa8-8c4c-bfed56285e99
mb-9f16e2b4-3fb4-45b5-a0a3-49873e087aae,White Iverson,Post Malone,Stoney,CH0137,verified,2016-02-19,,unknown,chart_predates_recording_release_review_required,unmatched,9f16e2b4-3fb4-45b5-a0a3-49873e087aae,5976aa03-4c38-43f0-b288-8429c6fbd461,3843ba6a-0b1e-48c0-bc86-2f64e6d9525c
mb-9f268152-8bb4-4656-97c2-71499e31084b,Why Does She Stay,Ne‐Yo,Year of the Gentleman,,verified,2008-01-01,0.0,verified_noncharted_in_public_archive,,same_album,9f268152-8bb4-4656-97c2-71499e31084b,6e2f2a06-61fc-4c93-bc9e-66521eb74f4f,f2eaa55a-757b-3b01-8c33-474dd8a8b870
mb-a19628b1-5ffd-4332-8558-755a7b497021,Dear Future Husband,Meghan Trainor,Title,CH0163,verified,2014-09-09,1.0,verified_year_end_hit,,same_album,a19628b1-5ffd-4332-8558-755a7b497021,4d9eb312-afde-41d5-8f32-eed8db188e84,e041d145-a199-4ea9-8aba-4988eb4586d7
mb-a24974c0-9da0-4f02-b59b-b209e81e2ede,Maps,Maroon 5,V,CH0170,verified,2014-06-16,1.0,verified_year_end_hit,,same_album,a24974c0-9da0-4f02-b59b-b209e81e2ede,4d9a8767-9d46-4ff4-8a69-a587f32901b7,3622c71c-c674-46bc-8fc2-24d182f7684a
mb-a2b6d3f6-2ab5-4522-9a40-e589fb8f6e02,Last Friday Night (T.G.I.F.),Katy Perry,Teenage Dream,CH0227,verified,2010-08-24,1.0,verified_year_end_hit,,same_album,a2b6d3f6-2ab5-4522-9a40-e589fb8f6e02,46e64ea6-4004-4052-8713-768ee9382c9e,e6f683c9-fc85-412c-a352-d6e411fc2603
mb-a2b7ce99-013d-496c-85f1-bb902a41e335,Radio,Beyoncé,I Am… Sasha Fierce,,verified,2008-11-12,0.0,verified_noncharted_in_public_archive,,same_album,a2b7ce99-013d-496c-85f1-bb902a41e335,e26227fc-97a8-365e-98a3-f57525282026,6f8e8119-de1b-39f0-85ca-b5252cb9211d
mb-a357852f-b570-4972-bbdb-4ade1229b444,Forever … (is a long time),Halsey,Manic,,pending,2020-01-17,,unknown,unresolved_metadata_identity,unmatched,a357852f-b570-4972-bbdb-4ade1229b444,,50e1fb42-ac14-4487-a58d-ed5c847f701d
mb-a3747ee5-5610-4013-9f3c-7eadc3318af6,The Best Part (interlude),Meghan Trainor,Title,,verified,2015-01-09,0.0,verified_noncharted_in_public_archive,,same_album,a3747ee5-5610-4013-9f3c-7eadc3318af6,1bff26b2-67d3-457d-8174-e10005dddc5d,e041d145-a199-4ea9-8aba-4988eb4586d7
mb-a37b4707-c990-4486-a6c8-9e0a03b4ae7b,Sad,Maroon 5,Overexposed,,verified,2012-06-20,0.0,verified_noncharted_in_public_archive,,same_album,a37b4707-c990-4486-a6c8-9e0a03b4ae7b,52882d2e-b0d6-4626-860a-ad8455abd973,ed3c55b6-e49d-4d4e-a338-62b823b1e2d4
mb-a3cec223-4a95-423a-abbc-b8d8ddd5f499,Yesterday,Imagine Dragons,Evolve,,verified,2017-06-23,0.0,verified_noncharted_in_public_archive,,same_album,a3cec223-4a95-423a-abbc-b8d8ddd5f499,d4b54014-67fb-43b8-8513-0c3acb3722e3,8341c952-694d-4866-870e-df48c9e10f17
mb-a3f7e96d-c1d6-44ad-a730-7d2b7e6c8dc2,It’s Not Over,Daughtry,Daughtry,CH0330,verified,2006-11-20,1.0,verified_year_end_hit,,same_album,a3f7e96d-c1d6-44ad-a730-7d2b7e6c8dc2,129e1238-ebfa-435d-b699-9829e0b2bd94,a89eb3b6-efe2-3d03-86c1-7e88f66695d3
mb-a46c2d23-5634-4dd6-b25e-684ef3b0c2a0,Hands All Over,Maroon 5,Hands All Over,,verified,2010-09-15,0.0,verified_noncharted_in_public_archive,,same_album,a46c2d23-5634-4dd6-b25e-684ef3b0c2a0,e9631a5c-3e02-3f30-8f09-1fa7eb6386b5,a097ca51-85d5-4109-8e0f-55189a70cb9b
mb-a4c318b8-991b-4ff4-96dd-107c7bdfdce2,No Angel,Beyoncé,BEYONCÉ,,pending,2013-12-13,,unknown,unresolved_metadata_identity,unmatched,a4c318b8-991b-4ff4-96dd-107c7bdfdce2,5f7e86b4-1c55-4639-963c-1318cbca580d,8596171e-23b2-4bdd-8f1c-11960df0ecbe
mb-a4e4e9e8-c6a5-47b3-9e7f-138a8283687c,Cupid’s Got a Shotgun,Carrie Underwood,Blown Away,,verified,2012-05-01,0.0,verified_noncharted_in_public_archive,,same_album,a4e4e9e8-c6a5-47b3-9e7f-138a8283687c,872df3e5-1f16-45ca-a9a2-92a2525b1785,35c692f5-3e8a-4d60-b474-9d115e17389a
mb-a5295766-0f89-478c-810b-0204b65684d2,Sex With My Ex,Ne‐Yo,Because of You,,verified,2007-04-24,0.0,verified_noncharted_in_public_archive,,same_artist_era,a5295766-0f89-478c-810b-0204b65684d2,29e07ab6-7cae-4e95-96d4-b139585f94f3,47e029e3-7692-3273-9711-1253370640e1
mb-a64f7720-da19-4046-95f0-5ca92b0bc058,Down,Chris Brown,Exclusive,,verified,2007-11-05,0.0,verified_noncharted_in_public_archive,,same_album,a64f7720-da19-4046-95f0-5ca92b0bc058,2458ffd0-c2d8-459a-80c5-9589e939fb3e,52031b6b-5d3f-3c2d-96a0-112209fed15a
mb-a6f2f24c-05e9-46b1-80db-a3a57ca9de97,Hurricane,Luke Combs,This One’s for You,CH0113,verified,2015-11-27,1.0,verified_year_end_hit,,same_album,a6f2f24c-05e9-46b1-80db-a3a57ca9de97,efdf4663-3a17-48ba-b9c6-c16d27969605,c2418821-b690-4cb8-9944-592386299150
mb-a7d53a73-6255-4df3-bb2e-74961ed19d52,Back to What You Know,Ne‐Yo,Year of the Gentleman,,verified,2008-01-01,0.0,verified_noncharted_in_public_archive,,same_album,a7d53a73-6255-4df3-bb2e-74961ed19d52,40b49a9b-83cc-4290-bca9-b9629bdb133d,f2eaa55a-757b-3b01-8c33-474dd8a8b870
mb-a89d3e81-cf59-4da2-a1ca-4d45811dabb7,Cemeteries of London,Coldplay,Viva la Vida or Death and All His Friends,,verified,2008-05-26,0.0,verified_noncharted_in_public_archive,,unmatched,a89d3e81-cf59-4da2-a1ca-4d45811dabb7,ef4f90e1-ba3b-3a4b-9fa0-c86a2af5cfe1,a1084754-8bb5-3ebc-bbd2-6a27d48e798a
mb-aa14bcec-8930-47b7-9a7d-3e3f33699a52,Dear Mr. President (5.1 mix),P!nk,I’m Not Dead,,verified,2006-04-03,,unknown,alternate_version_requires_review,unmatched,aa14bcec-8930-47b7-9a7d-3e3f33699a52,ffe5cfd5-e665-3493-b1b2-74d4e8dac85d,f38cbc7b-fbcf-3f4c-ae36-bee0c69b6778
mb-ab1fe470-bf85-42fe-9813-cb5cc23ad55e,Green Light,Beyoncé,B’Day,,verified,2006-09-04,0.0,verified_noncharted_in_public_archive,,same_album,ab1fe470-bf85-42fe-9813-cb5cc23ad55e,7e7e4317-418e-4bf5-a4e2-f342512524f8,9fdbccb2-9b51-36b7-b643-c7ae586b797d
mb-aba35e9e-881d-4948-b84d-c4b398c75b4f,Stop This World,Ne‐Yo,Year of the Gentleman,,verified,2008-01-01,0.0,verified_noncharted_in_public_archive,,same_album,aba35e9e-881d-4948-b84d-c4b398c75b4f,1b6a2966-5a82-4e46-8995-3874280a03fc,f2eaa55a-757b-3b01-8c33-474dd8a8b870
mb-ac006a16-828e-48e0-8b97-c88cfb7e6f02,Anaconda,Nicki Minaj,The Pinkprint,CH0171,verified,2014-09-26,,unknown,chart_predates_recording_release_review_required,unmatched,ac006a16-828e-48e0-8b97-c88cfb7e6f02,edbac900-90af-42ca-8688-c69832284c51,75c1375c-1311-4cd0-b5cd-182c42e357e7
mb-ac52ab24-8aab-4140-98f4-bdcd9c605ad9,Coming Back for You,Maroon 5,V,,verified,2014-09-02,0.0,verified_noncharted_in_public_archive,,same_album,ac52ab24-8aab-4140-98f4-bdcd9c605ad9,2ccd25bf-2ae2-48cc-b0b4-7f31f006d34b,3622c71c-c674-46bc-8fc2-24d182f7684a
mb-ac6dd0f9-9555-4ce7-a0a5-bb95e77e3796,Diva,Beyoncé,I Am… Sasha Fierce,CH0302,verified,2008-11-12,1.0,verified_year_end_hit,,same_album,ac6dd0f9-9555-4ce7-a0a5-bb95e77e3796,e55450ae-2457-3996-adfb-5e3a8d9bda47,6f8e8119-de1b-39f0-85ca-b5252cb9211d
mb-ac8e67a2-876a-4b2f-b3b8-71b4a8afc8ec,Fergalicious,Fergie,The Dutchess,CH0331,verified,2006-06-19,1.0,verified_year_end_hit,,same_album,ac8e67a2-876a-4b2f-b3b8-71b4a8afc8ec,c9a15170-3851-308e-b5cd-93162b975360,5a4599e9-7ec3-3346-8997-5d5f33377c78
mb-acccb60e-359f-4734-9d3b-3f065e58dd87,Bad at Love,Halsey,hopeless fountain kingdom,CH0080,verified,2017-06-02,1.0,verified_year_end_hit,,same_album,acccb60e-359f-4734-9d3b-3f065e58dd87,b8264241-acac-44e0-ae9b-f9c33af475a4,69eb9696-35c8-4463-aff5-952526213ce8
mb-ad25eb4a-2137-4d3e-9115-94f0344059f6,Here Comes the Weekend,P!nk,The Truth About Love,,verified,2012-09-14,0.0,verified_noncharted_in_public_archive,,same_album,ad25eb4a-2137-4d3e-9115-94f0344059f6,6168e492-a9cd-4d8f-a510-69da4c4a9eaa,74a65aea-6e59-477a-b48c-5e4d9c53dfb2
mb-ade2f0f3-39bf-46ad-a44d-7fc4a8069db7,Water Under the Bridge,Adele,25,CH0116,verified,2015-11-20,1.0,verified_year_end_hit,,same_album,ade2f0f3-39bf-46ad-a44d-7fc4a8069db7,f43e4719-4f3d-4e7c-bc76-3832b682736f,5537624c-3d2f-4f5c-8099-df916082c85c
mb-aecba9b4-7d70-4ee0-938f-f26ff85fd5fa,Sweet Dreams,Beyoncé,I Am… Sasha Fierce,CH0271,verified,2008-11-12,1.0,verified_year_end_hit,,same_album,aecba9b4-7d70-4ee0-938f-f26ff85fd5fa,7a7ae2f1-3f22-3113-b9c4-c89d0abf1f8d,6f8e8119-de1b-39f0-85ca-b5252cb9211d
mb-af2ba31e-5412-4274-81ae-65451f0e7054,Nonstop,Drake,Scorpion,CH0085,verified,2018-06-29,1.0,verified_year_end_hit,,same_album,af2ba31e-5412-4274-81ae-65451f0e7054,68cf7c77-5512-4b44-b650-4930366494c7,857db798-5c31-4d5f-991a-6667f41d8899
mb-afae8c40-288b-45f6-a016-fdcd01c8cd64,All Back,Chris Brown,F.A.M.E.,,verified,2011-03-18,0.0,verified_noncharted_in_public_archive,,same_album,afae8c40-288b-45f6-a016-fdcd01c8cd64,c1bdb665-a916-4c82-b1ec-1c96165428fb,b2168fe2-85a4-474b-8f75-09d7b7b48959
mb-b0554059-21b3-416e-b62d-99e13608f6bf,traitor,Olivia Rodrigo,SOUR,CH0013,verified,2021-05-21,1.0,verified_year_end_hit,,same_album,b0554059-21b3-416e-b62d-99e13608f6bf,e0930506-d6ec-4e5e-a5ae-25681e3445b1,2ae2e504-7116-4b4f-b632-9748bb18ccd2
mb-b27b9bf4-08cc-43da-83fd-11665d5c159e,Natural,Imagine Dragons,Origins,CH0090,verified,2018-05-03,1.0,verified_year_end_hit,,same_album,b27b9bf4-08cc-43da-83fd-11665d5c159e,899d1009-a88b-48a7-a86a-5734b738305b,042160ca-6094-42b4-8399-9e0141fa9515
mb-b2899b23-b8a7-478a-b063-32e014461059,You Should Be Sad,Halsey,Manic,CH0043,verified,2020-01-10,1.0,verified_year_end_hit,,same_album,b2899b23-b8a7-478a-b063-32e014461059,22a5befd-dbf7-4454-8e29-0483c7a620de,50e1fb42-ac14-4487-a58d-ed5c847f701d
mb-b2c8aed1-777d-409b-941e-7d4c594697a2,Sweetest Devotion,Adele,25,,verified,2015-11-20,0.0,verified_noncharted_in_public_archive,,same_album,b2c8aed1-777d-409b-941e-7d4c594697a2,962c23f1-daf9-4049-8354-c19c8d6ac4c1,5537624c-3d2f-4f5c-8099-df916082c85c
mb-b3863134-0129-4b46-89b4-cb39a99f7f54,Tell Me Why,Taylor Swift,Fearless,,verified,2008-11-11,0.0,verified_noncharted_in_public_archive,,same_album,b3863134-0129-4b46-89b4-cb39a99f7f54,2dae6981-ef7b-348a-97f1-35428f51aa72,63eba062-847c-3b73-8b0f-6baf27bba6fa
mb-b4adbc7b-5e93-4233-8742-548d28e457bb,Dance Like Yo Daddy,Meghan Trainor,Thank You,,verified,2016-05-13,0.0,verified_noncharted_in_public_archive,,same_album,b4adbc7b-5e93-4233-8742-548d28e457bb,e840b7bd-cf17-40df-8b90-b3033f96e4f7,dc475b10-44d7-47e8-9cb5-d1a1b3c9495d
mb-b4b875a9-9737-49c7-8010-5a4282f991fa,Miss Independent,Ne‐Yo,Year of the Gentleman,CH0296,verified,2008-01-01,1.0,verified_year_end_hit,,same_album,b4b875a9-9737-49c7-8010-5a4282f991fa,b6200908-d96a-43b7-ba63-187e5c62a222,f2eaa55a-757b-3b01-8c33-474dd8a8b870
mb-b508d0a4-29b1-4c19-aca9-d0fffacb9b1f,The Other Side,Bruno Mars,Doo-Wops & Hooligans,,verified,2010-03-11,0.0,verified_noncharted_in_public_archive,,same_album,b508d0a4-29b1-4c19-aca9-d0fffacb9b1f,90e42b52-af9b-4b11-b008-3d28725def7e,b3d1fbf7-dd1c-4119-a16e-58c2feb5bcb0
mb-b542f8c4-7290-48d5-94f8-754b82230994,Doin’ Dirt,Maroon 5,Overexposed,,verified,2012-06-20,0.0,verified_noncharted_in_public_archive,,same_album,b542f8c4-7290-48d5-94f8-754b82230994,a2e6862b-c66e-4c97-9283-e3497054eb1a,ed3c55b6-e49d-4d4e-a338-62b823b1e2d4
mb-b5f3c969-1a8b-4bd4-ae48-ab5ebfb13774,deja vu,Olivia Rodrigo,SOUR,CH0006,verified,2021-04-01,1.0,verified_year_end_hit,,same_album,b5f3c969-1a8b-4bd4-ae48-ab5ebfb13774,9364b685-ec38-4744-83f5-514f5a01d532,2ae2e504-7116-4b4f-b632-9748bb18ccd2
mb-b610490e-f477-4445-a508-6e499e217d04,Chunky,Bruno Mars,24K Magic,,verified,2016-11-17,0.0,verified_noncharted_in_public_archive,,same_album,b610490e-f477-4445-a508-6e499e217d04,1c99f5eb-57a2-4fd4-ad87-98a18d9ae551,80ea43b7-2c32-4a79-9fb0-8ff1761ebe09
mb-b64f18ea-81f1-4ccc-a20d-eede877f4973,Walkashame,Meghan Trainor,Title,,verified,2015-01-09,0.0,verified_noncharted_in_public_archive,,same_album,b64f18ea-81f1-4ccc-a20d-eede877f4973,e0f52254-3286-490f-afc7-53255700814e,e041d145-a199-4ea9-8aba-4988eb4586d7
mb-b7c37d3d-feea-4a73-8346-9e2392a292e6,River Lea,Adele,25,,verified,2015-11-20,0.0,verified_noncharted_in_public_archive,,same_album,b7c37d3d-feea-4a73-8346-9e2392a292e6,31a97ca9-d8a4-400c-948e-822c9a5ca98f,5537624c-3d2f-4f5c-8099-df916082c85c
mb-b84dd2d1-2bf1-4fcc-aadc-6cc39c36ba35,Perfect,Ed Sheeran,÷,CH0072,verified,2017-03-03,1.0,verified_year_end_hit,,same_album,b84dd2d1-2bf1-4fcc-aadc-6cc39c36ba35,f673b3e1-f46d-44e7-9767-43d7a88aa886,e05f9927-e24b-41c5-928d-d0e008a12444
mb-b91c01d8-ec3d-42eb-8543-8660e68f0876,Burn It to the Ground,Nickelback,Dark Horse,,verified,2008-11-15,0.0,verified_noncharted_in_public_archive,,same_album,b91c01d8-ec3d-42eb-8543-8660e68f0876,ac03595a-6745-4c34-994e-1d53a18cc734,4a62f40e-acce-3938-bdcd-c4ee3003e747
mb-b9963369-5fa7-472a-9c42-9d59b28635fa,Amazing Day,Coldplay,A Head Full of Dreams,,verified,2015-12-04,0.0,verified_noncharted_in_public_archive,,same_album,b9963369-5fa7-472a-9c42-9d59b28635fa,cf6ccecf-6c40-4ae8-94c9-039a4b3d2699,27da3ef8-f3b0-47bf-898d-9bdf4af7fc04
mb-b9ce6310-210b-44a5-ab47-b6306d3097b0,Consistent,Lil Baby,My Turn,,verified,2020-02-28,0.0,verified_noncharted_in_public_archive,,same_album,b9ce6310-210b-44a5-ab47-b6306d3097b0,1cd1b3ac-46bc-4603-8c08-3a7775b5d74f,77586fd3-4316-4a16-af35-51336d51df5d
mb-b9de2deb-1e43-4c0b-966f-7ddc10633d21,Feelings,Maroon 5,V,,verified,2014-09-02,0.0,verified_noncharted_in_public_archive,,same_album,b9de2deb-1e43-4c0b-966f-7ddc10633d21,085bbf21-3b0b-4a49-8fda-c1d644d9cd3d,3622c71c-c674-46bc-8fc2-24d182f7684a
mb-ba05d33b-d032-45c4-8161-7b2ecebeac0c,Liquor Store Blues,Bruno Mars,Doo-Wops & Hooligans,,verified,2010-10-04,0.0,verified_noncharted_in_public_archive,,same_album,ba05d33b-d032-45c4-8161-7b2ecebeac0c,ec5b5491-816d-4162-a335-aa8e48fed264,b3d1fbf7-dd1c-4119-a16e-58c2feb5bcb0
mb-ba172571-a0c9-4e75-855a-e4365ca33833,Whatever It Takes,Imagine Dragons,Evolve,CH0081,verified,2017-05-09,1.0,verified_year_end_hit,,same_album,ba172571-a0c9-4e75-855a-e4365ca33833,15b7431d-2b91-4e66-9c38-9a1fe2a5fb7f,8341c952-694d-4866-870e-df48c9e10f17
mb-ba7a88da-f864-4ead-9a63-36f92d10de46,when the party’s over,Billie Eilish,"WHEN WE ALL FALL ASLEEP, WHERE DO WE GO?",CH0065,verified,2018-10-17,1.0,verified_year_end_hit,,same_album,ba7a88da-f864-4ead-9a63-36f92d10de46,d8b3a1df-c7a0-4e58-8c31-f8a88c6f96bb,72375978-a9a1-4254-b957-85565c716b7e
mb-baa584d3-8111-447c-8036-521a6584d38b,Blow Ya Mind,Nicki Minaj,Pink Friday (deluxe edition),,verified,2010-11-21,0.0,verified_noncharted_in_public_archive,,same_album,baa584d3-8111-447c-8036-521a6584d38b,ecc3bdd0-5a84-48ff-92be-6b5b7b9c8f52,c91d9596-dfa8-482d-b3ab-706e937fd3ec
mb-baec3223-cf18-4301-bcde-7fd95921ce8a,LoveGame,Lady Gaga,The Fame,CH0284,verified,2008-08-19,1.0,verified_year_end_hit,,same_album,baec3223-cf18-4301-bcde-7fd95921ce8a,28cd1efa-a990-4095-a55a-16388d6c0020,e5495719-b3ad-3eea-a533-fb70af43c23d
mb-bb084c74-f9ca-4813-91a3-e1df7eacedce,Who Knew,P!nk,I’m Not Dead,CH0343,verified,2006-03-31,1.0,verified_year_end_hit,,same_album,bb084c74-f9ca-4813-91a3-e1df7eacedce,f8ecd313-6b71-3728-a74b-356e10c4451e,f38cbc7b-fbcf-3f4c-ae36-bee0c69b6778
mb-bb2d1754-0d93-41a1-8346-e95dacab304d,Womanizer,Britney Spears,Circus,CH0287,verified,2008-10-03,1.0,verified_year_end_hit,,same_album,bb2d1754-0d93-41a1-8346-e95dacab304d,580325dc-cb93-3a1f-b449-3c168b63faa9,1e5f92e0-913c-3202-a72c-b068b9f34ce1
mb-bb31cc9b-5816-4bee-afa4-84e60d390d26,The Man,Ed Sheeran,×,,verified,2014-06-20,0.0,verified_noncharted_in_public_archive,,same_album,bb31cc9b-5816-4bee-afa4-84e60d390d26,1a7ec5fb-a85f-489e-b2df-50dced81c4c3,c24e5416-cd2e-4cff-851b-5faa78db98a2
mb-bb5eae39-6e6a-4ac6-9eaf-c27c5f74c0a9,What I Meant to Say,Daughtry,Leave This Town,,pending,2009-07-14,,unknown,unresolved_metadata_identity,unmatched,bb5eae39-6e6a-4ac6-9eaf-c27c5f74c0a9,,8e335ddb-e9d7-4152-8028-a3a6ddd12d10
mb-bb93c687-503e-4365-93a4-c08589e581d6,Ave Mary A,P!nk,Funhouse,,verified,2008-10-24,0.0,verified_noncharted_in_public_archive,,same_album,bb93c687-503e-4365-93a4-c08589e581d6,19b9e14b-e57b-3364-9d6a-e576da43e8a1,d8e89f6d-0c5b-3a05-a660-8c7367274d85
mb-bd61eda3-eb77-4634-ba66-4a084f7f8455,Radioactive,Imagine Dragons,Night Visions,CH0176,verified,2012-02-14,1.0,verified_year_end_hit,,same_album,bd61eda3-eb77-4634-ba66-4a084f7f8455,84292c2c-b88e-4b71-8716-2b7ad7f6f2e2,caef5f01-8568-4573-8458-c9e99ff7c734
mb-bdfd286f-80c7-45d5-abf2-8e45a781fe89,Hurtin,Lil Baby,My Turn,,verified,2020-02-28,0.0,verified_noncharted_in_public_archive,,same_album,bdfd286f-80c7-45d5-abf2-8e45a781fe89,ab925ecc-1c4b-4c52-9cbb-7f8fd70eed4b,77586fd3-4316-4a16-af35-51336d51df5d
mb-be1ba17e-ff3b-4749-8943-3542e8daa440,Our First Time,Bruno Mars,Doo-Wops & Hooligans,,verified,2010-10-04,0.0,verified_noncharted_in_public_archive,,same_album,be1ba17e-ff3b-4749-8943-3542e8daa440,9f48c2cd-3358-4961-82b0-d45a5e0458d4,b3d1fbf7-dd1c-4119-a16e-58c2feb5bcb0
mb-be6658bd-229c-48f2-8e39-a4ec18d0e060,Say It With Me,Chris Brown,F.A.M.E.,,verified,2011-03-18,0.0,verified_noncharted_in_public_archive,,same_album,be6658bd-229c-48f2-8e39-a4ec18d0e060,4ecb460e-98b6-4370-b155-479a00f65b8e,b2168fe2-85a4-474b-8f75-09d7b7b48959
mb-be92fe6d-2a84-4aae-83e7-ce5ebf249ce4,Started From the Bottom,Drake,Nothing Was the Same,CH0186,verified,2013-01-01,1.0,verified_year_end_hit,,same_album,be92fe6d-2a84-4aae-83e7-ce5ebf249ce4,38059879-87b3-4e7a-98a1-32eb0bb4594d,0b6c2da8-ac60-4663-beae-bd3dc6dea94a
mb-beb3b5dd-fe9e-4c3e-a343-c7ea0df3f045,Dancing in the Dark,Imagine Dragons,Evolve,,verified,2017-06-23,0.0,verified_noncharted_in_public_archive,,same_album,beb3b5dd-fe9e-4c3e-a343-c7ea0df3f045,c54fabe0-0ba8-4bf8-b31c-1ff359b6719b,8341c952-694d-4866-870e-df48c9e10f17
mb-bf24f7c2-4fbd-42c9-bdf8-507a56b98f65,’Cuz I Can,P!nk,I’m Not Dead,,verified,2006-03-31,0.0,verified_noncharted_in_public_archive,,same_album,bf24f7c2-4fbd-42c9-bdf8-507a56b98f65,d45122ec-c793-3311-9823-8b59cab64800,f38cbc7b-fbcf-3f4c-ae36-bee0c69b6778
mb-bf27a8c7-73c0-4925-9c4a-b4cceb533b44,Natalie,Bruno Mars,Unorthodox Jukebox,,verified,2012-12-07,0.0,verified_noncharted_in_public_archive,,same_album,bf27a8c7-73c0-4925-9c4a-b4cceb533b44,7dd8fc0c-5379-44c5-bf9b-0e3993092aa9,978d88db-60ec-41d9-ade7-beea020941b0
mb-c01bd40c-5f23-4c34-9238-7a5f226f6c0e,Mirrors,Justin Timberlake,The 20/20 Experience,CH0180,verified,2013-02-11,1.0,verified_year_end_hit,,same_album,c01bd40c-5f23-4c34-9238-7a5f226f6c0e,8a53b11f-9d7f-4761-9b31-62c227ee1652,deae6fc2-a675-4f35-9565-d2aaea4872c7
mb-c0302d87-6b64-44e2-867e-c9726e9f9231,Reasons,Luke Combs,What You See Is What You Get,,verified,2019-11-08,0.0,verified_noncharted_in_public_archive,,same_album,c0302d87-6b64-44e2-867e-c9726e9f9231,b35afcb7-ebf8-4018-9ce3-d14cf4f134f4,e9fc93bc-1a36-4725-9f7c-10d920b7cbed
mb-c0a6ef98-6284-48d4-9e44-fd38bcbae5ad,Till the World Ends,Britney Spears,Femme Fatale,CH0234,verified,2011-03-04,1.0,verified_year_end_hit,,same_album,c0a6ef98-6284-48d4-9e44-fd38bcbae5ad,636f3cc8-e550-3555-a37e-875fd153c8de,a7e9d7d2-3c60-472f-b2ba-829de5034179
mb-c0b9c59a-e8f9-46c2-a5a3-54a09a316ad4,Like You’ll Never See Me Again,Alicia Keys,As I Am,CH0317,verified,2007-11-09,1.0,verified_year_end_hit,,same_album,c0b9c59a-e8f9-46c2-a5a3-54a09a316ad4,b16d7547-3aee-391a-bde6-a88c239ab96c,b8387dc6-5576-3984-abea-8f54f7c53489
mb-c1048fd3-e3eb-46d0-817b-8d61caa098da,Bad Kids,Lady Gaga,Born This Way,,verified,2011-05-20,0.0,verified_noncharted_in_public_archive,,same_album,c1048fd3-e3eb-46d0-817b-8d61caa098da,ac2f82e3-857d-4472-93b4-9598f8115421,2e3b231b-ab9f-4d85-950a-48708a1cc2fb
mb-c113e0fe-1f65-45c0-a5b5-31e3ec9ab717,Sugar,Maroon 5,V,CH0148,verified,2014-09-02,1.0,verified_year_end_hit,,same_album,c113e0fe-1f65-45c0-a5b5-31e3ec9ab717,db759371-833e-44ee-981c-ca05c6f78e22,3622c71c-c674-46bc-8fc2-24d182f7684a
mb-c12bd871-5ae2-449a-918b-1fdffda3b6c8,A Sky Full of Stars,Coldplay,Ghost Stories,CH0175,verified,2014-05-02,1.0,verified_year_end_hit,,same_album,c12bd871-5ae2-449a-918b-1fdffda3b6c8,f42ca644-0fa7-4ec5-9089-542c9a1b8be3,9c5aa9d2-068b-4626-b352-ae6f4f4e0b15
mb-c168e9c0-bd0d-4466-965e-fdafa37d7b6a,Disappear,Beyoncé,I Am… Sasha Fierce,,verified,2008-11-12,0.0,verified_noncharted_in_public_archive,,same_album,c168e9c0-bd0d-4466-965e-fdafa37d7b6a,6e5041c9-eab8-3cf8-911d-0433f68b9581,6f8e8119-de1b-39f0-85ca-b5252cb9211d
mb-c2061d87-585b-4fdd-91cc-38c23dc0c894,Peacock,Katy Perry,Teenage Dream,,verified,2010-08-24,0.0,verified_noncharted_in_public_archive,,same_album,c2061d87-585b-4fdd-91cc-38c23dc0c894,d032be28-2b13-4768-85a2-472bad296f52,e6f683c9-fc85-412c-a352-d6e411fc2603
mb-c285da07-5111-4381-8c81-ac81679f9a4d,Hear Me,Imagine Dragons,Night Visions,,pending,2010-03,,unknown,unresolved_metadata_identity,unmatched,c285da07-5111-4381-8c81-ac81679f9a4d,693340eb-cf1e-4911-bba8-326488b3c56b,caef5f01-8568-4573-8458-c9e99ff7c734
mb-c3ddb911-0e63-4116-b66b-4d62dfa590ec,Heartless,The Weeknd,After Hours,CH0030,verified,2019-11-27,1.0,verified_year_end_hit,,same_album,c3ddb911-0e63-4116-b66b-4d62dfa590ec,be65e598-0873-45fe-98d5-36eac1028807,78570bea-2a26-467c-a3db-c52723ceb394
mb-c3fe7791-0a91-4f0a-a89b-b056f38d3cde,Blank Space,Taylor Swift,1989,CH0149,verified,2014-10-24,1.0,verified_year_end_hit,,same_album,c3fe7791-0a91-4f0a-a89b-b056f38d3cde,05980852-95f4-4ea2-806a-abf1666951b8,4d9ec1c2-58ec-48a4-aa0a-916718adead0
mb-c46a220b-32be-4094-b38c-78b84d76ec0a,White Horse,Taylor Swift,Fearless,CH0300,verified,2008-11-11,1.0,verified_year_end_hit,,same_album,c46a220b-32be-4094-b38c-78b84d76ec0a,d643d8f1-3d27-31d7-bc16-d863d7a3f9f9,63eba062-847c-3b73-8b0f-6baf27bba6fa
mb-c4b333df-1f31-4435-b256-8c497ec09eff,OverHeated,Billie Eilish,Happier Than Ever,,verified,2021-07-30,0.0,verified_noncharted_in_public_archive,,same_album,c4b333df-1f31-4435-b256-8c497ec09eff,08baf83f-789d-4eed-977f-67c193156e7a,3ac5236a-3bd8-44c6-ab60-69b013594ae6
mb-c50a1784-4cd9-4769-9441-800f6d7fb64e,Next Go Round,Nickelback,Dark Horse,,pending,2008-11-15,,unknown,unresolved_metadata_identity,unmatched,c50a1784-4cd9-4769-9441-800f6d7fb64e,,4a62f40e-acce-3938-bdcd-c4ee3003e747
mb-c5213fce-009d-49f7-86fe-07267f374caf,Love,Imagine Dragons,Origins,,verified,2018-11-09,0.0,verified_noncharted_in_public_archive,,same_album,c5213fce-009d-49f7-86fe-07267f374caf,a811a402-7f5b-4f56-88b2-15d57f21c8b6,042160ca-6094-42b4-8399-9e0141fa9515
mb-c538e2fa-59e4-4022-93fd-1fd32cfb53af,Kaleidoscope,Coldplay,A Head Full of Dreams,,verified,2015-12-04,0.0,verified_noncharted_in_public_archive,,same_album,c538e2fa-59e4-4022-93fd-1fd32cfb53af,d158047f-eb8b-49ae-ace0-a5831b428c67,27da3ef8-f3b0-47bf-898d-9bdf4af7fc04
mb-c5ad2611-071b-4003-bb22-eee8b4f48fe9,When We Were Young,Adele,25,CH0142,verified,2015-11-20,1.0,verified_year_end_hit,,same_album,c5ad2611-071b-4003-bb22-eee8b4f48fe9,e2a1bc95-c818-42ab-8119-94238b8a4cce,5537624c-3d2f-4f5c-8099-df916082c85c
mb-c648df43-9f7f-47bf-aceb-99d8fa3971f4,Used To,Daughtry,Daughtry,,verified,2006-11-20,0.0,verified_noncharted_in_public_archive,,same_album,c648df43-9f7f-47bf-aceb-99d8fa3971f4,ff963e4e-b5b3-4ed9-8ec4-4a80673f6710,a89eb3b6-efe2-3d03-86c1-7e88f66695d3
mb-c70fd003-cbb5-4b8a-b85b-2730c3e2033a,Sexxx Dreams,Lady Gaga,ARTPOP,,verified,2013-11-05,0.0,verified_noncharted_in_public_archive,,same_album,c70fd003-cbb5-4b8a-b85b-2730c3e2033a,02bea988-d987-4955-b494-f650fb0ef189,815b31d8-b972-48a7-b74a-38c49a277676
mb-c7743a0f-2539-4d3b-ab18-24a8886e9918,Honky Tonk Highway,Luke Combs,This One’s for You,,verified,2016-06-18,0.0,verified_noncharted_in_public_archive,,same_album,c7743a0f-2539-4d3b-ab18-24a8886e9918,b02fba79-fefc-4aef-a1ee-f9d5d2ae3e59,c2418821-b690-4cb8-9944-592386299150
mb-c7c836cb-9f45-4e32-b4af-be341dd51047,Air,Shawn Mendes,Handwritten,,verified,2015-04-14,0.0,verified_noncharted_in_public_archive,,same_album,c7c836cb-9f45-4e32-b4af-be341dd51047,b918f209-e8c9-422e-9571-7308bdcd51a7,d0efb4c9-0578-49e7-bb3f-c64f98871009
mb-c80a3cde-a26a-409a-841b-33df099df0d8,Partition,Beyoncé,BEYONCÉ,CH0178,pending,2013-12-13,,unknown,unresolved_metadata_identity,unmatched,c80a3cde-a26a-409a-841b-33df099df0d8,1c189643-ebed-48b0-9aeb-421587f585c6,8596171e-23b2-4bdd-8f1c-11960df0ecbe
mb-c8ca8754-8a07-44a1-8558-d0ee9dd7f401,Heavy Metal Lover,Lady Gaga,Born This Way,,verified,2011-05-20,0.0,verified_noncharted_in_public_archive,,same_album,c8ca8754-8a07-44a1-8558-d0ee9dd7f401,7d5d7bb7-496a-4732-8fc8-65920f130832,2e3b231b-ab9f-4d85-950a-48708a1cc2fb
mb-c9a023bb-842c-40b0-a11e-2b9a0ce717cd,Dear Today,Luke Combs,What You See Is What You Get,,verified,2019-11-08,0.0,verified_noncharted_in_public_archive,,same_album,c9a023bb-842c-40b0-a11e-2b9a0ce717cd,7bd1c88a-7abe-432c-a497-6f59a669f651,e9fc93bc-1a36-4725-9f7c-10d920b7cbed
mb-ca8bc972-15fe-4e2e-82dc-e578f88e64a4,Grade 8,Ed Sheeran,+,,verified,2011-09-09,0.0,verified_noncharted_in_public_archive,,same_album,ca8bc972-15fe-4e2e-82dc-e578f88e64a4,abc4f652-20a1-4a6e-a96d-468b8b3db2a6,05ce100c-eddf-4967-8d7e-33fc0883fe39
mb-caae9df4-58ac-4892-a22c-416806839b0c,Lace and Leather,Britney Spears,Circus,,verified,2008-11-26,0.0,verified_noncharted_in_public_archive,,same_album,caae9df4-58ac-4892-a22c-416806839b0c,8449dba1-0dfe-489a-8304-be61a7896572,1e5f92e0-913c-3202-a72c-b068b9f34ce1
mb-cb2cc207-8125-445c-9ef9-6ea44eee959a,Thinking Out Loud,Ed Sheeran,×,CH0146,verified,2014-06-20,1.0,verified_year_end_hit,,same_album,cb2cc207-8125-445c-9ef9-6ea44eee959a,dc469dc8-198e-42e5-b5a7-6be2f0a95ac0,c24e5416-cd2e-4cff-851b-5faa78db98a2
mb-cb443721-e0ff-4230-9678-01de7ecffa8b,Fading,Rihanna,Loud,,verified,2010-08-18,0.0,verified_noncharted_in_public_archive,,same_album,cb443721-e0ff-4230-9678-01de7ecffa8b,dc2a80e5-a22c-4938-806e-ed553701a8de,7c6de97d-bf6a-4793-82f5-f142baed33e6
mb-cb7a038a-f334-41fa-848d-ea77735cf780,Teenage Dream,Katy Perry,Teenage Dream,CH0247,pending,2010-08-24,,unknown,unresolved_metadata_identity,unmatched,cb7a038a-f334-41fa-848d-ea77735cf780,f522fa2c-e5bd-3856-ae7e-cc690b98e373,e6f683c9-fc85-412c-a352-d6e411fc2603
mb-cc3f3c3d-aa63-4bad-9f4e-adfc1127d7fd,Love Yourself,Justin Bieber,Purpose,CH0119,verified,2015-11-09,1.0,verified_year_end_hit,,same_album,cc3f3c3d-aa63-4bad-9f4e-adfc1127d7fd,f3091e5e-6206-4957-ba15-f2f67801dd96,2660de3c-56db-4bd1-bf99-e162c68e5712
mb-ccf72769-880d-4416-a619-ceca7337e81d,Hummingbird Heartbeat,Katy Perry,Teenage Dream,,verified,2010-08-24,0.0,verified_noncharted_in_public_archive,,same_album,ccf72769-880d-4416-a619-ceca7337e81d,8acc2ad1-041d-4b71-9d79-bc45737855c7,e6f683c9-fc85-412c-a352-d6e411fc2603
mb-cdd5c79d-9fe2-4853-be63-01cb3948a953,Emotionally Scarred,Lil Baby,My Turn,CH0039,verified,2020-02-28,1.0,verified_year_end_hit,,same_album,cdd5c79d-9fe2-4853-be63-01cb3948a953,cf68af44-6af5-458a-aeed-89f1455faa1d,77586fd3-4316-4a16-af35-51336d51df5d
mb-ce3a5a96-e755-4742-9f20-2578600daa4c,Poker Face,Lady Gaga,The Fame,CH0275,verified,2008-08-19,1.0,verified_year_end_hit,,same_album,ce3a5a96-e755-4742-9f20-2578600daa4c,9f6363b8-7df7-3732-b2b6-94c0f02e0bde,e5495719-b3ad-3eea-a533-fb70af43c23d
mb-ce4eb46b-1a27-4950-a02f-9499cab56c6b,Only Girl (In the World),Rihanna,Loud,CH0238,verified,2010-08-18,1.0,verified_year_end_hit,,same_album,ce4eb46b-1a27-4950-a02f-9499cab56c6b,d421cf7e-f340-4b24-8f3d-200b8fa838ba,7c6de97d-bf6a-4793-82f5-f142baed33e6
mb-ce86b918-f9d0-4fc4-ad31-6baf055153ec,"break up with your girlfriend, i’m bored",Ariana Grande,"thank u, next",CH0058,verified,2019-02-07,1.0,verified_year_end_hit,,same_album,ce86b918-f9d0-4fc4-ad31-6baf055153ec,d184f522-71c3-43d0-820f-7dbd4998e335,485d3241-ef02-49a4-88df-a03eaa86d9cd
mb-d10a1cd1-0caa-405a-817a-111e2a1d8064,"Eh, Eh (Nothing Else I Can Say)",Lady Gaga,The Fame,,verified,2008-08-19,0.0,verified_noncharted_in_public_archive,,same_album,d10a1cd1-0caa-405a-817a-111e2a1d8064,e6ec46d5-ed14-48d7-994f-611b4186744d,e5495719-b3ad-3eea-a533-fb70af43c23d
mb-d1e0a99e-1894-457b-ba6a-985eeef4d0c4,Set Fire to the Rain,Adele,21,CH0203,verified,2011-01-19,1.0,verified_year_end_hit,,same_album,d1e0a99e-1894-457b-ba6a-985eeef4d0c4,48f4272b-60d4-32e7-ba51-1f254dfc1887,e4174758-d333-4a8e-a31f-dd0edd51518e
mb-d1f3aed3-e226-428b-b44c-ed41e2797a67,Crystal Ball,P!nk,Funhouse,,verified,2008-10-24,0.0,verified_noncharted_in_public_archive,,same_album,d1f3aed3-e226-428b-b44c-ed41e2797a67,c46a5b94-a499-3e83-8e9b-69b38d328023,d8e89f6d-0c5b-3a05-a660-8c7367274d85
mb-d2ed7735-6a99-4632-a8d3-5f7617497ed5,raindrops (an angel cried),Ariana Grande,Sweetener,,verified,2018-08-17,0.0,verified_noncharted_in_public_archive,,same_album,d2ed7735-6a99-4632-a8d3-5f7617497ed5,ee6d1ed0-059c-4bc8-88b9-0b733834375e,58afd5f5-a3cb-43c4-a0dc-fd15fbfe33bf
mb-d337e7ed-65b1-41f3-a2b0-3043c8ded6f1,I’m Upset,Drake,Scorpion,CH0093,verified,2018-05-26,1.0,verified_year_end_hit,,same_album,d337e7ed-65b1-41f3-a2b0-3043c8ded6f1,084c827c-8f97-4cf3-8566-fae61dbe02c0,857db798-5c31-4d5f-991a-6667f41d8899
mb-d3a2d55c-259a-4222-9e64-41c5383e2754,305 to My City,Drake,Nothing Was the Same,,verified,2013-09-19,0.0,verified_noncharted_in_public_archive,,same_album,d3a2d55c-259a-4222-9e64-41c5383e2754,07989ee9-fa77-47ad-9a6a-48bf6aab4737,0b6c2da8-ac60-4663-beae-bd3dc6dea94a
mb-d4e21e47-eae6-4c3e-82df-3d90c6d9aaed,HOV Lane,Nicki Minaj,Pink Friday: Roman Reloaded (deluxe edition),,verified,2012-04-02,0.0,verified_noncharted_in_public_archive,,same_album,d4e21e47-eae6-4c3e-82df-3d90c6d9aaed,1ad1153a-e401-4b7f-a67a-7036effd3101,78a4ac64-298f-45ec-ac69-832a68830a6a
mb-d511d3f2-037f-447a-862f-62bf681f0842,Greedy,Ariana Grande,Dangerous Woman,,verified,2016-05-20,0.0,verified_noncharted_in_public_archive,,same_album,d511d3f2-037f-447a-862f-62bf681f0842,a0341ff5-f817-43c0-84fc-bed2d6b63495,dfd582da-ab2e-4009-9365-405bf1ad2c49
mb-d61b9907-6c58-46cd-ba52-ea0c4119898b,Back to December,Taylor Swift,Speak Now,CH0246,verified,2010-10-12,1.0,verified_year_end_hit,,same_album,d61b9907-6c58-46cd-ba52-ea0c4119898b,228cd62c-2a8f-3aa9-b4d4-6d4ee76f5daf,ba1259eb-d41e-41c5-a70c-0e6fa73e6708
mb-d64c6f5a-f529-468c-9a23-6bcdb213d14f,Into You,Ariana Grande,Dangerous Woman,CH0134,verified,2016-05-06,1.0,verified_year_end_hit,,same_album,d64c6f5a-f529-468c-9a23-6bcdb213d14f,d176eb30-6412-4612-b3c7-e0012393ab65,dfd582da-ab2e-4009-9365-405bf1ad2c49
mb-d7372eca-11f5-45e1-8cc8-8199d65dafa4,Only Girl (in the World),Rihanna,Loud,CH0238,pending,2010-08-18,,unknown,unresolved_metadata_identity,unmatched,d7372eca-11f5-45e1-8cc8-8199d65dafa4,,7c6de97d-bf6a-4793-82f5-f142baed33e6
mb-d7500dd6-b815-4299-88c6-3fbda358f1fc,Shape of You,Ed Sheeran,÷,CH0091,verified,2017-01-06,1.0,verified_year_end_hit,,same_album,d7500dd6-b815-4299-88c6-3fbda358f1fc,a0824059-160a-4b4f-a8bb-83d216aeb0a9,e05f9927-e24b-41c5-928d-d0e008a12444
mb-d7911102-0b5e-443c-bca7-98d531149340,Dear Mr. President,P!nk,I’m Not Dead,,verified,2006-03-31,0.0,verified_noncharted_in_public_archive,,same_album,d7911102-0b5e-443c-bca7-98d531149340,ffe5cfd5-e665-3493-b1b2-74d4e8dac85d,f38cbc7b-fbcf-3f4c-ae36-bee0c69b6778
mb-d7a6ce3c-ece4-408b-a965-d3e200bbdf54,Blow Me (One Last Kiss),P!nk,The Truth About Love,CH0211,verified,2012-09-14,,unknown,chart_predates_recording_release_review_required,unmatched,d7a6ce3c-ece4-408b-a965-d3e200bbdf54,87e09c1c-bb84-4547-aba4-84be7b0b68d1,74a65aea-6e59-477a-b48c-5e4d9c53dfb2
mb-d7e713aa-3467-4865-85a2-b603484b76ee,Highway Unicorn (Road to Love),Lady Gaga,Born This Way,,verified,2011-05-20,0.0,verified_noncharted_in_public_archive,,same_album,d7e713aa-3467-4865-85a2-b603484b76ee,b886aa44-f32f-4009-9703-c72b0fe7fb7f,2e3b231b-ab9f-4d85-950a-48708a1cc2fb
mb-d853e25f-068c-47d5-a70a-9ccc71f2227e,GOLDWING,Billie Eilish,Happier Than Ever,,verified,2021-07-30,0.0,verified_noncharted_in_public_archive,,same_album,d853e25f-068c-47d5-a70a-9ccc71f2227e,4a145f8d-bf24-4497-a41d-e7947346b5a4,3ac5236a-3bd8-44c6-ab60-69b013594ae6
mb-da3196f5-fc27-40c0-9b4c-c603603a958d,Big Fat Bass,Britney Spears,Femme Fatale,,verified,2011-03-25,0.0,verified_noncharted_in_public_archive,,same_album,da3196f5-fc27-40c0-9b4c-c603603a958d,d66215f8-356c-3c30-a94d-2cd3b3b66d9e,a7e9d7d2-3c60-472f-b2ba-829de5034179
mb-db5082ae-a55d-4b91-9e22-130101a5becb,Partition,Beyoncé,BEYONCÉ,CH0178,pending,2013-12-13,,unknown,unresolved_metadata_identity,unmatched,db5082ae-a55d-4b91-9e22-130101a5becb,,8596171e-23b2-4bdd-8f1c-11960df0ecbe
mb-dcc8c050-2dd8-4a6f-8cf0-9adc88f0d8df,Out From Under,Britney Spears,Circus,,verified,2008-11-26,0.0,verified_noncharted_in_public_archive,,same_album,dcc8c050-2dd8-4a6f-8cf0-9adc88f0d8df,8ae0a879-2c25-4d7b-9291-ebf5b1d38205,1e5f92e0-913c-3202-a72c-b068b9f34ce1
mb-dd2d2073-50c4-438a-91cc-a1fea1c81b12,I’ll Be Waiting,Adele,21,,verified,2011-01-19,0.0,verified_noncharted_in_public_archive,,same_album,dd2d2073-50c4-438a-91cc-a1fea1c81b12,46f8639b-f20c-4264-9212-35249b95fc35,e4174758-d333-4a8e-a31f-dd0edd51518e
mb-dd30fa2c-38ab-4a06-9dfe-1004d52a694e,Pray for Forgiveness,Alicia Keys,The Element of Freedom (deluxe edition),,verified,2009-11-27,0.0,verified_noncharted_in_public_archive,,same_album,dd30fa2c-38ab-4a06-9dfe-1004d52a694e,52d4a150-de7a-4a78-9d95-ebb2c864ffb9,ff3f4515-0c8d-4779-9217-e5c11eadce13
mb-dd6c0aa4-9b13-45e3-bac9-6f45f7c0607d,In My Feelings,Drake,Scorpion,CH0073,verified,2018-06-29,1.0,verified_year_end_hit,,same_album,dd6c0aa4-9b13-45e3-bac9-6f45f7c0607d,742457fa-cf19-4a2e-89aa-7efc840b66b7,857db798-5c31-4d5f-991a-6667f41d8899
mb-dd7cd19f-6c32-4a6d-bd97-cc7b5862c957,Piece of Me,Britney Spears,Blackout,CH0322,verified,2007-10-25,1.0,verified_year_end_hit,,same_album,dd7cd19f-6c32-4a6d-bd97-cc7b5862c957,999091a1-073c-30c9-b0b9-35a75b4ce602,0b8e14e1-d44d-3770-8617-5c6137a444a8
mb-ddca5a69-f6ac-4eaf-827a-d084746b79d2,With You,Chris Brown,Exclusive,CH0307,verified,2007-11-05,1.0,verified_year_end_hit,,same_album,ddca5a69-f6ac-4eaf-827a-d084746b79d2,86a54f82-ab24-47f3-a14d-a23f7408bd42,52031b6b-5d3f-3c2d-96a0-112209fed15a
mb-ddf4e998-3b08-4b49-9ce2-6b2c605a3035,Woah,Lil Baby,My Turn,CH0034,verified,2019-11-08,1.0,verified_year_end_hit,,same_album,ddf4e998-3b08-4b49-9ce2-6b2c605a3035,0845425a-b57b-47c1-a6e1-04ce78d45a74,77586fd3-4316-4a16-af35-51336d51df5d
mb-de609a3d-a9e8-4b70-b892-4b5a4cccf63a,Applause,Lady Gaga,ARTPOP,CH0188,verified,2013-08-13,1.0,verified_year_end_hit,,same_album,de609a3d-a9e8-4b70-b892-4b5a4cccf63a,b04fa311-9059-41be-9ddd-789bd265bc9c,815b31d8-b972-48a7-b74a-38c49a277676
mb-dedf519d-8eca-4756-9f93-c390308e0c1b,Love in the Dark,Adele,25,,verified,2015-11-20,0.0,verified_noncharted_in_public_archive,,same_album,dedf519d-8eca-4756-9f93-c390308e0c1b,97d51f8a-320c-4214-84c5-a546a704e042,5537624c-3d2f-4f5c-8099-df916082c85c
mb-df5218ab-8453-4061-ab0c-f991c1afc59b,I Like It Rough,Lady Gaga,The Fame,,verified,2008-08-29,0.0,verified_noncharted_in_public_archive,,same_album,df5218ab-8453-4061-ab0c-f991c1afc59b,c16b124f-4232-4be3-9d3d-836694811ab2,e5495719-b3ad-3eea-a533-fb70af43c23d
mb-df6b866c-a056-42f2-9cf9-135aa3fbdad4,Super Bass,Nicki Minaj,Pink Friday (deluxe edition),CH0225,verified,2010-11-21,1.0,verified_year_end_hit,,same_album,df6b866c-a056-42f2-9cf9-135aa3fbdad4,7656ce78-f79b-4c10-9b59-823f0cadbaa2,c91d9596-dfa8-482d-b3ab-706e937fd3ec
mb-df6ec4ef-7117-4116-8f21-31f66c69e611,Changes,Justin Bieber,Changes,,verified,2020-02-14,0.0,verified_noncharted_in_public_archive,,same_album,df6ec4ef-7117-4116-8f21-31f66c69e611,703d7c1c-d1d2-4ce4-8723-a78d783970ab,7f673bef-5e95-46a7-baa2-8f29df0624cf
mb-df706831-8a2e-42bb-b022-443d2b7d7cd2,Fun,Coldplay,A Head Full of Dreams,,verified,2015-12-04,0.0,verified_noncharted_in_public_archive,,same_album,df706831-8a2e-42bb-b022-443d2b7d7cd2,b864e569-ea82-4f61-a91d-f06d6d82bd58,27da3ef8-f3b0-47bf-898d-9bdf4af7fc04
mb-e079abff-0a7d-47cd-8859-b3b175bec756,We Build Then We Break,The Fray,The Fray,,pending,2009-02-03,,unknown,unresolved_metadata_identity,unmatched,e079abff-0a7d-47cd-8859-b3b175bec756,,74f88ce4-aaaf-3aa8-8c4c-bfed56285e99
mb-e0cba862-0223-40fa-b2f4-7b0c42631a91,Skin,Rihanna,Loud,,verified,2010-08-18,0.0,verified_noncharted_in_public_archive,,same_album,e0cba862-0223-40fa-b2f4-7b0c42631a91,dc9c90b5-879c-44a5-8ad5-5d4ccaddb20c,7c6de97d-bf6a-4793-82f5-f142baed33e6
mb-e15b3b30-aa2f-4856-9e95-638e3ff25128,Understand,Shawn Mendes,Illuminate,,pending,2016-09-23,,unknown,unresolved_metadata_identity,unmatched,e15b3b30-aa2f-4856-9e95-638e3ff25128,,3d59017f-bb26-4095-8a78-c9d372cc64f4
mb-e2413406-3058-48f2-9ebd-c23b61591fa8,I Love Me,Meghan Trainor,Thank You,,verified,2016-05-13,0.0,verified_noncharted_in_public_archive,,same_album,e2413406-3058-48f2-9ebd-c23b61591fa8,2483d6d6-3dee-476b-9f08-b3d0ceafa9a0,dc475b10-44d7-47e8-9cb5-d1a1b3c9495d
mb-e3247d5e-2882-4778-8f83-949a68983c30,borderline,Ariana Grande,Sweetener,,verified,2018-08-17,0.0,verified_noncharted_in_public_archive,,same_album,e3247d5e-2882-4778-8f83-949a68983c30,c6b616e6-ced1-4692-b1ca-42a9c0f7e2d9,58afd5f5-a3cb-43c4-a0dc-fd15fbfe33bf
mb-e35f05c8-9c0b-4386-bc34-476fdfd13976,Summerboy,Lady Gaga,The Fame,,verified,2008-08-19,0.0,verified_noncharted_in_public_archive,,same_album,e35f05c8-9c0b-4386-bc34-476fdfd13976,4c704263-ddb3-4475-89ee-ba9f84fe5cea,e5495719-b3ad-3eea-a533-fb70af43c23d
mb-e4cf3767-10e3-4e39-b0ed-7ae1460e074b,Quitter,Carrie Underwood,Play On,,verified,2009-11-03,0.0,verified_noncharted_in_public_archive,,same_album,e4cf3767-10e3-4e39-b0ed-7ae1460e074b,6b9182b5-4f80-4548-b453-6fca802492b9,f938faab-5ced-4539-899b-51e25773e611
mb-e4d63db0-d61d-4089-8016-20fc8813d670,Fireproof,One Direction,Four,,pending,2014-10,,unknown,unresolved_metadata_identity,unmatched,e4d63db0-d61d-4089-8016-20fc8813d670,f336153d-776e-4277-8409-90869d1791d1,1a59a87b-24b1-41fa-8d84-ee7ebcb6f0af
mb-e5935072-94d4-4dcb-907a-2b2f27d3ab6a,Supernatural,Daughtry,Leave This Town,,pending,2009-07-14,,unknown,unresolved_metadata_identity,unmatched,e5935072-94d4-4dcb-907a-2b2f27d3ab6a,,8e335ddb-e9d7-4152-8028-a3a6ddd12d10
mb-e62bf602-8a23-42cc-b70f-4f80d7122d04,Lovin’ on You,Luke Combs,What You See Is What You Get,CH0048,verified,2019-06-07,1.0,verified_year_end_hit,,same_album,e62bf602-8a23-42cc-b70f-4f80d7122d04,8cd0f19b-e8d4-45c0-ba6a-7c19127aef3f,e9fc93bc-1a36-4725-9f7c-10d920b7cbed
mb-e630e579-c023-4bbe-bb2f-1ba28ba6168a,Leaving California,Maroon 5,V,,verified,2014-09-02,0.0,verified_noncharted_in_public_archive,,same_album,e630e579-c023-4bbe-bb2f-1ba28ba6168a,052fb318-8438-46f1-8a64-925593cf988c,3622c71c-c674-46bc-8fc2-24d182f7684a
mb-e65f2a50-27f1-4d0b-b892-e1b3834c91bc,Mannequin,Britney Spears,Circus,,verified,2008-11-26,0.0,verified_noncharted_in_public_archive,,same_album,e65f2a50-27f1-4d0b-b892-e1b3834c91bc,c23480e4-acfe-4e1a-ab16-2237b84f9378,1e5f92e0-913c-3202-a72c-b068b9f34ce1
mb-e69b0490-9ae0-4f73-a935-bc01d125d0ad,Sum 2 Prove,Lil Baby,My Turn,CH0042,verified,2020-02-28,,unknown,chart_predates_recording_release_review_required,unmatched,e69b0490-9ae0-4f73-a935-bc01d125d0ad,fd55936d-01a6-4576-a50c-b2d24c168b5f,77586fd3-4316-4a16-af35-51336d51df5d
mb-e7846b62-9b79-467f-82e8-c2a38a201846,Solid,Lil Baby,My Turn,,verified,2020-02-28,0.0,verified_noncharted_in_public_archive,,same_album,e7846b62-9b79-467f-82e8-c2a38a201846,3d340a55-652e-4003-b1ad-2e76bf5a68b7,77586fd3-4316-4a16-af35-51336d51df5d
mb-e7a01433-d380-4555-9666-dfd9bba57a7f,Sorry,Halsey,hopeless fountain kingdom,,verified,2017-06-02,0.0,verified_noncharted_in_public_archive,,same_album,e7a01433-d380-4555-9666-dfd9bba57a7f,d83c67fd-8c84-4d97-8015-2ae63f4ab5dc,69eb9696-35c8-4463-aff5-952526213ce8
mb-e7ebbb99-7346-4323-9541-dffae9e1003b,Fool’s Gold,One Direction,Four,,verified,2014-11-17,0.0,verified_noncharted_in_public_archive,,same_album,e7ebbb99-7346-4323-9541-dffae9e1003b,f02bd92c-8a5c-4a64-8ba6-ccdaa473cddd,1a59a87b-24b1-41fa-8d84-ee7ebcb6f0af
mb-e8433d2d-4c9f-4cd4-a4cf-f4a02d85a438,Dangerous Woman,Ariana Grande,Dangerous Woman,CH0131,verified,2016-03-11,1.0,verified_year_end_hit,,same_album,e8433d2d-4c9f-4cd4-a4cf-f4a02d85a438,abb0e248-2ba3-4994-9e71-f0c8d5797eb1,dfd582da-ab2e-4009-9365-405bf1ad2c49
mb-e8e2d45d-0067-4b9e-a007-da79824dc3d8,Tiptoe,Imagine Dragons,Night Visions,,verified,2012-09-04,0.0,verified_noncharted_in_public_archive,,same_album,e8e2d45d-0067-4b9e-a007-da79824dc3d8,1f5335da-01c5-42b0-af5e-9c7ab6d39eb3,caef5f01-8568-4573-8458-c9e99ff7c734
mb-ea21c097-9828-411d-8e35-633364bb304b,’Cuz I Can (5.1 mix),P!nk,I’m Not Dead,,verified,2006-04-03,,unknown,alternate_version_requires_review,unmatched,ea21c097-9828-411d-8e35-633364bb304b,d45122ec-c793-3311-9823-8b59cab64800,f38cbc7b-fbcf-3f4c-ae36-bee0c69b6778
mb-ea33cdb1-b489-4614-98f6-da067d3ed6f6,I See Fire,Ed Sheeran,×,,verified,2013-11-05,0.0,verified_noncharted_in_public_archive,,same_album,ea33cdb1-b489-4614-98f6-da067d3ed6f6,d9af8987-fc0b-43ab-8b0f-5a0fbcd8a64a,c24e5416-cd2e-4cff-851b-5faa78db98a2
mb-ea6d1be4-1d7c-4316-9102-f6869397d027,Grand Piano,Nicki Minaj,The Pinkprint,,verified,2014-12-12,0.0,verified_noncharted_in_public_archive,,same_artist_era,ea6d1be4-1d7c-4316-9102-f6869397d027,62920cad-b376-404e-a6db-8072af24a74e,75c1375c-1311-4cd0-b5cd-182c42e357e7
mb-ea944583-efa5-46c3-b93d-cb14a44ebedf,Close Your Eyes,Meghan Trainor,Title,,verified,2014-09-09,0.0,verified_noncharted_in_public_archive,,same_album,ea944583-efa5-46c3-b93d-cb14a44ebedf,10249bd8-9b6e-477c-bff2-60612469fe8a,e041d145-a199-4ea9-8aba-4988eb4586d7
mb-ea9f40ba-837a-4bf9-96a2-0639d98beb06,Hymn for the Weekend,Coldplay,A Head Full of Dreams,CH0139,verified,2015-12-04,1.0,verified_year_end_hit,,same_album,ea9f40ba-837a-4bf9-96a2-0639d98beb06,ebc9d6c1-a8bc-4c76-ba1b-c6a4ebfd7e3f,27da3ef8-f3b0-47bf-898d-9bdf4af7fc04
mb-eb5913a4-c8d6-4e1c-81e5-03fed0b6a8ee,Amsterdam,Imagine Dragons,Night Visions,,verified,2011-03-12,0.0,verified_noncharted_in_public_archive,,same_album,eb5913a4-c8d6-4e1c-81e5-03fed0b6a8ee,04592120-3daf-47f0-8aeb-985ef8c5b300,caef5f01-8568-4573-8458-c9e99ff7c734
mb-eb5ae26a-ae37-452b-96e7-69499cbbf185,Clumsy,Fergie,The Dutchess,CH0313,verified,2006-06-19,1.0,verified_year_end_hit,,same_album,eb5ae26a-ae37-452b-96e7-69499cbbf185,81f631a5-eabd-409a-8f53-15f8c6b85bb7,5a4599e9-7ec3-3346-8997-5d5f33377c78
mb-ebbda164-fca5-476b-ad1a-26083d64ecf2,breathin,Ariana Grande,Sweetener,CH0066,verified,2018-08-17,1.0,verified_year_end_hit,,same_album,ebbda164-fca5-476b-ad1a-26083d64ecf2,3c1bfde3-719c-480d-a0e3-ef8ab749a5c3,58afd5f5-a3cb-43c4-a0dc-fd15fbfe33bf
mb-ec305564-d1cc-4cd9-9317-7fbc5341c4a7,Ashley,Halsey,Manic,,pending,2020-01-17,,unknown,unresolved_metadata_identity,unmatched,ec305564-d1cc-4cd9-9317-7fbc5341c4a7,,50e1fb42-ac14-4487-a58d-ed5c847f701d
mb-ec72de8b-74fc-449f-9b41-b10270eced8d,no tears left to cry,Ariana Grande,Sweetener,CH0077,verified,2018-04-20,1.0,verified_year_end_hit,,same_album,ec72de8b-74fc-449f-9b41-b10270eced8d,a9f8136b-aa0e-429f-8c75-e1543864ba51,58afd5f5-a3cb-43c4-a0dc-fd15fbfe33bf
mb-ec8cde84-35f5-438e-aec0-42b3b016269f,Calling All My Lovelies,Bruno Mars,24K Magic,,verified,2016-11-17,0.0,verified_noncharted_in_public_archive,,same_album,ec8cde84-35f5-438e-aec0-42b3b016269f,93967171-307e-48a8-8cc6-3ef8a074e9ba,80ea43b7-2c32-4a79-9fb0-8ff1761ebe09
mb-ed6322ea-6294-4835-9f09-458a03b6817f,This Moment,Katy Perry,PRISM,,verified,2013-10-21,0.0,verified_noncharted_in_public_archive,,same_album,ed6322ea-6294-4835-9f09-458a03b6817f,39ddd2e2-c976-4dc3-85c6-7bda8b306a7f,0d8b973c-fcff-4830-b645-a877b8a9a08f
mb-edb66734-d7e4-437e-a314-70e67e72d881,This,Ed Sheeran,+,,verified,2011-09-09,0.0,verified_noncharted_in_public_archive,,same_album,edb66734-d7e4-437e-a314-70e67e72d881,c8901eea-044b-4d9b-a103-7926d5ddaa20,05ce100c-eddf-4967-8d7e-33fc0883fe39
mb-ee458835-f356-4b20-b6ac-03bc2f7f3d9e,The Hills,The Weeknd,Beauty Behind the Madness,CH0129,verified,2015-05-27,1.0,verified_year_end_hit,,same_album,ee458835-f356-4b20-b6ac-03bc2f7f3d9e,5b2a091e-ba5f-4f97-8451-edeede855851,a85b8aff-fcbc-4431-95ba-d8c20bbfb77e
mb-eeb1a393-38a5-474f-a638-15fc131f35f1,Like This,Shawn Mendes,Illuminate,,pending,2016-09-23,,unknown,unresolved_metadata_identity,unmatched,eeb1a393-38a5-474f-a638-15fc131f35f1,,3d59017f-bb26-4095-8a78-c9d372cc64f4
mb-eec596e9-d6d8-4c69-afca-18bef7764e84,Electric Chapel,Lady Gaga,Born This Way,,verified,2011-05-20,0.0,verified_noncharted_in_public_archive,,same_album,eec596e9-d6d8-4c69-afca-18bef7764e84,46dcc86a-182d-4da2-9e8b-9a08f3b3e04e,2e3b231b-ab9f-4d85-950a-48708a1cc2fb
mb-ef7eff0e-2825-4024-8939-4377a8fd5c09,Watch n’ Learn,Rihanna,Talk That Talk,,verified,2011-11-18,0.0,verified_noncharted_in_public_archive,,same_album,ef7eff0e-2825-4024-8939-4377a8fd5c09,24fe9248-f327-42cf-afa3-79354645a982,15818ec5-bf34-47de-a4e5-260f98828d64
mb-f070e815-2ca8-4de4-b4a2-93098fcbd277,Selfish Girl,Rihanna,A Girl Like Me,,verified,2006-04-10,0.0,verified_noncharted_in_public_archive,,same_album,f070e815-2ca8-4de4-b4a2-93098fcbd277,1165bba4-fd39-426e-9cda-f006d5bdb9a7,51797d3d-7071-30ee-9fb3-d60aad857ef0
mb-f0d89610-432f-4486-9c4f-65eec68331eb,What I Want,Daughtry,Daughtry,,verified,2006-11-20,0.0,verified_noncharted_in_public_archive,,same_album,f0d89610-432f-4486-9c4f-65eec68331eb,f92536f8-5e65-46b3-9189-b1eb74a4a61d,a89eb3b6-efe2-3d03-86c1-7e88f66695d3
mb-f141a7af-d8d0-4b85-b112-f397267563f5,Zero,Imagine Dragons,Origins,,verified,2018-09-19,0.0,verified_noncharted_in_public_archive,,same_album,f141a7af-d8d0-4b85-b112-f397267563f5,62a50c26-dad1-4ff5-9058-489c28b1b743,042160ca-6094-42b4-8399-9e0141fa9515
mb-f1b3de93-be46-45ac-bb96-62031c989b5b,It’s All Your Fault,P!nk,Funhouse,,verified,2008-10-24,0.0,verified_noncharted_in_public_archive,,same_album,f1b3de93-be46-45ac-bb96-62031c989b5b,379ce5ef-15f0-3a41-ba88-768a072dd181,d8e89f6d-0c5b-3a05-a660-8c7367274d85
mb-f1c75389-84f4-4df6-b04c-7b399505684e,Wow.,Post Malone,Hollywood’s Bleeding,CH0050,verified,2018-12-24,1.0,verified_year_end_hit,,same_album,f1c75389-84f4-4df6-b04c-7b399505684e,f2a2c912-e2c1-48c6-bafe-fee8bc6ad353,8c9e2ca7-fad0-427c-a963-6bd535992a38
mb-f214ebed-ef6b-4d19-8752-97a965567f08,Touch It,Ariana Grande,Dangerous Woman,,pending,2016-05-20,,unknown,unresolved_metadata_identity,unmatched,f214ebed-ef6b-4d19-8752-97a965567f08,,dfd582da-ab2e-4009-9365-405bf1ad2c49
mb-f351f1f1-d99d-4a55-803b-666ebce0da48,Gotta Be Somebody,Nickelback,Dark Horse,CH0292,verified,2008-09-29,1.0,verified_year_end_hit,,same_album,f351f1f1-d99d-4a55-803b-666ebce0da48,7c93c6b6-9488-4c37-a04b-efde9029e6ab,4a62f40e-acce-3938-bdcd-c4ee3003e747
mb-f3805a9e-9ece-41fe-bed8-6a9169d3fa42,U + Ur Hand,P!nk,I’m Not Dead,CH0336,verified,2006-03-31,1.0,verified_year_end_hit,,same_album,f3805a9e-9ece-41fe-bed8-6a9169d3fa42,c11b0164-3143-3e3d-b94a-00c60b92f5e4,f38cbc7b-fbcf-3f4c-ae36-bee0c69b6778
mb-f3d59336-f486-4a49-86b9-9ce3d27fa984,way back,Travis Scott,Birds in the Trap Sing McKnight,,verified,2016-09-02,0.0,verified_noncharted_in_public_archive,,same_album,f3d59336-f486-4a49-86b9-9ce3d27fa984,e632399e-41e4-4a3c-a383-259238dfc9f3,2d87c53b-5e6b-40c6-9c37-d7fe7bec08bd
mb-f4fb45d5-a3c7-4da8-9bcc-8ae65d6b64a5,Night Changes,One Direction,Four,CH0165,verified,2014-02-16,1.0,verified_year_end_hit,,same_album,f4fb45d5-a3c7-4da8-9bcc-8ae65d6b64a5,eb7056df-4dc3-473f-a20d-ca92a0711fca,1a59a87b-24b1-41fa-8d84-ee7ebcb6f0af
mb-f5057d26-1aac-47fe-b766-18c5a28927b1,Don’t You Remember,Adele,21,,verified,2011-01-19,0.0,verified_noncharted_in_public_archive,,same_album,f5057d26-1aac-47fe-b766-18c5a28927b1,425df889-3e25-4ab9-a236-21442865bae5,e4174758-d333-4a8e-a31f-dd0edd51518e
mb-f6328ef6-62f6-4d08-8e33-e201d07e321d,Story of My Life,One Direction,Midnight Memories,CH0169,verified,2013-10-28,1.0,verified_year_end_hit,,same_album,f6328ef6-62f6-4d08-8e33-e201d07e321d,eebddbd6-fc54-4dfa-b7ba-a3899f4c60e4,81f9c781-683e-4a4e-ba86-799e3c4c4be9
mb-f7b93370-7d07-45ed-80f3-e54dd89c589a,Out of Goodbyes,Maroon 5,Hands All Over,,verified,2010-09-15,0.0,verified_noncharted_in_public_archive,,same_album,f7b93370-7d07-45ed-80f3-e54dd89c589a,5e87bd40-858e-3477-8409-51964b51e7b7,a097ca51-85d5-4109-8e0f-55189a70cb9b
mb-f83d1c45-322a-4337-a57a-1a23a93e4eea,Even Though I’m Leaving,Luke Combs,What You See Is What You Get,CH0045,verified,2018-08-27,1.0,verified_year_end_hit,,same_album,f83d1c45-322a-4337-a57a-1a23a93e4eea,5baa7297-e857-4051-8d02-a95c91234fab,e9fc93bc-1a36-4725-9f7c-10d920b7cbed
mb-f866869e-47b0-40d0-97f3-40afeeee507c,Americano,Lady Gaga,Born This Way,,verified,2011-05-20,0.0,verified_noncharted_in_public_archive,,same_album,f866869e-47b0-40d0-97f3-40afeeee507c,ef7e8e5b-aaeb-48d3-ac2a-6ee2ba903338,2e3b231b-ab9f-4d85-950a-48708a1cc2fb
mb-f87d8609-4d82-4101-871b-ba2d106d1dd9,As You Are,The Weeknd,Beauty Behind the Madness,,verified,2015-08-28,0.0,verified_noncharted_in_public_archive,,same_album,f87d8609-4d82-4101-871b-ba2d106d1dd9,bdf27448-81c4-49cb-a25a-ec8e2a0cd627,a85b8aff-fcbc-4431-95ba-d8c20bbfb77e
mb-f884a226-d8a3-4235-a8e3-7c361aea8653,blazed,Ariana Grande,Sweetener,,verified,2018-08-17,0.0,verified_noncharted_in_public_archive,,same_album,f884a226-d8a3-4235-a8e3-7c361aea8653,c3cbd845-79bc-444f-89be-21b0ccdf2ee6,58afd5f5-a3cb-43c4-a0dc-fd15fbfe33bf
mb-f9129d73-2891-4cc6-8d76-c2a69f6c7ed3,Forget That,Lil Baby,My Turn,,verified,2020-02-28,0.0,verified_noncharted_in_public_archive,,same_album,f9129d73-2891-4cc6-8d76-c2a69f6c7ed3,7e0e85cf-6d80-4c6c-a23e-5e8148b18579,77586fd3-4316-4a16-af35-51336d51df5d
mb-f92273ad-5696-47de-a1ed-e8d85c47ee28,Happily,One Direction,Midnight Memories,,verified,2013-11-25,0.0,verified_noncharted_in_public_archive,,same_album,f92273ad-5696-47de-a1ed-e8d85c47ee28,3a79d3a6-3f19-4575-9c78-ad3a28ce2937,81f9c781-683e-4a4e-ba86-799e3c4c4be9
mb-f93ab292-594b-4bdd-93dd-7abc8c905314,Beer Never Broke My Heart,Luke Combs,What You See Is What You Get,CH0064,verified,2019-05-08,1.0,verified_year_end_hit,,same_album,f93ab292-594b-4bdd-93dd-7abc8c905314,b42282b6-16b0-4b7e-b011-58994ce92d96,e9fc93bc-1a36-4725-9f7c-10d920b7cbed
mb-f9529f15-1c31-4b41-8651-a57feb7ec4b1,NO,Meghan Trainor,Thank You,CH0133,verified,2016-03-04,1.0,verified_year_end_hit,,same_album,f9529f15-1c31-4b41-8651-a57feb7ec4b1,8ad4c2ac-81e4-498e-961b-8bebbea3dd7f,dc475b10-44d7-47e8-9cb5-d1a1b3c9495d
mb-f9549acb-c874-4ea2-9dde-55b8e500db5e,Grown Woman,Beyoncé,BEYONCÉ,,pending,2013-12-13,,unknown,unresolved_metadata_identity,unmatched,f9549acb-c874-4ea2-9dde-55b8e500db5e,81097dcf-afe1-4e23-b495-5b6ed88d4ddf,8596171e-23b2-4bdd-8f1c-11960df0ecbe
mb-fa22f45d-e709-461c-a928-4b66f457d595,I’m Still Breathing,Katy Perry,One of the Boys,,verified,2008-06-17,0.0,verified_noncharted_in_public_archive,,same_album,fa22f45d-e709-461c-a928-4b66f457d595,df272014-91b7-4052-a42e-b1d7b1a94954,88f14b0b-f8d1-31b4-87ab-199145fc12d3
mb-fb0a6946-145a-46d9-bc71-1a899d96ade6,So You Can Cry,Ne‐Yo,Year of the Gentleman,,verified,2008-01-01,0.0,verified_noncharted_in_public_archive,,same_album,fb0a6946-145a-46d9-bc71-1a899d96ade6,41335538-7c2c-4f5c-8d7c-091beed393ec,f2eaa55a-757b-3b01-8c33-474dd8a8b870
mb-fb355148-1ae5-4890-bfc0-af1ca9f4f510,Final Goodbye,Rihanna,A Girl Like Me,,verified,2006-04-10,0.0,verified_noncharted_in_public_archive,,same_album,fb355148-1ae5-4890-bfc0-af1ca9f4f510,59fb4b0b-755d-4f96-92ed-643fc20fdc25,51797d3d-7071-30ee-9fb3-d60aad857ef0
mb-fb9c29d7-2bf0-4c96-a10d-5df601a77e60,In My Blood,Shawn Mendes,Shawn Mendes,CH0083,verified,2018-03-22,1.0,verified_year_end_hit,,same_album,fb9c29d7-2bf0-4c96-a10d-5df601a77e60,7730ba20-85e3-402f-b504-f3912b15d5ec,41b9c230-aee1-4f02-a01c-a2abdf4d4f36
mb-fce58226-e888-42b4-9ab2-3f3ffae504b0,Money Made Me Do It,Post Malone,Stoney,,verified,2016-12-09,0.0,verified_noncharted_in_public_archive,,same_album,fce58226-e888-42b4-9ab2-3f3ffae504b0,d58c7604-4b3a-4300-9bb5-d2c00a765bcb,3843ba6a-0b1e-48c0-bc86-2f64e6d9525c
mb-fd60e8ef-9846-478f-8f67-be3bb65a22ce,God is a woman,Ariana Grande,Sweetener,CH0089,verified,2018-07-13,1.0,verified_year_end_hit,,same_album,fd60e8ef-9846-478f-8f67-be3bb65a22ce,b7f117d7-5e23-4c96-bdf7-7890ecd93d89,58afd5f5-a3cb-43c4-a0dc-fd15fbfe33bf
mb-fd6a4015-aac9-449e-9d0a-f61ea0c91ca3,All in It,Justin Bieber,Purpose,,pending,2015-11-12,,unknown,unresolved_metadata_identity,unmatched,fd6a4015-aac9-449e-9d0a-f61ea0c91ca3,,2660de3c-56db-4bd1-bf99-e162c68e5712
mb-fe1b39c6-4f84-4f1f-b5d3-625384ef02dd,One Number Away,Luke Combs,This One’s for You,CH0096,verified,2016-06-18,1.0,verified_year_end_hit,,same_album,fe1b39c6-4f84-4f1f-b5d3-625384ef02dd,5539e4a5-4c6d-4078-8ecb-030e58fc08bc,c2418821-b690-4cb8-9944-592386299150
mb-fe33d06e-ffd4-4ad9-9474-023ac977d63e,Life in Technicolor,Coldplay,Viva la Vida or Death and All His Friends,,verified,2008-05-26,0.0,verified_noncharted_in_public_archive,,unmatched,fe33d06e-ffd4-4ad9-9474-023ac977d63e,2a07afef-446e-3a6c-9b8e-0937ce0244d5,a1084754-8bb5-3ebc-bbd2-6a27d48e798a
mb-febf4d27-dbf4-4f98-930e-252bd45481a5,Where Did the Beat Go?,P!nk,The Truth About Love,,verified,2012-09-14,0.0,verified_noncharted_in_public_archive,,same_album,febf4d27-dbf4-4f98-930e-252bd45481a5,9f82a6ff-3bc1-48e6-90ce-d1e4c988a153,74a65aea-6e59-477a-b48c-5e4d9c53dfb2
mb-ffc4cd52-96f7-4d7f-9d60-ecab98864974,Birthday,Katy Perry,PRISM,CH0177,verified,2013-10-21,1.0,verified_year_end_hit,,same_album,ffc4cd52-96f7-4d7f-9d60-ecab98864974,8c366cba-1dee-412b-be3c-ae5ce314021c,0d8b973c-fcff-4830-b645-a877b8a9a08f
